repeat,fold,source_row_id,role
0,0,1,train
0,0,2,train
0,0,3,train
0,0,4,train
0,0,5,train
0,0,6,train
0,0,8,train
0,0,9,train
0,0,10,train
0,0,13,train
0,0,14,train
0,0,15,train
0,0,16,train
0,0,17,train
0,0,18,train
0,0,19,train
0,0,20,train
0,0,22,train
0,0,23,train
0,0,25,train
0,0,26,train
0,0,29,train
0,0,31,train
0,0,32,train
0,0,34,train
0,0,35,train
0,0,36,train
0,0,37,train
0,0,38,train
0,0,41,train
0,0,42,train
0,0,43,train
0,0,44,train
0,0,46,train
0,0,47,train
0,0,48,train
0,0,49,train
0,0,50,train
0,0,51,train
0,0,52,train
0,0,54,train
0,0,55,train
0,0,56,train
0,0,57,train
0,0,58,train
0,0,59,train
0,0,60,train
0,0,63,train
0,0,64,train
0,0,66,train
0,0,67,train
0,0,68,train
0,0,72,train
0,0,73,train
0,0,74,train
0,0,77,train
0,0,78,train
0,0,79,train
0,0,80,train
0,0,81,train
0,0,82,train
0,0,83,train
0,0,84,train
0,0,85,train
0,0,86,train
0,0,89,train
0,0,90,train
0,0,91,train
0,0,93,train
0,0,94,train
0,0,95,train
0,0,97,train
0,0,98,train
0,0,99,train
0,0,103,train
0,0,105,train
0,0,109,train
0,0,110,train
0,0,111,train
0,0,112,train
0,0,113,train
0,0,114,train
0,0,115,train
0,0,116,train
0,0,118,train
0,0,119,train
0,0,120,train
0,0,121,train
0,0,122,train
0,0,123,train
0,0,125,train
0,0,126,train
0,0,128,train
0,0,129,train
0,0,130,train
0,0,131,train
0,0,132,train
0,0,133,train
0,0,134,train
0,0,135,train
0,0,136,train
0,0,137,train
0,0,138,train
0,0,139,train
0,0,140,train
0,0,141,train
0,0,144,train
0,0,145,train
0,0,146,train
0,0,147,train
0,0,148,train
0,0,150,train
0,0,151,train
0,0,152,train
0,0,153,train
0,0,154,train
0,0,155,train
0,0,156,train
0,0,157,train
0,0,158,train
0,0,162,train
0,0,163,train
0,0,164,train
0,0,165,train
0,0,166,train
0,0,167,train
0,0,168,train
0,0,169,train
0,0,170,train
0,0,171,train
0,0,173,train
0,0,177,train
0,0,178,train
0,0,179,train
0,0,180,train
0,0,181,train
0,0,182,train
0,0,184,train
0,0,185,train
0,0,187,train
0,0,188,train
0,0,189,train
0,0,190,train
0,0,191,train
0,0,192,train
0,0,193,train
0,0,194,train
0,0,195,train
0,0,196,train
0,0,197,train
0,0,198,train
0,0,199,train
0,0,201,train
0,0,202,train
0,0,203,train
0,0,204,train
0,0,206,train
0,0,207,train
0,0,208,train
0,0,211,train
0,0,213,train
0,0,215,train
0,0,216,train
0,0,217,train
0,0,218,train
0,0,219,train
0,0,220,train
0,0,221,train
0,0,223,train
0,0,224,train
0,0,225,train
0,0,227,train
0,0,229,train
0,0,231,train
0,0,232,train
0,0,233,train
0,0,237,train
0,0,238,train
0,0,239,train
0,0,240,train
0,0,241,train
0,0,243,train
0,0,244,train
0,0,245,train
0,0,247,train
0,0,248,train
0,0,250,train
0,0,251,train
0,0,252,train
0,0,253,train
0,0,254,train
0,0,255,train
0,0,256,train
0,0,258,train
0,0,260,train
0,0,261,train
0,0,264,train
0,0,265,train
0,0,266,train
0,0,267,train
0,0,268,train
0,0,269,train
0,0,270,train
0,0,271,train
0,0,272,train
0,0,275,train
0,0,276,train
0,0,277,train
0,0,279,train
0,0,280,train
0,0,281,train
0,0,282,train
0,0,283,train
0,0,284,train
0,0,285,train
0,0,286,train
0,0,287,train
0,0,288,train
0,0,289,train
0,0,290,train
0,0,291,train
0,0,293,train
0,0,295,train
0,0,297,train
0,0,298,train
0,0,299,train
0,0,300,train
0,0,301,train
0,0,303,train
0,0,305,train
0,0,306,train
0,0,307,train
0,0,308,train
0,0,309,train
0,0,310,train
0,0,311,train
0,0,313,train
0,0,314,train
0,0,315,train
0,0,316,train
0,0,318,train
0,0,319,train
0,0,321,train
0,0,323,train
0,0,324,train
0,0,325,train
0,0,326,train
0,0,327,train
0,0,329,train
0,0,333,train
0,0,334,train
0,0,335,train
0,0,337,train
0,0,338,train
0,0,339,train
0,0,340,train
0,0,341,train
0,0,342,train
0,0,343,train
0,0,345,train
0,0,346,train
0,0,348,train
0,0,350,train
0,0,351,train
0,0,352,train
0,0,353,train
0,0,354,train
0,0,355,train
0,0,356,train
0,0,357,train
0,0,358,train
0,0,359,train
0,0,360,train
0,0,361,train
0,0,362,train
0,0,363,train
0,0,364,train
0,0,365,train
0,0,366,train
0,0,368,train
0,0,369,train
0,0,370,train
0,0,371,train
0,0,372,train
0,0,374,train
0,0,375,train
0,0,377,train
0,0,378,train
0,0,379,train
0,0,381,train
0,0,382,train
0,0,383,train
0,0,384,train
0,0,385,train
0,0,386,train
0,0,387,train
0,0,390,train
0,0,391,train
0,0,392,train
0,0,393,train
0,0,394,train
0,0,395,train
0,0,396,train
0,0,398,train
0,0,399,train
0,0,400,train
0,0,401,train
0,0,402,train
0,0,403,train
0,0,404,train
0,0,405,train
0,0,406,train
0,0,407,train
0,0,409,train
0,0,410,train
0,0,412,train
0,0,414,train
0,0,415,train
0,0,417,train
0,0,418,train
0,0,419,train
0,0,420,train
0,0,421,train
0,0,422,train
0,0,423,train
0,0,424,train
0,0,425,train
0,0,426,train
0,0,427,train
0,0,428,train
0,0,429,train
0,0,431,train
0,0,432,train
0,0,433,train
0,0,434,train
0,0,435,train
0,0,436,train
0,0,437,train
0,0,439,train
0,0,440,train
0,0,441,train
0,0,442,train
0,0,443,train
0,0,444,train
0,0,445,train
0,0,446,train
0,0,448,train
0,0,449,train
0,0,451,train
0,0,452,train
0,0,453,train
0,0,454,train
0,0,456,train
0,0,457,train
0,0,459,train
0,0,460,train
0,0,461,train
0,0,462,train
0,0,463,train
0,0,464,train
0,0,465,train
0,0,466,train
0,0,467,train
0,0,468,train
0,0,469,train
0,0,470,train
0,0,471,train
0,0,472,train
0,0,473,train
0,0,474,train
0,0,475,train
0,0,476,train
0,0,477,train
0,0,478,train
0,0,479,train
0,0,481,train
0,0,482,train
0,0,484,train
0,0,486,train
0,0,487,train
0,0,489,train
0,0,490,train
0,0,491,train
0,0,492,train
0,0,493,train
0,0,494,train
0,0,495,train
0,0,496,train
0,0,499,train
0,0,500,train
0,0,501,train
0,0,502,train
0,0,503,train
0,0,504,train
0,0,505,train
0,0,506,train
0,0,507,train
0,0,508,train
0,0,509,train
0,0,510,train
0,0,511,train
0,0,512,train
0,0,513,train
0,0,514,train
0,0,515,train
0,0,516,train
0,0,517,train
0,0,518,train
0,0,519,train
0,0,520,train
0,0,523,train
0,0,524,train
0,0,525,train
0,0,526,train
0,0,527,train
0,0,528,train
0,0,532,train
0,0,533,train
0,0,534,train
0,0,535,train
0,0,536,train
0,0,537,train
0,0,539,train
0,0,540,train
0,0,541,train
0,0,543,train
0,0,545,train
0,0,546,train
0,0,547,train
0,0,548,train
0,0,549,train
0,0,550,train
0,0,551,train
0,0,553,train
0,0,554,train
0,0,555,train
0,0,556,train
0,0,557,train
0,0,558,train
0,0,559,train
0,0,560,train
0,0,561,train
0,0,562,train
0,0,563,train
0,0,564,train
0,0,565,train
0,0,566,train
0,0,568,train
0,0,569,train
0,0,570,train
0,0,571,train
0,0,572,train
0,0,573,train
0,0,574,train
0,0,575,train
0,0,576,train
0,0,577,train
0,0,578,train
0,0,579,train
0,0,580,train
0,0,581,train
0,0,582,train
0,0,584,train
0,0,585,train
0,0,586,train
0,0,587,train
0,0,588,train
0,0,589,train
0,0,590,train
0,0,591,train
0,0,592,train
0,0,593,train
0,0,595,train
0,0,596,train
0,0,597,train
0,0,598,train
0,0,599,train
0,0,600,train
0,0,601,train
0,0,603,train
0,0,604,train
0,0,605,train
0,0,606,train
0,0,607,train
0,0,608,train
0,0,609,train
0,0,610,train
0,0,611,train
0,0,613,train
0,0,614,train
0,0,615,train
0,0,616,train
0,0,617,train
0,0,620,train
0,0,621,train
0,0,622,train
0,0,623,train
0,0,625,train
0,0,626,train
0,0,627,train
0,0,628,train
0,0,629,train
0,0,630,train
0,0,631,train
0,0,632,train
0,0,633,train
0,0,635,train
0,0,636,train
0,0,638,train
0,0,639,train
0,0,640,train
0,0,641,train
0,0,642,train
0,0,643,train
0,0,644,train
0,0,645,train
0,0,646,train
0,0,647,train
0,0,648,train
0,0,650,train
0,0,651,train
0,0,652,train
0,0,653,train
0,0,654,train
0,0,655,train
0,0,656,train
0,0,657,train
0,0,658,train
0,0,661,train
0,0,663,train
0,0,664,train
0,0,665,train
0,0,666,train
0,0,667,train
0,0,670,train
0,0,673,train
0,0,674,train
0,0,675,train
0,0,676,train
0,0,677,train
0,0,680,train
0,0,681,train
0,0,682,train
0,0,683,train
0,0,684,train
0,0,685,train
0,0,686,train
0,0,687,train
0,0,688,train
0,0,690,train
0,0,691,train
0,0,692,train
0,0,693,train
0,0,694,train
0,0,695,train
0,0,696,train
0,0,697,train
0,0,699,train
0,0,700,train
0,0,701,train
0,0,703,train
0,0,704,train
0,0,705,train
0,0,707,train
0,0,708,train
0,0,710,train
0,0,711,train
0,0,713,train
0,0,714,train
0,0,715,train
0,0,717,train
0,0,721,train
0,0,722,train
0,0,723,train
0,0,724,train
0,0,725,train
0,0,727,train
0,0,728,train
0,0,729,train
0,0,730,train
0,0,732,train
0,0,733,train
0,0,735,train
0,0,736,train
0,0,737,train
0,0,738,train
0,0,740,train
0,0,741,train
0,0,743,train
0,0,745,train
0,0,747,train
0,0,749,train
0,0,750,train
0,0,751,train
0,0,752,train
0,0,753,train
0,0,754,train
0,0,755,train
0,0,757,train
0,0,758,train
0,0,759,train
0,0,760,train
0,0,761,train
0,0,762,train
0,0,763,train
0,0,764,train
0,0,765,train
0,0,767,train
0,0,768,train
0,0,769,train
0,0,770,train
0,0,771,train
0,0,772,train
0,0,773,train
0,0,774,train
0,0,775,train
0,0,776,train
0,0,777,train
0,0,778,train
0,0,779,train
0,0,780,train
0,0,781,train
0,0,783,train
0,0,785,train
0,0,786,train
0,0,787,train
0,0,788,train
0,0,789,train
0,0,790,train
0,0,791,train
0,0,792,train
0,0,793,train
0,0,794,train
0,0,796,train
0,0,797,train
0,0,799,train
0,0,800,train
0,0,801,train
0,0,802,train
0,0,804,train
0,0,806,train
0,0,807,train
0,0,808,train
0,0,809,train
0,0,810,train
0,0,811,train
0,0,812,train
0,0,813,train
0,0,814,train
0,0,815,train
0,0,816,train
0,0,817,train
0,0,818,train
0,0,819,train
0,0,820,train
0,0,821,train
0,0,822,train
0,0,823,train
0,0,824,train
0,0,826,train
0,0,828,train
0,0,829,train
0,0,832,train
0,0,833,train
0,0,834,train
0,0,835,train
0,0,836,train
0,0,837,train
0,0,838,train
0,0,839,train
0,0,840,train
0,0,841,train
0,0,842,train
0,0,844,train
0,0,845,train
0,0,846,train
0,0,849,train
0,0,850,train
0,0,851,train
0,0,853,train
0,0,854,train
0,0,855,train
0,0,856,train
0,0,857,train
0,0,858,train
0,0,859,train
0,0,860,train
0,0,861,train
0,0,862,train
0,0,863,train
0,0,864,train
0,0,865,train
0,0,866,train
0,0,867,train
0,0,868,train
0,0,869,train
0,0,870,train
0,0,871,train
0,0,872,train
0,0,873,train
0,0,874,train
0,0,875,train
0,0,876,train
0,0,877,train
0,0,878,train
0,0,879,train
0,0,880,train
0,0,884,train
0,0,885,train
0,0,886,train
0,0,887,train
0,0,888,train
0,0,890,train
0,0,891,train
0,0,892,train
0,0,894,train
0,0,895,train
0,0,896,train
0,0,898,train
0,0,900,train
0,0,901,train
0,0,902,train
0,0,903,train
0,0,904,train
0,0,906,train
0,0,907,train
0,0,909,train
0,0,911,train
0,0,912,train
0,0,915,train
0,0,916,train
0,0,917,train
0,0,918,train
0,0,919,train
0,0,920,train
0,0,922,train
0,0,923,train
0,0,924,train
0,0,925,train
0,0,926,train
0,0,927,train
0,0,928,train
0,0,929,train
0,0,930,train
0,0,931,train
0,0,933,train
0,0,934,train
0,0,936,train
0,0,937,train
0,0,939,train
0,0,941,train
0,0,942,train
0,0,944,train
0,0,945,train
0,0,946,train
0,0,948,train
0,0,949,train
0,0,950,train
0,0,951,train
0,0,952,train
0,0,953,train
0,0,954,train
0,0,955,train
0,0,956,train
0,0,957,train
0,0,958,train
0,0,959,train
0,0,960,train
0,0,961,train
0,0,962,train
0,0,963,train
0,0,964,train
0,0,965,train
0,0,967,train
0,0,969,train
0,0,970,train
0,0,972,train
0,0,973,train
0,0,974,train
0,0,975,train
0,0,976,train
0,0,977,train
0,0,978,train
0,0,979,train
0,0,980,train
0,0,981,train
0,0,984,train
0,0,985,train
0,0,986,train
0,0,987,train
0,0,988,train
0,0,989,train
0,0,990,train
0,0,991,train
0,0,992,train
0,0,993,train
0,0,994,train
0,0,995,train
0,0,996,train
0,0,997,train
0,0,998,train
0,0,1000,train
0,0,1001,train
0,0,1002,train
0,0,1003,train
0,0,1004,train
0,0,1006,train
0,0,1007,train
0,0,1008,train
0,0,1009,train
0,0,1010,train
0,0,1011,train
0,0,1012,train
0,0,1013,train
0,0,1014,train
0,0,1015,train
0,0,1017,train
0,0,1018,train
0,0,1020,train
0,0,1021,train
0,0,1022,train
0,0,1023,train
0,0,1024,train
0,0,1027,train
0,0,1028,train
0,0,1029,train
0,0,1030,train
0,0,1031,train
0,0,1032,train
0,0,1033,train
0,0,1035,train
0,0,1036,train
0,0,1037,train
0,0,1040,train
0,0,1041,train
0,0,1042,train
0,0,1043,train
0,0,1045,train
0,0,1046,train
0,0,1047,train
0,0,1048,train
0,0,1049,train
0,0,1050,train
0,0,1051,train
0,0,1052,train
0,0,1053,train
0,0,1054,train
0,0,1055,train
0,0,1057,train
0,0,1061,train
0,0,1062,train
0,0,1063,train
0,0,1064,train
0,0,1065,train
0,0,1066,train
0,0,1067,train
0,0,1068,train
0,0,1069,train
0,0,1070,train
0,0,1071,train
0,0,1073,train
0,0,1074,train
0,0,1075,train
0,0,1076,train
0,0,1080,train
0,0,1081,train
0,0,1082,train
0,0,1084,train
0,0,1085,train
0,0,1086,train
0,0,1087,train
0,0,1088,train
0,0,1091,train
0,0,1093,train
0,0,1094,train
0,0,1095,train
0,0,1098,train
0,0,1099,train
0,0,0,valid
0,0,7,valid
0,0,11,valid
0,0,12,valid
0,0,21,valid
0,0,24,valid
0,0,27,valid
0,0,28,valid
0,0,30,valid
0,0,33,valid
0,0,39,valid
0,0,40,valid
0,0,45,valid
0,0,53,valid
0,0,61,valid
0,0,62,valid
0,0,65,valid
0,0,69,valid
0,0,70,valid
0,0,71,valid
0,0,75,valid
0,0,76,valid
0,0,87,valid
0,0,88,valid
0,0,92,valid
0,0,96,valid
0,0,100,valid
0,0,101,valid
0,0,102,valid
0,0,104,valid
0,0,106,valid
0,0,107,valid
0,0,108,valid
0,0,117,valid
0,0,124,valid
0,0,127,valid
0,0,142,valid
0,0,143,valid
0,0,149,valid
0,0,159,valid
0,0,160,valid
0,0,161,valid
0,0,172,valid
0,0,174,valid
0,0,175,valid
0,0,176,valid
0,0,183,valid
0,0,186,valid
0,0,200,valid
0,0,205,valid
0,0,209,valid
0,0,210,valid
0,0,212,valid
0,0,214,valid
0,0,222,valid
0,0,226,valid
0,0,228,valid
0,0,230,valid
0,0,234,valid
0,0,235,valid
0,0,236,valid
0,0,242,valid
0,0,246,valid
0,0,249,valid
0,0,257,valid
0,0,259,valid
0,0,262,valid
0,0,263,valid
0,0,273,valid
0,0,274,valid
0,0,278,valid
0,0,292,valid
0,0,294,valid
0,0,296,valid
0,0,302,valid
0,0,304,valid
0,0,312,valid
0,0,317,valid
0,0,320,valid
0,0,322,valid
0,0,328,valid
0,0,330,valid
0,0,331,valid
0,0,332,valid
0,0,336,valid
0,0,344,valid
0,0,347,valid
0,0,349,valid
0,0,367,valid
0,0,373,valid
0,0,376,valid
0,0,380,valid
0,0,388,valid
0,0,389,valid
0,0,397,valid
0,0,408,valid
0,0,411,valid
0,0,413,valid
0,0,416,valid
0,0,430,valid
0,0,438,valid
0,0,447,valid
0,0,450,valid
0,0,455,valid
0,0,458,valid
0,0,480,valid
0,0,483,valid
0,0,485,valid
0,0,488,valid
0,0,497,valid
0,0,498,valid
0,0,521,valid
0,0,522,valid
0,0,529,valid
0,0,530,valid
0,0,531,valid
0,0,538,valid
0,0,542,valid
0,0,544,valid
0,0,552,valid
0,0,567,valid
0,0,583,valid
0,0,594,valid
0,0,602,valid
0,0,612,valid
0,0,618,valid
0,0,619,valid
0,0,624,valid
0,0,634,valid
0,0,637,valid
0,0,649,valid
0,0,659,valid
0,0,660,valid
0,0,662,valid
0,0,668,valid
0,0,669,valid
0,0,671,valid
0,0,672,valid
0,0,678,valid
0,0,679,valid
0,0,689,valid
0,0,698,valid
0,0,702,valid
0,0,706,valid
0,0,709,valid
0,0,712,valid
0,0,716,valid
0,0,718,valid
0,0,719,valid
0,0,720,valid
0,0,726,valid
0,0,731,valid
0,0,734,valid
0,0,739,valid
0,0,742,valid
0,0,744,valid
0,0,746,valid
0,0,748,valid
0,0,756,valid
0,0,766,valid
0,0,782,valid
0,0,784,valid
0,0,795,valid
0,0,798,valid
0,0,803,valid
0,0,825,valid
0,0,827,valid
0,0,830,valid
0,0,831,valid
0,0,843,valid
0,0,847,valid
0,0,848,valid
0,0,852,valid
0,0,881,valid
0,0,882,valid
0,0,883,valid
0,0,893,valid
0,0,897,valid
0,0,899,valid
0,0,905,valid
0,0,908,valid
0,0,910,valid
0,0,913,valid
0,0,914,valid
0,0,921,valid
0,0,932,valid
0,0,935,valid
0,0,938,valid
0,0,940,valid
0,0,943,valid
0,0,947,valid
0,0,966,valid
0,0,968,valid
0,0,971,valid
0,0,982,valid
0,0,983,valid
0,0,999,valid
0,0,1005,valid
0,0,1016,valid
0,0,1019,valid
0,0,1025,valid
0,0,1026,valid
0,0,1034,valid
0,0,1038,valid
0,0,1039,valid
0,0,1044,valid
0,0,1056,valid
0,0,1058,valid
0,0,1059,valid
0,0,1060,valid
0,0,1072,valid
0,0,1077,valid
0,0,1078,valid
0,0,1079,valid
0,0,1083,valid
0,0,1089,valid
0,0,1090,valid
0,0,1092,valid
0,0,1096,valid
0,0,1097,valid
0,1,0,train
0,1,1,train
0,1,2,train
0,1,3,train
0,1,7,train
0,1,8,train
0,1,10,train
0,1,11,train
0,1,12,train
0,1,14,train
0,1,17,train
0,1,18,train
0,1,19,train
0,1,20,train
0,1,21,train
0,1,23,train
0,1,24,train
0,1,25,train
0,1,27,train
0,1,28,train
0,1,29,train
0,1,30,train
0,1,32,train
0,1,33,train
0,1,34,train
0,1,35,train
0,1,36,train
0,1,37,train
0,1,38,train
0,1,39,train
0,1,40,train
0,1,41,train
0,1,43,train
0,1,44,train
0,1,45,train
0,1,46,train
0,1,47,train
0,1,48,train
0,1,49,train
0,1,50,train
0,1,51,train
0,1,52,train
0,1,53,train
0,1,54,train
0,1,56,train
0,1,57,train
0,1,58,train
0,1,59,train
0,1,60,train
0,1,61,train
0,1,62,train
0,1,63,train
0,1,64,train
0,1,65,train
0,1,66,train
0,1,67,train
0,1,68,train
0,1,69,train
0,1,70,train
0,1,71,train
0,1,72,train
0,1,73,train
0,1,74,train
0,1,75,train
0,1,76,train
0,1,77,train
0,1,79,train
0,1,80,train
0,1,81,train
0,1,82,train
0,1,83,train
0,1,84,train
0,1,87,train
0,1,88,train
0,1,89,train
0,1,91,train
0,1,92,train
0,1,93,train
0,1,94,train
0,1,95,train
0,1,96,train
0,1,97,train
0,1,99,train
0,1,100,train
0,1,101,train
0,1,102,train
0,1,104,train
0,1,106,train
0,1,107,train
0,1,108,train
0,1,109,train
0,1,110,train
0,1,112,train
0,1,116,train
0,1,117,train
0,1,118,train
0,1,119,train
0,1,122,train
0,1,124,train
0,1,125,train
0,1,126,train
0,1,127,train
0,1,128,train
0,1,129,train
0,1,130,train
0,1,131,train
0,1,133,train
0,1,134,train
0,1,135,train
0,1,136,train
0,1,137,train
0,1,138,train
0,1,139,train
0,1,141,train
0,1,142,train
0,1,143,train
0,1,144,train
0,1,145,train
0,1,147,train
0,1,148,train
0,1,149,train
0,1,150,train
0,1,151,train
0,1,153,train
0,1,154,train
0,1,155,train
0,1,156,train
0,1,157,train
0,1,158,train
0,1,159,train
0,1,160,train
0,1,161,train
0,1,162,train
0,1,163,train
0,1,164,train
0,1,165,train
0,1,166,train
0,1,167,train
0,1,168,train
0,1,169,train
0,1,172,train
0,1,173,train
0,1,174,train
0,1,175,train
0,1,176,train
0,1,177,train
0,1,179,train
0,1,181,train
0,1,183,train
0,1,184,train
0,1,185,train
0,1,186,train
0,1,188,train
0,1,190,train
0,1,191,train
0,1,192,train
0,1,193,train
0,1,194,train
0,1,195,train
0,1,198,train
0,1,199,train
0,1,200,train
0,1,201,train
0,1,203,train
0,1,204,train
0,1,205,train
0,1,206,train
0,1,207,train
0,1,208,train
0,1,209,train
0,1,210,train
0,1,211,train
0,1,212,train
0,1,214,train
0,1,215,train
0,1,216,train
0,1,217,train
0,1,218,train
0,1,220,train
0,1,221,train
0,1,222,train
0,1,223,train
0,1,224,train
0,1,226,train
0,1,228,train
0,1,229,train
0,1,230,train
0,1,231,train
0,1,234,train
0,1,235,train
0,1,236,train
0,1,237,train
0,1,238,train
0,1,239,train
0,1,240,train
0,1,241,train
0,1,242,train
0,1,243,train
0,1,244,train
0,1,246,train
0,1,247,train
0,1,248,train
0,1,249,train
0,1,250,train
0,1,252,train
0,1,253,train
0,1,254,train
0,1,256,train
0,1,257,train
0,1,258,train
0,1,259,train
0,1,260,train
0,1,262,train
0,1,263,train
0,1,264,train
0,1,265,train
0,1,266,train
0,1,267,train
0,1,268,train
0,1,269,train
0,1,270,train
0,1,271,train
0,1,272,train
0,1,273,train
0,1,274,train
0,1,275,train
0,1,276,train
0,1,277,train
0,1,278,train
0,1,279,train
0,1,280,train
0,1,281,train
0,1,283,train
0,1,284,train
0,1,286,train
0,1,288,train
0,1,289,train
0,1,290,train
0,1,291,train
0,1,292,train
0,1,293,train
0,1,294,train
0,1,295,train
0,1,296,train
0,1,297,train
0,1,298,train
0,1,300,train
0,1,302,train
0,1,303,train
0,1,304,train
0,1,305,train
0,1,306,train
0,1,307,train
0,1,308,train
0,1,309,train
0,1,310,train
0,1,311,train
0,1,312,train
0,1,313,train
0,1,314,train
0,1,315,train
0,1,317,train
0,1,319,train
0,1,320,train
0,1,321,train
0,1,322,train
0,1,323,train
0,1,324,train
0,1,325,train
0,1,326,train
0,1,328,train
0,1,330,train
0,1,331,train
0,1,332,train
0,1,333,train
0,1,335,train
0,1,336,train
0,1,337,train
0,1,338,train
0,1,339,train
0,1,340,train
0,1,341,train
0,1,342,train
0,1,343,train
0,1,344,train
0,1,345,train
0,1,347,train
0,1,348,train
0,1,349,train
0,1,350,train
0,1,351,train
0,1,352,train
0,1,353,train
0,1,354,train
0,1,355,train
0,1,356,train
0,1,357,train
0,1,358,train
0,1,360,train
0,1,361,train
0,1,362,train
0,1,363,train
0,1,364,train
0,1,365,train
0,1,367,train
0,1,370,train
0,1,371,train
0,1,372,train
0,1,373,train
0,1,374,train
0,1,376,train
0,1,377,train
0,1,378,train
0,1,379,train
0,1,380,train
0,1,381,train
0,1,382,train
0,1,383,train
0,1,384,train
0,1,385,train
0,1,388,train
0,1,389,train
0,1,390,train
0,1,392,train
0,1,393,train
0,1,394,train
0,1,396,train
0,1,397,train
0,1,398,train
0,1,399,train
0,1,404,train
0,1,405,train
0,1,406,train
0,1,407,train
0,1,408,train
0,1,409,train
0,1,410,train
0,1,411,train
0,1,413,train
0,1,414,train
0,1,415,train
0,1,416,train
0,1,417,train
0,1,418,train
0,1,419,train
0,1,420,train
0,1,421,train
0,1,422,train
0,1,423,train
0,1,425,train
0,1,426,train
0,1,428,train
0,1,429,train
0,1,430,train
0,1,431,train
0,1,432,train
0,1,433,train
0,1,434,train
0,1,435,train
0,1,436,train
0,1,437,train
0,1,438,train
0,1,439,train
0,1,440,train
0,1,441,train
0,1,443,train
0,1,444,train
0,1,445,train
0,1,446,train
0,1,447,train
0,1,448,train
0,1,449,train
0,1,450,train
0,1,451,train
0,1,452,train
0,1,453,train
0,1,454,train
0,1,455,train
0,1,456,train
0,1,457,train
0,1,458,train
0,1,459,train
0,1,460,train
0,1,461,train
0,1,462,train
0,1,463,train
0,1,465,train
0,1,466,train
0,1,469,train
0,1,470,train
0,1,471,train
0,1,472,train
0,1,473,train
0,1,476,train
0,1,478,train
0,1,479,train
0,1,480,train
0,1,481,train
0,1,482,train
0,1,483,train
0,1,484,train
0,1,485,train
0,1,488,train
0,1,489,train
0,1,491,train
0,1,492,train
0,1,493,train
0,1,494,train
0,1,495,train
0,1,497,train
0,1,498,train
0,1,499,train
0,1,502,train
0,1,503,train
0,1,504,train
0,1,505,train
0,1,508,train
0,1,509,train
0,1,510,train
0,1,511,train
0,1,512,train
0,1,515,train
0,1,516,train
0,1,517,train
0,1,518,train
0,1,519,train
0,1,520,train
0,1,521,train
0,1,522,train
0,1,523,train
0,1,524,train
0,1,526,train
0,1,527,train
0,1,528,train
0,1,529,train
0,1,530,train
0,1,531,train
0,1,532,train
0,1,533,train
0,1,534,train
0,1,535,train
0,1,536,train
0,1,537,train
0,1,538,train
0,1,539,train
0,1,540,train
0,1,542,train
0,1,543,train
0,1,544,train
0,1,545,train
0,1,546,train
0,1,547,train
0,1,548,train
0,1,549,train
0,1,550,train
0,1,551,train
0,1,552,train
0,1,553,train
0,1,554,train
0,1,555,train
0,1,557,train
0,1,559,train
0,1,561,train
0,1,562,train
0,1,563,train
0,1,565,train
0,1,567,train
0,1,568,train
0,1,569,train
0,1,570,train
0,1,572,train
0,1,573,train
0,1,574,train
0,1,576,train
0,1,577,train
0,1,578,train
0,1,581,train
0,1,582,train
0,1,583,train
0,1,585,train
0,1,586,train
0,1,587,train
0,1,588,train
0,1,589,train
0,1,590,train
0,1,591,train
0,1,592,train
0,1,593,train
0,1,594,train
0,1,595,train
0,1,596,train
0,1,599,train
0,1,602,train
0,1,603,train
0,1,605,train
0,1,606,train
0,1,608,train
0,1,609,train
0,1,611,train
0,1,612,train
0,1,613,train
0,1,616,train
0,1,617,train
0,1,618,train
0,1,619,train
0,1,620,train
0,1,621,train
0,1,622,train
0,1,623,train
0,1,624,train
0,1,625,train
0,1,626,train
0,1,627,train
0,1,628,train
0,1,629,train
0,1,631,train
0,1,632,train
0,1,633,train
0,1,634,train
0,1,635,train
0,1,637,train
0,1,638,train
0,1,640,train
0,1,641,train
0,1,642,train
0,1,643,train
0,1,645,train
0,1,646,train
0,1,648,train
0,1,649,train
0,1,650,train
0,1,651,train
0,1,653,train
0,1,654,train
0,1,655,train
0,1,659,train
0,1,660,train
0,1,662,train
0,1,663,train
0,1,664,train
0,1,666,train
0,1,667,train
0,1,668,train
0,1,669,train
0,1,670,train
0,1,671,train
0,1,672,train
0,1,673,train
0,1,674,train
0,1,675,train
0,1,676,train
0,1,677,train
0,1,678,train
0,1,679,train
0,1,680,train
0,1,682,train
0,1,683,train
0,1,684,train
0,1,687,train
0,1,688,train
0,1,689,train
0,1,690,train
0,1,691,train
0,1,692,train
0,1,694,train
0,1,695,train
0,1,696,train
0,1,697,train
0,1,698,train
0,1,699,train
0,1,700,train
0,1,701,train
0,1,702,train
0,1,705,train
0,1,706,train
0,1,707,train
0,1,708,train
0,1,709,train
0,1,711,train
0,1,712,train
0,1,713,train
0,1,714,train
0,1,716,train
0,1,717,train
0,1,718,train
0,1,719,train
0,1,720,train
0,1,721,train
0,1,722,train
0,1,723,train
0,1,725,train
0,1,726,train
0,1,731,train
0,1,732,train
0,1,734,train
0,1,735,train
0,1,736,train
0,1,737,train
0,1,739,train
0,1,740,train
0,1,742,train
0,1,743,train
0,1,744,train
0,1,745,train
0,1,746,train
0,1,747,train
0,1,748,train
0,1,749,train
0,1,750,train
0,1,752,train
0,1,753,train
0,1,755,train
0,1,756,train
0,1,757,train
0,1,759,train
0,1,760,train
0,1,761,train
0,1,763,train
0,1,764,train
0,1,766,train
0,1,768,train
0,1,769,train
0,1,770,train
0,1,771,train
0,1,772,train
0,1,773,train
0,1,774,train
0,1,775,train
0,1,776,train
0,1,777,train
0,1,778,train
0,1,779,train
0,1,780,train
0,1,782,train
0,1,783,train
0,1,784,train
0,1,785,train
0,1,786,train
0,1,787,train
0,1,789,train
0,1,790,train
0,1,791,train
0,1,792,train
0,1,793,train
0,1,794,train
0,1,795,train
0,1,796,train
0,1,797,train
0,1,798,train
0,1,799,train
0,1,800,train
0,1,801,train
0,1,802,train
0,1,803,train
0,1,807,train
0,1,808,train
0,1,809,train
0,1,810,train
0,1,811,train
0,1,812,train
0,1,813,train
0,1,815,train
0,1,816,train
0,1,817,train
0,1,818,train
0,1,821,train
0,1,823,train
0,1,824,train
0,1,825,train
0,1,826,train
0,1,827,train
0,1,830,train
0,1,831,train
0,1,834,train
0,1,835,train
0,1,837,train
0,1,838,train
0,1,839,train
0,1,840,train
0,1,843,train
0,1,844,train
0,1,845,train
0,1,846,train
0,1,847,train
0,1,848,train
0,1,849,train
0,1,850,train
0,1,852,train
0,1,853,train
0,1,854,train
0,1,855,train
0,1,856,train
0,1,857,train
0,1,858,train
0,1,859,train
0,1,860,train
0,1,863,train
0,1,864,train
0,1,865,train
0,1,866,train
0,1,868,train
0,1,870,train
0,1,871,train
0,1,873,train
0,1,874,train
0,1,876,train
0,1,877,train
0,1,880,train
0,1,881,train
0,1,882,train
0,1,883,train
0,1,884,train
0,1,885,train
0,1,888,train
0,1,892,train
0,1,893,train
0,1,894,train
0,1,895,train
0,1,897,train
0,1,898,train
0,1,899,train
0,1,900,train
0,1,902,train
0,1,903,train
0,1,904,train
0,1,905,train
0,1,906,train
0,1,908,train
0,1,910,train
0,1,911,train
0,1,912,train
0,1,913,train
0,1,914,train
0,1,916,train
0,1,917,train
0,1,920,train
0,1,921,train
0,1,922,train
0,1,923,train
0,1,924,train
0,1,925,train
0,1,926,train
0,1,927,train
0,1,928,train
0,1,929,train
0,1,930,train
0,1,931,train
0,1,932,train
0,1,933,train
0,1,934,train
0,1,935,train
0,1,936,train
0,1,937,train
0,1,938,train
0,1,939,train
0,1,940,train
0,1,941,train
0,1,943,train
0,1,945,train
0,1,946,train
0,1,947,train
0,1,948,train
0,1,950,train
0,1,951,train
0,1,953,train
0,1,954,train
0,1,955,train
0,1,956,train
0,1,957,train
0,1,958,train
0,1,959,train
0,1,963,train
0,1,964,train
0,1,965,train
0,1,966,train
0,1,967,train
0,1,968,train
0,1,969,train
0,1,970,train
0,1,971,train
0,1,973,train
0,1,974,train
0,1,976,train
0,1,977,train
0,1,979,train
0,1,980,train
0,1,981,train
0,1,982,train
0,1,983,train
0,1,984,train
0,1,985,train
0,1,987,train
0,1,988,train
0,1,991,train
0,1,992,train
0,1,993,train
0,1,995,train
0,1,996,train
0,1,998,train
0,1,999,train
0,1,1001,train
0,1,1003,train
0,1,1005,train
0,1,1006,train
0,1,1007,train
0,1,1008,train
0,1,1010,train
0,1,1012,train
0,1,1013,train
0,1,1014,train
0,1,1015,train
0,1,1016,train
0,1,1018,train
0,1,1019,train
0,1,1022,train
0,1,1023,train
0,1,1024,train
0,1,1025,train
0,1,1026,train
0,1,1027,train
0,1,1028,train
0,1,1029,train
0,1,1030,train
0,1,1031,train
0,1,1032,train
0,1,1033,train
0,1,1034,train
0,1,1035,train
0,1,1038,train
0,1,1039,train
0,1,1040,train
0,1,1044,train
0,1,1045,train
0,1,1046,train
0,1,1047,train
0,1,1048,train
0,1,1049,train
0,1,1050,train
0,1,1051,train
0,1,1052,train
0,1,1053,train
0,1,1054,train
0,1,1056,train
0,1,1057,train
0,1,1058,train
0,1,1059,train
0,1,1060,train
0,1,1061,train
0,1,1062,train
0,1,1063,train
0,1,1064,train
0,1,1065,train
0,1,1066,train
0,1,1067,train
0,1,1069,train
0,1,1070,train
0,1,1071,train
0,1,1072,train
0,1,1074,train
0,1,1075,train
0,1,1076,train
0,1,1077,train
0,1,1078,train
0,1,1079,train
0,1,1081,train
0,1,1083,train
0,1,1084,train
0,1,1085,train
0,1,1087,train
0,1,1088,train
0,1,1089,train
0,1,1090,train
0,1,1091,train
0,1,1092,train
0,1,1095,train
0,1,1096,train
0,1,1097,train
0,1,1098,train
0,1,4,valid
0,1,5,valid
0,1,6,valid
0,1,9,valid
0,1,13,valid
0,1,15,valid
0,1,16,valid
0,1,22,valid
0,1,26,valid
0,1,31,valid
0,1,42,valid
0,1,55,valid
0,1,78,valid
0,1,85,valid
0,1,86,valid
0,1,90,valid
0,1,98,valid
0,1,103,valid
0,1,105,valid
0,1,111,valid
0,1,113,valid
0,1,114,valid
0,1,115,valid
0,1,120,valid
0,1,121,valid
0,1,123,valid
0,1,132,valid
0,1,140,valid
0,1,146,valid
0,1,152,valid
0,1,170,valid
0,1,171,valid
0,1,178,valid
0,1,180,valid
0,1,182,valid
0,1,187,valid
0,1,189,valid
0,1,196,valid
0,1,197,valid
0,1,202,valid
0,1,213,valid
0,1,219,valid
0,1,225,valid
0,1,227,valid
0,1,232,valid
0,1,233,valid
0,1,245,valid
0,1,251,valid
0,1,255,valid
0,1,261,valid
0,1,282,valid
0,1,285,valid
0,1,287,valid
0,1,299,valid
0,1,301,valid
0,1,316,valid
0,1,318,valid
0,1,327,valid
0,1,329,valid
0,1,334,valid
0,1,346,valid
0,1,359,valid
0,1,366,valid
0,1,368,valid
0,1,369,valid
0,1,375,valid
0,1,386,valid
0,1,387,valid
0,1,391,valid
0,1,395,valid
0,1,400,valid
0,1,401,valid
0,1,402,valid
0,1,403,valid
0,1,412,valid
0,1,424,valid
0,1,427,valid
0,1,442,valid
0,1,464,valid
0,1,467,valid
0,1,468,valid
0,1,474,valid
0,1,475,valid
0,1,477,valid
0,1,486,valid
0,1,487,valid
0,1,490,valid
0,1,496,valid
0,1,500,valid
0,1,501,valid
0,1,506,valid
0,1,507,valid
0,1,513,valid
0,1,514,valid
0,1,525,valid
0,1,541,valid
0,1,556,valid
0,1,558,valid
0,1,560,valid
0,1,564,valid
0,1,566,valid
0,1,571,valid
0,1,575,valid
0,1,579,valid
0,1,580,valid
0,1,584,valid
0,1,597,valid
0,1,598,valid
0,1,600,valid
0,1,601,valid
0,1,604,valid
0,1,607,valid
0,1,610,valid
0,1,614,valid
0,1,615,valid
0,1,630,valid
0,1,636,valid
0,1,639,valid
0,1,644,valid
0,1,647,valid
0,1,652,valid
0,1,656,valid
0,1,657,valid
0,1,658,valid
0,1,661,valid
0,1,665,valid
0,1,681,valid
0,1,685,valid
0,1,686,valid
0,1,693,valid
0,1,703,valid
0,1,704,valid
0,1,710,valid
0,1,715,valid
0,1,724,valid
0,1,727,valid
0,1,728,valid
0,1,729,valid
0,1,730,valid
0,1,733,valid
0,1,738,valid
0,1,741,valid
0,1,751,valid
0,1,754,valid
0,1,758,valid
0,1,762,valid
0,1,765,valid
0,1,767,valid
0,1,781,valid
0,1,788,valid
0,1,804,valid
0,1,806,valid
0,1,814,valid
0,1,819,valid
0,1,820,valid
0,1,822,valid
0,1,828,valid
0,1,829,valid
0,1,832,valid
0,1,833,valid
0,1,836,valid
0,1,841,valid
0,1,842,valid
0,1,851,valid
0,1,861,valid
0,1,862,valid
0,1,867,valid
0,1,869,valid
0,1,872,valid
0,1,875,valid
0,1,878,valid
0,1,879,valid
0,1,886,valid
0,1,887,valid
0,1,890,valid
0,1,891,valid
0,1,896,valid
0,1,901,valid
0,1,907,valid
0,1,909,valid
0,1,915,valid
0,1,918,valid
0,1,919,valid
0,1,942,valid
0,1,944,valid
0,1,949,valid
0,1,952,valid
0,1,960,valid
0,1,961,valid
0,1,962,valid
0,1,972,valid
0,1,975,valid
0,1,978,valid
0,1,986,valid
0,1,989,valid
0,1,990,valid
0,1,994,valid
0,1,997,valid
0,1,1000,valid
0,1,1002,valid
0,1,1004,valid
0,1,1009,valid
0,1,1011,valid
0,1,1017,valid
0,1,1020,valid
0,1,1021,valid
0,1,1036,valid
0,1,1037,valid
0,1,1041,valid
0,1,1042,valid
0,1,1043,valid
0,1,1055,valid
0,1,1068,valid
0,1,1073,valid
0,1,1080,valid
0,1,1082,valid
0,1,1086,valid
0,1,1093,valid
0,1,1094,valid
0,1,1099,valid
0,2,0,train
0,2,2,train
0,2,3,train
0,2,4,train
0,2,5,train
0,2,6,train
0,2,7,train
0,2,9,train
0,2,10,train
0,2,11,train
0,2,12,train
0,2,13,train
0,2,14,train
0,2,15,train
0,2,16,train
0,2,17,train
0,2,18,train
0,2,19,train
0,2,20,train
0,2,21,train
0,2,22,train
0,2,23,train
0,2,24,train
0,2,26,train
0,2,27,train
0,2,28,train
0,2,29,train
0,2,30,train
0,2,31,train
0,2,32,train
0,2,33,train
0,2,34,train
0,2,35,train
0,2,38,train
0,2,39,train
0,2,40,train
0,2,41,train
0,2,42,train
0,2,43,train
0,2,44,train
0,2,45,train
0,2,46,train
0,2,47,train
0,2,48,train
0,2,49,train
0,2,50,train
0,2,52,train
0,2,53,train
0,2,54,train
0,2,55,train
0,2,58,train
0,2,59,train
0,2,60,train
0,2,61,train
0,2,62,train
0,2,63,train
0,2,64,train
0,2,65,train
0,2,66,train
0,2,68,train
0,2,69,train
0,2,70,train
0,2,71,train
0,2,72,train
0,2,73,train
0,2,74,train
0,2,75,train
0,2,76,train
0,2,78,train
0,2,79,train
0,2,81,train
0,2,82,train
0,2,84,train
0,2,85,train
0,2,86,train
0,2,87,train
0,2,88,train
0,2,89,train
0,2,90,train
0,2,91,train
0,2,92,train
0,2,93,train
0,2,94,train
0,2,95,train
0,2,96,train
0,2,98,train
0,2,99,train
0,2,100,train
0,2,101,train
0,2,102,train
0,2,103,train
0,2,104,train
0,2,105,train
0,2,106,train
0,2,107,train
0,2,108,train
0,2,110,train
0,2,111,train
0,2,112,train
0,2,113,train
0,2,114,train
0,2,115,train
0,2,116,train
0,2,117,train
0,2,120,train
0,2,121,train
0,2,122,train
0,2,123,train
0,2,124,train
0,2,125,train
0,2,127,train
0,2,128,train
0,2,129,train
0,2,130,train
0,2,132,train
0,2,133,train
0,2,134,train
0,2,136,train
0,2,137,train
0,2,138,train
0,2,139,train
0,2,140,train
0,2,142,train
0,2,143,train
0,2,145,train
0,2,146,train
0,2,147,train
0,2,148,train
0,2,149,train
0,2,151,train
0,2,152,train
0,2,154,train
0,2,156,train
0,2,158,train
0,2,159,train
0,2,160,train
0,2,161,train
0,2,162,train
0,2,163,train
0,2,165,train
0,2,166,train
0,2,167,train
0,2,168,train
0,2,169,train
0,2,170,train
0,2,171,train
0,2,172,train
0,2,173,train
0,2,174,train
0,2,175,train
0,2,176,train
0,2,178,train
0,2,180,train
0,2,182,train
0,2,183,train
0,2,184,train
0,2,185,train
0,2,186,train
0,2,187,train
0,2,189,train
0,2,191,train
0,2,194,train
0,2,195,train
0,2,196,train
0,2,197,train
0,2,198,train
0,2,200,train
0,2,201,train
0,2,202,train
0,2,204,train
0,2,205,train
0,2,206,train
0,2,208,train
0,2,209,train
0,2,210,train
0,2,211,train
0,2,212,train
0,2,213,train
0,2,214,train
0,2,215,train
0,2,216,train
0,2,217,train
0,2,218,train
0,2,219,train
0,2,220,train
0,2,221,train
0,2,222,train
0,2,223,train
0,2,224,train
0,2,225,train
0,2,226,train
0,2,227,train
0,2,228,train
0,2,230,train
0,2,231,train
0,2,232,train
0,2,233,train
0,2,234,train
0,2,235,train
0,2,236,train
0,2,237,train
0,2,238,train
0,2,239,train
0,2,240,train
0,2,241,train
0,2,242,train
0,2,243,train
0,2,244,train
0,2,245,train
0,2,246,train
0,2,248,train
0,2,249,train
0,2,250,train
0,2,251,train
0,2,255,train
0,2,256,train
0,2,257,train
0,2,258,train
0,2,259,train
0,2,261,train
0,2,262,train
0,2,263,train
0,2,266,train
0,2,267,train
0,2,268,train
0,2,269,train
0,2,273,train
0,2,274,train
0,2,275,train
0,2,277,train
0,2,278,train
0,2,280,train
0,2,281,train
0,2,282,train
0,2,284,train
0,2,285,train
0,2,286,train
0,2,287,train
0,2,290,train
0,2,292,train
0,2,293,train
0,2,294,train
0,2,295,train
0,2,296,train
0,2,298,train
0,2,299,train
0,2,300,train
0,2,301,train
0,2,302,train
0,2,303,train
0,2,304,train
0,2,305,train
0,2,307,train
0,2,308,train
0,2,309,train
0,2,312,train
0,2,314,train
0,2,315,train
0,2,316,train
0,2,317,train
0,2,318,train
0,2,319,train
0,2,320,train
0,2,322,train
0,2,323,train
0,2,325,train
0,2,327,train
0,2,328,train
0,2,329,train
0,2,330,train
0,2,331,train
0,2,332,train
0,2,333,train
0,2,334,train
0,2,336,train
0,2,337,train
0,2,338,train
0,2,339,train
0,2,341,train
0,2,342,train
0,2,343,train
0,2,344,train
0,2,345,train
0,2,346,train
0,2,347,train
0,2,348,train
0,2,349,train
0,2,351,train
0,2,352,train
0,2,358,train
0,2,359,train
0,2,360,train
0,2,361,train
0,2,362,train
0,2,363,train
0,2,365,train
0,2,366,train
0,2,367,train
0,2,368,train
0,2,369,train
0,2,371,train
0,2,373,train
0,2,374,train
0,2,375,train
0,2,376,train
0,2,379,train
0,2,380,train
0,2,382,train
0,2,384,train
0,2,386,train
0,2,387,train
0,2,388,train
0,2,389,train
0,2,390,train
0,2,391,train
0,2,394,train
0,2,395,train
0,2,396,train
0,2,397,train
0,2,398,train
0,2,399,train
0,2,400,train
0,2,401,train
0,2,402,train
0,2,403,train
0,2,404,train
0,2,405,train
0,2,406,train
0,2,407,train
0,2,408,train
0,2,409,train
0,2,411,train
0,2,412,train
0,2,413,train
0,2,414,train
0,2,416,train
0,2,417,train
0,2,419,train
0,2,420,train
0,2,421,train
0,2,422,train
0,2,424,train
0,2,425,train
0,2,426,train
0,2,427,train
0,2,428,train
0,2,429,train
0,2,430,train
0,2,431,train
0,2,432,train
0,2,434,train
0,2,435,train
0,2,437,train
0,2,438,train
0,2,440,train
0,2,441,train
0,2,442,train
0,2,443,train
0,2,444,train
0,2,445,train
0,2,447,train
0,2,448,train
0,2,449,train
0,2,450,train
0,2,451,train
0,2,452,train
0,2,455,train
0,2,457,train
0,2,458,train
0,2,459,train
0,2,460,train
0,2,461,train
0,2,462,train
0,2,464,train
0,2,465,train
0,2,466,train
0,2,467,train
0,2,468,train
0,2,469,train
0,2,470,train
0,2,472,train
0,2,474,train
0,2,475,train
0,2,477,train
0,2,478,train
0,2,479,train
0,2,480,train
0,2,481,train
0,2,482,train
0,2,483,train
0,2,484,train
0,2,485,train
0,2,486,train
0,2,487,train
0,2,488,train
0,2,489,train
0,2,490,train
0,2,493,train
0,2,495,train
0,2,496,train
0,2,497,train
0,2,498,train
0,2,499,train
0,2,500,train
0,2,501,train
0,2,502,train
0,2,505,train
0,2,506,train
0,2,507,train
0,2,508,train
0,2,509,train
0,2,510,train
0,2,511,train
0,2,512,train
0,2,513,train
0,2,514,train
0,2,517,train
0,2,518,train
0,2,519,train
0,2,520,train
0,2,521,train
0,2,522,train
0,2,523,train
0,2,524,train
0,2,525,train
0,2,527,train
0,2,528,train
0,2,529,train
0,2,530,train
0,2,531,train
0,2,532,train
0,2,533,train
0,2,536,train
0,2,537,train
0,2,538,train
0,2,539,train
0,2,540,train
0,2,541,train
0,2,542,train
0,2,543,train
0,2,544,train
0,2,545,train
0,2,546,train
0,2,547,train
0,2,551,train
0,2,552,train
0,2,555,train
0,2,556,train
0,2,557,train
0,2,558,train
0,2,559,train
0,2,560,train
0,2,561,train
0,2,563,train
0,2,564,train
0,2,565,train
0,2,566,train
0,2,567,train
0,2,568,train
0,2,569,train
0,2,570,train
0,2,571,train
0,2,572,train
0,2,574,train
0,2,575,train
0,2,576,train
0,2,579,train
0,2,580,train
0,2,582,train
0,2,583,train
0,2,584,train
0,2,591,train
0,2,592,train
0,2,593,train
0,2,594,train
0,2,595,train
0,2,596,train
0,2,597,train
0,2,598,train
0,2,599,train
0,2,600,train
0,2,601,train
0,2,602,train
0,2,603,train
0,2,604,train
0,2,605,train
0,2,607,train
0,2,608,train
0,2,609,train
0,2,610,train
0,2,611,train
0,2,612,train
0,2,613,train
0,2,614,train
0,2,615,train
0,2,617,train
0,2,618,train
0,2,619,train
0,2,620,train
0,2,621,train
0,2,624,train
0,2,625,train
0,2,626,train
0,2,627,train
0,2,629,train
0,2,630,train
0,2,631,train
0,2,632,train
0,2,634,train
0,2,635,train
0,2,636,train
0,2,637,train
0,2,638,train
0,2,639,train
0,2,640,train
0,2,642,train
0,2,643,train
0,2,644,train
0,2,645,train
0,2,647,train
0,2,648,train
0,2,649,train
0,2,650,train
0,2,651,train
0,2,652,train
0,2,654,train
0,2,655,train
0,2,656,train
0,2,657,train
0,2,658,train
0,2,659,train
0,2,660,train
0,2,661,train
0,2,662,train
0,2,664,train
0,2,665,train
0,2,668,train
0,2,669,train
0,2,671,train
0,2,672,train
0,2,673,train
0,2,674,train
0,2,676,train
0,2,677,train
0,2,678,train
0,2,679,train
0,2,680,train
0,2,681,train
0,2,682,train
0,2,683,train
0,2,684,train
0,2,685,train
0,2,686,train
0,2,687,train
0,2,688,train
0,2,689,train
0,2,693,train
0,2,695,train
0,2,696,train
0,2,698,train
0,2,699,train
0,2,700,train
0,2,701,train
0,2,702,train
0,2,703,train
0,2,704,train
0,2,705,train
0,2,706,train
0,2,708,train
0,2,709,train
0,2,710,train
0,2,712,train
0,2,713,train
0,2,714,train
0,2,715,train
0,2,716,train
0,2,718,train
0,2,719,train
0,2,720,train
0,2,721,train
0,2,722,train
0,2,723,train
0,2,724,train
0,2,725,train
0,2,726,train
0,2,727,train
0,2,728,train
0,2,729,train
0,2,730,train
0,2,731,train
0,2,732,train
0,2,733,train
0,2,734,train
0,2,735,train
0,2,737,train
0,2,738,train
0,2,739,train
0,2,740,train
0,2,741,train
0,2,742,train
0,2,743,train
0,2,744,train
0,2,745,train
0,2,746,train
0,2,748,train
0,2,749,train
0,2,751,train
0,2,754,train
0,2,755,train
0,2,756,train
0,2,757,train
0,2,758,train
0,2,761,train
0,2,762,train
0,2,763,train
0,2,764,train
0,2,765,train
0,2,766,train
0,2,767,train
0,2,770,train
0,2,771,train
0,2,773,train
0,2,775,train
0,2,777,train
0,2,779,train
0,2,780,train
0,2,781,train
0,2,782,train
0,2,783,train
0,2,784,train
0,2,786,train
0,2,787,train
0,2,788,train
0,2,789,train
0,2,791,train
0,2,792,train
0,2,795,train
0,2,796,train
0,2,797,train
0,2,798,train
0,2,801,train
0,2,803,train
0,2,804,train
0,2,806,train
0,2,807,train
0,2,808,train
0,2,812,train
0,2,813,train
0,2,814,train
0,2,815,train
0,2,818,train
0,2,819,train
0,2,820,train
0,2,821,train
0,2,822,train
0,2,823,train
0,2,825,train
0,2,827,train
0,2,828,train
0,2,829,train
0,2,830,train
0,2,831,train
0,2,832,train
0,2,833,train
0,2,834,train
0,2,836,train
0,2,837,train
0,2,838,train
0,2,839,train
0,2,841,train
0,2,842,train
0,2,843,train
0,2,844,train
0,2,846,train
0,2,847,train
0,2,848,train
0,2,849,train
0,2,851,train
0,2,852,train
0,2,853,train
0,2,854,train
0,2,856,train
0,2,859,train
0,2,860,train
0,2,861,train
0,2,862,train
0,2,863,train
0,2,865,train
0,2,866,train
0,2,867,train
0,2,869,train
0,2,870,train
0,2,871,train
0,2,872,train
0,2,874,train
0,2,875,train
0,2,876,train
0,2,877,train
0,2,878,train
0,2,879,train
0,2,880,train
0,2,881,train
0,2,882,train
0,2,883,train
0,2,884,train
0,2,885,train
0,2,886,train
0,2,887,train
0,2,888,train
0,2,890,train
0,2,891,train
0,2,893,train
0,2,895,train
0,2,896,train
0,2,897,train
0,2,899,train
0,2,900,train
0,2,901,train
0,2,902,train
0,2,903,train
0,2,904,train
0,2,905,train
0,2,906,train
0,2,907,train
0,2,908,train
0,2,909,train
0,2,910,train
0,2,912,train
0,2,913,train
0,2,914,train
0,2,915,train
0,2,916,train
0,2,917,train
0,2,918,train
0,2,919,train
0,2,920,train
0,2,921,train
0,2,923,train
0,2,924,train
0,2,928,train
0,2,929,train
0,2,930,train
0,2,931,train
0,2,932,train
0,2,933,train
0,2,935,train
0,2,936,train
0,2,938,train
0,2,939,train
0,2,940,train
0,2,941,train
0,2,942,train
0,2,943,train
0,2,944,train
0,2,945,train
0,2,947,train
0,2,948,train
0,2,949,train
0,2,951,train
0,2,952,train
0,2,953,train
0,2,954,train
0,2,955,train
0,2,956,train
0,2,957,train
0,2,959,train
0,2,960,train
0,2,961,train
0,2,962,train
0,2,963,train
0,2,965,train
0,2,966,train
0,2,967,train
0,2,968,train
0,2,970,train
0,2,971,train
0,2,972,train
0,2,973,train
0,2,974,train
0,2,975,train
0,2,976,train
0,2,977,train
0,2,978,train
0,2,979,train
0,2,980,train
0,2,982,train
0,2,983,train
0,2,984,train
0,2,985,train
0,2,986,train
0,2,987,train
0,2,988,train
0,2,989,train
0,2,990,train
0,2,993,train
0,2,994,train
0,2,995,train
0,2,997,train
0,2,998,train
0,2,999,train
0,2,1000,train
0,2,1001,train
0,2,1002,train
0,2,1003,train
0,2,1004,train
0,2,1005,train
0,2,1007,train
0,2,1008,train
0,2,1009,train
0,2,1011,train
0,2,1012,train
0,2,1015,train
0,2,1016,train
0,2,1017,train
0,2,1019,train
0,2,1020,train
0,2,1021,train
0,2,1022,train
0,2,1023,train
0,2,1024,train
0,2,1025,train
0,2,1026,train
0,2,1029,train
0,2,1031,train
0,2,1033,train
0,2,1034,train
0,2,1035,train
0,2,1036,train
0,2,1037,train
0,2,1038,train
0,2,1039,train
0,2,1040,train
0,2,1041,train
0,2,1042,train
0,2,1043,train
0,2,1044,train
0,2,1045,train
0,2,1046,train
0,2,1047,train
0,2,1048,train
0,2,1050,train
0,2,1051,train
0,2,1053,train
0,2,1054,train
0,2,1055,train
0,2,1056,train
0,2,1058,train
0,2,1059,train
0,2,1060,train
0,2,1061,train
0,2,1063,train
0,2,1065,train
0,2,1066,train
0,2,1068,train
0,2,1069,train
0,2,1070,train
0,2,1071,train
0,2,1072,train
0,2,1073,train
0,2,1074,train
0,2,1077,train
0,2,1078,train
0,2,1079,train
0,2,1080,train
0,2,1082,train
0,2,1083,train
0,2,1084,train
0,2,1085,train
0,2,1086,train
0,2,1088,train
0,2,1089,train
0,2,1090,train
0,2,1092,train
0,2,1093,train
0,2,1094,train
0,2,1096,train
0,2,1097,train
0,2,1099,train
0,2,1,valid
0,2,8,valid
0,2,25,valid
0,2,36,valid
0,2,37,valid
0,2,51,valid
0,2,56,valid
0,2,57,valid
0,2,67,valid
0,2,77,valid
0,2,80,valid
0,2,83,valid
0,2,97,valid
0,2,109,valid
0,2,118,valid
0,2,119,valid
0,2,126,valid
0,2,131,valid
0,2,135,valid
0,2,141,valid
0,2,144,valid
0,2,150,valid
0,2,153,valid
0,2,155,valid
0,2,157,valid
0,2,164,valid
0,2,177,valid
0,2,179,valid
0,2,181,valid
0,2,188,valid
0,2,190,valid
0,2,192,valid
0,2,193,valid
0,2,199,valid
0,2,203,valid
0,2,207,valid
0,2,229,valid
0,2,247,valid
0,2,252,valid
0,2,253,valid
0,2,254,valid
0,2,260,valid
0,2,264,valid
0,2,265,valid
0,2,270,valid
0,2,271,valid
0,2,272,valid
0,2,276,valid
0,2,279,valid
0,2,283,valid
0,2,288,valid
0,2,289,valid
0,2,291,valid
0,2,297,valid
0,2,306,valid
0,2,310,valid
0,2,311,valid
0,2,313,valid
0,2,321,valid
0,2,324,valid
0,2,326,valid
0,2,335,valid
0,2,340,valid
0,2,350,valid
0,2,353,valid
0,2,354,valid
0,2,355,valid
0,2,356,valid
0,2,357,valid
0,2,364,valid
0,2,370,valid
0,2,372,valid
0,2,377,valid
0,2,378,valid
0,2,381,valid
0,2,383,valid
0,2,385,valid
0,2,392,valid
0,2,393,valid
0,2,410,valid
0,2,415,valid
0,2,418,valid
0,2,423,valid
0,2,433,valid
0,2,436,valid
0,2,439,valid
0,2,446,valid
0,2,453,valid
0,2,454,valid
0,2,456,valid
0,2,463,valid
0,2,471,valid
0,2,473,valid
0,2,476,valid
0,2,491,valid
0,2,492,valid
0,2,494,valid
0,2,503,valid
0,2,504,valid
0,2,515,valid
0,2,516,valid
0,2,526,valid
0,2,534,valid
0,2,535,valid
0,2,548,valid
0,2,549,valid
0,2,550,valid
0,2,553,valid
0,2,554,valid
0,2,562,valid
0,2,573,valid
0,2,577,valid
0,2,578,valid
0,2,581,valid
0,2,585,valid
0,2,586,valid
0,2,587,valid
0,2,588,valid
0,2,589,valid
0,2,590,valid
0,2,606,valid
0,2,616,valid
0,2,622,valid
0,2,623,valid
0,2,628,valid
0,2,633,valid
0,2,641,valid
0,2,646,valid
0,2,653,valid
0,2,663,valid
0,2,666,valid
0,2,667,valid
0,2,670,valid
0,2,675,valid
0,2,690,valid
0,2,691,valid
0,2,692,valid
0,2,694,valid
0,2,697,valid
0,2,707,valid
0,2,711,valid
0,2,717,valid
0,2,736,valid
0,2,747,valid
0,2,750,valid
0,2,752,valid
0,2,753,valid
0,2,759,valid
0,2,760,valid
0,2,768,valid
0,2,769,valid
0,2,772,valid
0,2,774,valid
0,2,776,valid
0,2,778,valid
0,2,785,valid
0,2,790,valid
0,2,793,valid
0,2,794,valid
0,2,799,valid
0,2,800,valid
0,2,802,valid
0,2,809,valid
0,2,810,valid
0,2,811,valid
0,2,816,valid
0,2,817,valid
0,2,824,valid
0,2,826,valid
0,2,835,valid
0,2,840,valid
0,2,845,valid
0,2,850,valid
0,2,855,valid
0,2,857,valid
0,2,858,valid
0,2,864,valid
0,2,868,valid
0,2,873,valid
0,2,892,valid
0,2,894,valid
0,2,898,valid
0,2,911,valid
0,2,922,valid
0,2,925,valid
0,2,926,valid
0,2,927,valid
0,2,934,valid
0,2,937,valid
0,2,946,valid
0,2,950,valid
0,2,958,valid
0,2,964,valid
0,2,969,valid
0,2,981,valid
0,2,991,valid
0,2,992,valid
0,2,996,valid
0,2,1006,valid
0,2,1010,valid
0,2,1013,valid
0,2,1014,valid
0,2,1018,valid
0,2,1027,valid
0,2,1028,valid
0,2,1030,valid
0,2,1032,valid
0,2,1049,valid
0,2,1052,valid
0,2,1057,valid
0,2,1062,valid
0,2,1064,valid
0,2,1067,valid
0,2,1075,valid
0,2,1076,valid
0,2,1081,valid
0,2,1087,valid
0,2,1091,valid
0,2,1095,valid
0,2,1098,valid
0,3,0,train
0,3,1,train
0,3,3,train
0,3,4,train
0,3,5,train
0,3,6,train
0,3,7,train
0,3,8,train
0,3,9,train
0,3,10,train
0,3,11,train
0,3,12,train
0,3,13,train
0,3,14,train
0,3,15,train
0,3,16,train
0,3,19,train
0,3,20,train
0,3,21,train
0,3,22,train
0,3,23,train
0,3,24,train
0,3,25,train
0,3,26,train
0,3,27,train
0,3,28,train
0,3,29,train
0,3,30,train
0,3,31,train
0,3,32,train
0,3,33,train
0,3,34,train
0,3,35,train
0,3,36,train
0,3,37,train
0,3,38,train
0,3,39,train
0,3,40,train
0,3,41,train
0,3,42,train
0,3,43,train
0,3,44,train
0,3,45,train
0,3,49,train
0,3,50,train
0,3,51,train
0,3,52,train
0,3,53,train
0,3,55,train
0,3,56,train
0,3,57,train
0,3,59,train
0,3,61,train
0,3,62,train
0,3,63,train
0,3,65,train
0,3,67,train
0,3,69,train
0,3,70,train
0,3,71,train
0,3,74,train
0,3,75,train
0,3,76,train
0,3,77,train
0,3,78,train
0,3,79,train
0,3,80,train
0,3,82,train
0,3,83,train
0,3,85,train
0,3,86,train
0,3,87,train
0,3,88,train
0,3,89,train
0,3,90,train
0,3,91,train
0,3,92,train
0,3,93,train
0,3,96,train
0,3,97,train
0,3,98,train
0,3,100,train
0,3,101,train
0,3,102,train
0,3,103,train
0,3,104,train
0,3,105,train
0,3,106,train
0,3,107,train
0,3,108,train
0,3,109,train
0,3,111,train
0,3,112,train
0,3,113,train
0,3,114,train
0,3,115,train
0,3,117,train
0,3,118,train
0,3,119,train
0,3,120,train
0,3,121,train
0,3,122,train
0,3,123,train
0,3,124,train
0,3,125,train
0,3,126,train
0,3,127,train
0,3,129,train
0,3,130,train
0,3,131,train
0,3,132,train
0,3,134,train
0,3,135,train
0,3,136,train
0,3,137,train
0,3,138,train
0,3,140,train
0,3,141,train
0,3,142,train
0,3,143,train
0,3,144,train
0,3,145,train
0,3,146,train
0,3,147,train
0,3,148,train
0,3,149,train
0,3,150,train
0,3,151,train
0,3,152,train
0,3,153,train
0,3,154,train
0,3,155,train
0,3,157,train
0,3,159,train
0,3,160,train
0,3,161,train
0,3,164,train
0,3,170,train
0,3,171,train
0,3,172,train
0,3,173,train
0,3,174,train
0,3,175,train
0,3,176,train
0,3,177,train
0,3,178,train
0,3,179,train
0,3,180,train
0,3,181,train
0,3,182,train
0,3,183,train
0,3,184,train
0,3,185,train
0,3,186,train
0,3,187,train
0,3,188,train
0,3,189,train
0,3,190,train
0,3,191,train
0,3,192,train
0,3,193,train
0,3,194,train
0,3,195,train
0,3,196,train
0,3,197,train
0,3,198,train
0,3,199,train
0,3,200,train
0,3,202,train
0,3,203,train
0,3,204,train
0,3,205,train
0,3,207,train
0,3,209,train
0,3,210,train
0,3,212,train
0,3,213,train
0,3,214,train
0,3,217,train
0,3,218,train
0,3,219,train
0,3,220,train
0,3,222,train
0,3,225,train
0,3,226,train
0,3,227,train
0,3,228,train
0,3,229,train
0,3,230,train
0,3,231,train
0,3,232,train
0,3,233,train
0,3,234,train
0,3,235,train
0,3,236,train
0,3,237,train
0,3,238,train
0,3,240,train
0,3,241,train
0,3,242,train
0,3,245,train
0,3,246,train
0,3,247,train
0,3,248,train
0,3,249,train
0,3,251,train
0,3,252,train
0,3,253,train
0,3,254,train
0,3,255,train
0,3,257,train
0,3,259,train
0,3,260,train
0,3,261,train
0,3,262,train
0,3,263,train
0,3,264,train
0,3,265,train
0,3,266,train
0,3,268,train
0,3,270,train
0,3,271,train
0,3,272,train
0,3,273,train
0,3,274,train
0,3,275,train
0,3,276,train
0,3,277,train
0,3,278,train
0,3,279,train
0,3,282,train
0,3,283,train
0,3,285,train
0,3,287,train
0,3,288,train
0,3,289,train
0,3,290,train
0,3,291,train
0,3,292,train
0,3,294,train
0,3,296,train
0,3,297,train
0,3,299,train
0,3,300,train
0,3,301,train
0,3,302,train
0,3,303,train
0,3,304,train
0,3,305,train
0,3,306,train
0,3,308,train
0,3,310,train
0,3,311,train
0,3,312,train
0,3,313,train
0,3,314,train
0,3,316,train
0,3,317,train
0,3,318,train
0,3,319,train
0,3,320,train
0,3,321,train
0,3,322,train
0,3,324,train
0,3,326,train
0,3,327,train
0,3,328,train
0,3,329,train
0,3,330,train
0,3,331,train
0,3,332,train
0,3,334,train
0,3,335,train
0,3,336,train
0,3,337,train
0,3,340,train
0,3,342,train
0,3,344,train
0,3,346,train
0,3,347,train
0,3,349,train
0,3,350,train
0,3,351,train
0,3,352,train
0,3,353,train
0,3,354,train
0,3,355,train
0,3,356,train
0,3,357,train
0,3,358,train
0,3,359,train
0,3,364,train
0,3,366,train
0,3,367,train
0,3,368,train
0,3,369,train
0,3,370,train
0,3,372,train
0,3,373,train
0,3,375,train
0,3,376,train
0,3,377,train
0,3,378,train
0,3,379,train
0,3,380,train
0,3,381,train
0,3,382,train
0,3,383,train
0,3,384,train
0,3,385,train
0,3,386,train
0,3,387,train
0,3,388,train
0,3,389,train
0,3,391,train
0,3,392,train
0,3,393,train
0,3,394,train
0,3,395,train
0,3,397,train
0,3,398,train
0,3,399,train
0,3,400,train
0,3,401,train
0,3,402,train
0,3,403,train
0,3,404,train
0,3,406,train
0,3,408,train
0,3,410,train
0,3,411,train
0,3,412,train
0,3,413,train
0,3,414,train
0,3,415,train
0,3,416,train
0,3,418,train
0,3,419,train
0,3,422,train
0,3,423,train
0,3,424,train
0,3,426,train
0,3,427,train
0,3,429,train
0,3,430,train
0,3,431,train
0,3,433,train
0,3,434,train
0,3,436,train
0,3,437,train
0,3,438,train
0,3,439,train
0,3,442,train
0,3,443,train
0,3,445,train
0,3,446,train
0,3,447,train
0,3,449,train
0,3,450,train
0,3,451,train
0,3,452,train
0,3,453,train
0,3,454,train
0,3,455,train
0,3,456,train
0,3,457,train
0,3,458,train
0,3,462,train
0,3,463,train
0,3,464,train
0,3,467,train
0,3,468,train
0,3,470,train
0,3,471,train
0,3,472,train
0,3,473,train
0,3,474,train
0,3,475,train
0,3,476,train
0,3,477,train
0,3,479,train
0,3,480,train
0,3,482,train
0,3,483,train
0,3,484,train
0,3,485,train
0,3,486,train
0,3,487,train
0,3,488,train
0,3,490,train
0,3,491,train
0,3,492,train
0,3,494,train
0,3,496,train
0,3,497,train
0,3,498,train
0,3,500,train
0,3,501,train
0,3,503,train
0,3,504,train
0,3,506,train
0,3,507,train
0,3,512,train
0,3,513,train
0,3,514,train
0,3,515,train
0,3,516,train
0,3,517,train
0,3,519,train
0,3,521,train
0,3,522,train
0,3,523,train
0,3,525,train
0,3,526,train
0,3,527,train
0,3,528,train
0,3,529,train
0,3,530,train
0,3,531,train
0,3,534,train
0,3,535,train
0,3,536,train
0,3,537,train
0,3,538,train
0,3,539,train
0,3,541,train
0,3,542,train
0,3,543,train
0,3,544,train
0,3,545,train
0,3,546,train
0,3,547,train
0,3,548,train
0,3,549,train
0,3,550,train
0,3,551,train
0,3,552,train
0,3,553,train
0,3,554,train
0,3,555,train
0,3,556,train
0,3,558,train
0,3,560,train
0,3,561,train
0,3,562,train
0,3,563,train
0,3,564,train
0,3,565,train
0,3,566,train
0,3,567,train
0,3,570,train
0,3,571,train
0,3,573,train
0,3,575,train
0,3,576,train
0,3,577,train
0,3,578,train
0,3,579,train
0,3,580,train
0,3,581,train
0,3,582,train
0,3,583,train
0,3,584,train
0,3,585,train
0,3,586,train
0,3,587,train
0,3,588,train
0,3,589,train
0,3,590,train
0,3,591,train
0,3,594,train
0,3,597,train
0,3,598,train
0,3,599,train
0,3,600,train
0,3,601,train
0,3,602,train
0,3,603,train
0,3,604,train
0,3,605,train
0,3,606,train
0,3,607,train
0,3,609,train
0,3,610,train
0,3,611,train
0,3,612,train
0,3,613,train
0,3,614,train
0,3,615,train
0,3,616,train
0,3,617,train
0,3,618,train
0,3,619,train
0,3,622,train
0,3,623,train
0,3,624,train
0,3,628,train
0,3,629,train
0,3,630,train
0,3,632,train
0,3,633,train
0,3,634,train
0,3,636,train
0,3,637,train
0,3,638,train
0,3,639,train
0,3,640,train
0,3,641,train
0,3,642,train
0,3,643,train
0,3,644,train
0,3,646,train
0,3,647,train
0,3,648,train
0,3,649,train
0,3,652,train
0,3,653,train
0,3,656,train
0,3,657,train
0,3,658,train
0,3,659,train
0,3,660,train
0,3,661,train
0,3,662,train
0,3,663,train
0,3,665,train
0,3,666,train
0,3,667,train
0,3,668,train
0,3,669,train
0,3,670,train
0,3,671,train
0,3,672,train
0,3,673,train
0,3,675,train
0,3,676,train
0,3,677,train
0,3,678,train
0,3,679,train
0,3,681,train
0,3,682,train
0,3,684,train
0,3,685,train
0,3,686,train
0,3,687,train
0,3,689,train
0,3,690,train
0,3,691,train
0,3,692,train
0,3,693,train
0,3,694,train
0,3,696,train
0,3,697,train
0,3,698,train
0,3,701,train
0,3,702,train
0,3,703,train
0,3,704,train
0,3,705,train
0,3,706,train
0,3,707,train
0,3,709,train
0,3,710,train
0,3,711,train
0,3,712,train
0,3,713,train
0,3,714,train
0,3,715,train
0,3,716,train
0,3,717,train
0,3,718,train
0,3,719,train
0,3,720,train
0,3,721,train
0,3,723,train
0,3,724,train
0,3,725,train
0,3,726,train
0,3,727,train
0,3,728,train
0,3,729,train
0,3,730,train
0,3,731,train
0,3,733,train
0,3,734,train
0,3,736,train
0,3,737,train
0,3,738,train
0,3,739,train
0,3,740,train
0,3,741,train
0,3,742,train
0,3,743,train
0,3,744,train
0,3,745,train
0,3,746,train
0,3,747,train
0,3,748,train
0,3,750,train
0,3,751,train
0,3,752,train
0,3,753,train
0,3,754,train
0,3,755,train
0,3,756,train
0,3,758,train
0,3,759,train
0,3,760,train
0,3,762,train
0,3,764,train
0,3,765,train
0,3,766,train
0,3,767,train
0,3,768,train
0,3,769,train
0,3,772,train
0,3,774,train
0,3,776,train
0,3,777,train
0,3,778,train
0,3,780,train
0,3,781,train
0,3,782,train
0,3,784,train
0,3,785,train
0,3,787,train
0,3,788,train
0,3,789,train
0,3,790,train
0,3,791,train
0,3,793,train
0,3,794,train
0,3,795,train
0,3,797,train
0,3,798,train
0,3,799,train
0,3,800,train
0,3,801,train
0,3,802,train
0,3,803,train
0,3,804,train
0,3,806,train
0,3,807,train
0,3,809,train
0,3,810,train
0,3,811,train
0,3,812,train
0,3,814,train
0,3,815,train
0,3,816,train
0,3,817,train
0,3,819,train
0,3,820,train
0,3,821,train
0,3,822,train
0,3,823,train
0,3,824,train
0,3,825,train
0,3,826,train
0,3,827,train
0,3,828,train
0,3,829,train
0,3,830,train
0,3,831,train
0,3,832,train
0,3,833,train
0,3,834,train
0,3,835,train
0,3,836,train
0,3,840,train
0,3,841,train
0,3,842,train
0,3,843,train
0,3,844,train
0,3,845,train
0,3,846,train
0,3,847,train
0,3,848,train
0,3,849,train
0,3,850,train
0,3,851,train
0,3,852,train
0,3,853,train
0,3,854,train
0,3,855,train
0,3,856,train
0,3,857,train
0,3,858,train
0,3,859,train
0,3,861,train
0,3,862,train
0,3,864,train
0,3,865,train
0,3,867,train
0,3,868,train
0,3,869,train
0,3,870,train
0,3,871,train
0,3,872,train
0,3,873,train
0,3,875,train
0,3,878,train
0,3,879,train
0,3,880,train
0,3,881,train
0,3,882,train
0,3,883,train
0,3,886,train
0,3,887,train
0,3,888,train
0,3,890,train
0,3,891,train
0,3,892,train
0,3,893,train
0,3,894,train
0,3,896,train
0,3,897,train
0,3,898,train
0,3,899,train
0,3,901,train
0,3,905,train
0,3,906,train
0,3,907,train
0,3,908,train
0,3,909,train
0,3,910,train
0,3,911,train
0,3,912,train
0,3,913,train
0,3,914,train
0,3,915,train
0,3,917,train
0,3,918,train
0,3,919,train
0,3,920,train
0,3,921,train
0,3,922,train
0,3,923,train
0,3,924,train
0,3,925,train
0,3,926,train
0,3,927,train
0,3,932,train
0,3,934,train
0,3,935,train
0,3,937,train
0,3,938,train
0,3,939,train
0,3,940,train
0,3,941,train
0,3,942,train
0,3,943,train
0,3,944,train
0,3,945,train
0,3,946,train
0,3,947,train
0,3,948,train
0,3,949,train
0,3,950,train
0,3,952,train
0,3,955,train
0,3,958,train
0,3,960,train
0,3,961,train
0,3,962,train
0,3,964,train
0,3,965,train
0,3,966,train
0,3,967,train
0,3,968,train
0,3,969,train
0,3,971,train
0,3,972,train
0,3,973,train
0,3,974,train
0,3,975,train
0,3,976,train
0,3,977,train
0,3,978,train
0,3,980,train
0,3,981,train
0,3,982,train
0,3,983,train
0,3,985,train
0,3,986,train
0,3,989,train
0,3,990,train
0,3,991,train
0,3,992,train
0,3,993,train
0,3,994,train
0,3,996,train
0,3,997,train
0,3,998,train
0,3,999,train
0,3,1000,train
0,3,1002,train
0,3,1003,train
0,3,1004,train
0,3,1005,train
0,3,1006,train
0,3,1008,train
0,3,1009,train
0,3,1010,train
0,3,1011,train
0,3,1012,train
0,3,1013,train
0,3,1014,train
0,3,1015,train
0,3,1016,train
0,3,1017,train
0,3,1018,train
0,3,1019,train
0,3,1020,train
0,3,1021,train
0,3,1022,train
0,3,1023,train
0,3,1025,train
0,3,1026,train
0,3,1027,train
0,3,1028,train
0,3,1030,train
0,3,1031,train
0,3,1032,train
0,3,1033,train
0,3,1034,train
0,3,1036,train
0,3,1037,train
0,3,1038,train
0,3,1039,train
0,3,1040,train
0,3,1041,train
0,3,1042,train
0,3,1043,train
0,3,1044,train
0,3,1045,train
0,3,1049,train
0,3,1050,train
0,3,1051,train
0,3,1052,train
0,3,1055,train
0,3,1056,train
0,3,1057,train
0,3,1058,train
0,3,1059,train
0,3,1060,train
0,3,1062,train
0,3,1063,train
0,3,1064,train
0,3,1067,train
0,3,1068,train
0,3,1071,train
0,3,1072,train
0,3,1073,train
0,3,1074,train
0,3,1075,train
0,3,1076,train
0,3,1077,train
0,3,1078,train
0,3,1079,train
0,3,1080,train
0,3,1081,train
0,3,1082,train
0,3,1083,train
0,3,1084,train
0,3,1086,train
0,3,1087,train
0,3,1088,train
0,3,1089,train
0,3,1090,train
0,3,1091,train
0,3,1092,train
0,3,1093,train
0,3,1094,train
0,3,1095,train
0,3,1096,train
0,3,1097,train
0,3,1098,train
0,3,1099,train
0,3,2,valid
0,3,17,valid
0,3,18,valid
0,3,46,valid
0,3,47,valid
0,3,48,valid
0,3,54,valid
0,3,58,valid
0,3,60,valid
0,3,64,valid
0,3,66,valid
0,3,68,valid
0,3,72,valid
0,3,73,valid
0,3,81,valid
0,3,84,valid
0,3,94,valid
0,3,95,valid
0,3,99,valid
0,3,110,valid
0,3,116,valid
0,3,128,valid
0,3,133,valid
0,3,139,valid
0,3,156,valid
0,3,158,valid
0,3,162,valid
0,3,163,valid
0,3,165,valid
0,3,166,valid
0,3,167,valid
0,3,168,valid
0,3,169,valid
0,3,201,valid
0,3,206,valid
0,3,208,valid
0,3,211,valid
0,3,215,valid
0,3,216,valid
0,3,221,valid
0,3,223,valid
0,3,224,valid
0,3,239,valid
0,3,243,valid
0,3,244,valid
0,3,250,valid
0,3,256,valid
0,3,258,valid
0,3,267,valid
0,3,269,valid
0,3,280,valid
0,3,281,valid
0,3,284,valid
0,3,286,valid
0,3,293,valid
0,3,295,valid
0,3,298,valid
0,3,307,valid
0,3,309,valid
0,3,315,valid
0,3,323,valid
0,3,325,valid
0,3,333,valid
0,3,338,valid
0,3,339,valid
0,3,341,valid
0,3,343,valid
0,3,345,valid
0,3,348,valid
0,3,360,valid
0,3,361,valid
0,3,362,valid
0,3,363,valid
0,3,365,valid
0,3,371,valid
0,3,374,valid
0,3,390,valid
0,3,396,valid
0,3,405,valid
0,3,407,valid
0,3,409,valid
0,3,417,valid
0,3,420,valid
0,3,421,valid
0,3,425,valid
0,3,428,valid
0,3,432,valid
0,3,435,valid
0,3,440,valid
0,3,441,valid
0,3,444,valid
0,3,448,valid
0,3,459,valid
0,3,460,valid
0,3,461,valid
0,3,465,valid
0,3,466,valid
0,3,469,valid
0,3,478,valid
0,3,481,valid
0,3,489,valid
0,3,493,valid
0,3,495,valid
0,3,499,valid
0,3,502,valid
0,3,505,valid
0,3,508,valid
0,3,509,valid
0,3,510,valid
0,3,511,valid
0,3,518,valid
0,3,520,valid
0,3,524,valid
0,3,532,valid
0,3,533,valid
0,3,540,valid
0,3,557,valid
0,3,559,valid
0,3,568,valid
0,3,569,valid
0,3,572,valid
0,3,574,valid
0,3,592,valid
0,3,593,valid
0,3,595,valid
0,3,596,valid
0,3,608,valid
0,3,620,valid
0,3,621,valid
0,3,625,valid
0,3,626,valid
0,3,627,valid
0,3,631,valid
0,3,635,valid
0,3,645,valid
0,3,650,valid
0,3,651,valid
0,3,654,valid
0,3,655,valid
0,3,664,valid
0,3,674,valid
0,3,680,valid
0,3,683,valid
0,3,688,valid
0,3,695,valid
0,3,699,valid
0,3,700,valid
0,3,708,valid
0,3,722,valid
0,3,732,valid
0,3,735,valid
0,3,749,valid
0,3,757,valid
0,3,761,valid
0,3,763,valid
0,3,770,valid
0,3,771,valid
0,3,773,valid
0,3,775,valid
0,3,779,valid
0,3,783,valid
0,3,786,valid
0,3,792,valid
0,3,796,valid
0,3,808,valid
0,3,813,valid
0,3,818,valid
0,3,837,valid
0,3,838,valid
0,3,839,valid
0,3,860,valid
0,3,863,valid
0,3,866,valid
0,3,874,valid
0,3,876,valid
0,3,877,valid
0,3,884,valid
0,3,885,valid
0,3,895,valid
0,3,900,valid
0,3,902,valid
0,3,903,valid
0,3,904,valid
0,3,916,valid
0,3,928,valid
0,3,929,valid
0,3,930,valid
0,3,931,valid
0,3,933,valid
0,3,936,valid
0,3,951,valid
0,3,953,valid
0,3,954,valid
0,3,956,valid
0,3,957,valid
0,3,959,valid
0,3,963,valid
0,3,970,valid
0,3,979,valid
0,3,984,valid
0,3,987,valid
0,3,988,valid
0,3,995,valid
0,3,1001,valid
0,3,1007,valid
0,3,1024,valid
0,3,1029,valid
0,3,1035,valid
0,3,1046,valid
0,3,1047,valid
0,3,1048,valid
0,3,1053,valid
0,3,1054,valid
0,3,1061,valid
0,3,1065,valid
0,3,1066,valid
0,3,1069,valid
0,3,1070,valid
0,3,1085,valid
0,4,0,train
0,4,1,train
0,4,2,train
0,4,4,train
0,4,5,train
0,4,6,train
0,4,7,train
0,4,8,train
0,4,9,train
0,4,11,train
0,4,12,train
0,4,13,train
0,4,15,train
0,4,16,train
0,4,17,train
0,4,18,train
0,4,21,train
0,4,22,train
0,4,24,train
0,4,25,train
0,4,26,train
0,4,27,train
0,4,28,train
0,4,30,train
0,4,31,train
0,4,33,train
0,4,36,train
0,4,37,train
0,4,39,train
0,4,40,train
0,4,42,train
0,4,45,train
0,4,46,train
0,4,47,train
0,4,48,train
0,4,51,train
0,4,53,train
0,4,54,train
0,4,55,train
0,4,56,train
0,4,57,train
0,4,58,train
0,4,60,train
0,4,61,train
0,4,62,train
0,4,64,train
0,4,65,train
0,4,66,train
0,4,67,train
0,4,68,train
0,4,69,train
0,4,70,train
0,4,71,train
0,4,72,train
0,4,73,train
0,4,75,train
0,4,76,train
0,4,77,train
0,4,78,train
0,4,80,train
0,4,81,train
0,4,83,train
0,4,84,train
0,4,85,train
0,4,86,train
0,4,87,train
0,4,88,train
0,4,90,train
0,4,92,train
0,4,94,train
0,4,95,train
0,4,96,train
0,4,97,train
0,4,98,train
0,4,99,train
0,4,100,train
0,4,101,train
0,4,102,train
0,4,103,train
0,4,104,train
0,4,105,train
0,4,106,train
0,4,107,train
0,4,108,train
0,4,109,train
0,4,110,train
0,4,111,train
0,4,113,train
0,4,114,train
0,4,115,train
0,4,116,train
0,4,117,train
0,4,118,train
0,4,119,train
0,4,120,train
0,4,121,train
0,4,123,train
0,4,124,train
0,4,126,train
0,4,127,train
0,4,128,train
0,4,131,train
0,4,132,train
0,4,133,train
0,4,135,train
0,4,139,train
0,4,140,train
0,4,141,train
0,4,142,train
0,4,143,train
0,4,144,train
0,4,146,train
0,4,149,train
0,4,150,train
0,4,152,train
0,4,153,train
0,4,155,train
0,4,156,train
0,4,157,train
0,4,158,train
0,4,159,train
0,4,160,train
0,4,161,train
0,4,162,train
0,4,163,train
0,4,164,train
0,4,165,train
0,4,166,train
0,4,167,train
0,4,168,train
0,4,169,train
0,4,170,train
0,4,171,train
0,4,172,train
0,4,174,train
0,4,175,train
0,4,176,train
0,4,177,train
0,4,178,train
0,4,179,train
0,4,180,train
0,4,181,train
0,4,182,train
0,4,183,train
0,4,186,train
0,4,187,train
0,4,188,train
0,4,189,train
0,4,190,train
0,4,192,train
0,4,193,train
0,4,196,train
0,4,197,train
0,4,199,train
0,4,200,train
0,4,201,train
0,4,202,train
0,4,203,train
0,4,205,train
0,4,206,train
0,4,207,train
0,4,208,train
0,4,209,train
0,4,210,train
0,4,211,train
0,4,212,train
0,4,213,train
0,4,214,train
0,4,215,train
0,4,216,train
0,4,219,train
0,4,221,train
0,4,222,train
0,4,223,train
0,4,224,train
0,4,225,train
0,4,226,train
0,4,227,train
0,4,228,train
0,4,229,train
0,4,230,train
0,4,232,train
0,4,233,train
0,4,234,train
0,4,235,train
0,4,236,train
0,4,239,train
0,4,242,train
0,4,243,train
0,4,244,train
0,4,245,train
0,4,246,train
0,4,247,train
0,4,249,train
0,4,250,train
0,4,251,train
0,4,252,train
0,4,253,train
0,4,254,train
0,4,255,train
0,4,256,train
0,4,257,train
0,4,258,train
0,4,259,train
0,4,260,train
0,4,261,train
0,4,262,train
0,4,263,train
0,4,264,train
0,4,265,train
0,4,267,train
0,4,269,train
0,4,270,train
0,4,271,train
0,4,272,train
0,4,273,train
0,4,274,train
0,4,276,train
0,4,278,train
0,4,279,train
0,4,280,train
0,4,281,train
0,4,282,train
0,4,283,train
0,4,284,train
0,4,285,train
0,4,286,train
0,4,287,train
0,4,288,train
0,4,289,train
0,4,291,train
0,4,292,train
0,4,293,train
0,4,294,train
0,4,295,train
0,4,296,train
0,4,297,train
0,4,298,train
0,4,299,train
0,4,301,train
0,4,302,train
0,4,304,train
0,4,306,train
0,4,307,train
0,4,309,train
0,4,310,train
0,4,311,train
0,4,312,train
0,4,313,train
0,4,315,train
0,4,316,train
0,4,317,train
0,4,318,train
0,4,320,train
0,4,321,train
0,4,322,train
0,4,323,train
0,4,324,train
0,4,325,train
0,4,326,train
0,4,327,train
0,4,328,train
0,4,329,train
0,4,330,train
0,4,331,train
0,4,332,train
0,4,333,train
0,4,334,train
0,4,335,train
0,4,336,train
0,4,338,train
0,4,339,train
0,4,340,train
0,4,341,train
0,4,343,train
0,4,344,train
0,4,345,train
0,4,346,train
0,4,347,train
0,4,348,train
0,4,349,train
0,4,350,train
0,4,353,train
0,4,354,train
0,4,355,train
0,4,356,train
0,4,357,train
0,4,359,train
0,4,360,train
0,4,361,train
0,4,362,train
0,4,363,train
0,4,364,train
0,4,365,train
0,4,366,train
0,4,367,train
0,4,368,train
0,4,369,train
0,4,370,train
0,4,371,train
0,4,372,train
0,4,373,train
0,4,374,train
0,4,375,train
0,4,376,train
0,4,377,train
0,4,378,train
0,4,380,train
0,4,381,train
0,4,383,train
0,4,385,train
0,4,386,train
0,4,387,train
0,4,388,train
0,4,389,train
0,4,390,train
0,4,391,train
0,4,392,train
0,4,393,train
0,4,395,train
0,4,396,train
0,4,397,train
0,4,400,train
0,4,401,train
0,4,402,train
0,4,403,train
0,4,405,train
0,4,407,train
0,4,408,train
0,4,409,train
0,4,410,train
0,4,411,train
0,4,412,train
0,4,413,train
0,4,415,train
0,4,416,train
0,4,417,train
0,4,418,train
0,4,420,train
0,4,421,train
0,4,423,train
0,4,424,train
0,4,425,train
0,4,427,train
0,4,428,train
0,4,430,train
0,4,432,train
0,4,433,train
0,4,435,train
0,4,436,train
0,4,438,train
0,4,439,train
0,4,440,train
0,4,441,train
0,4,442,train
0,4,444,train
0,4,446,train
0,4,447,train
0,4,448,train
0,4,450,train
0,4,453,train
0,4,454,train
0,4,455,train
0,4,456,train
0,4,458,train
0,4,459,train
0,4,460,train
0,4,461,train
0,4,463,train
0,4,464,train
0,4,465,train
0,4,466,train
0,4,467,train
0,4,468,train
0,4,469,train
0,4,471,train
0,4,473,train
0,4,474,train
0,4,475,train
0,4,476,train
0,4,477,train
0,4,478,train
0,4,480,train
0,4,481,train
0,4,483,train
0,4,485,train
0,4,486,train
0,4,487,train
0,4,488,train
0,4,489,train
0,4,490,train
0,4,491,train
0,4,492,train
0,4,493,train
0,4,494,train
0,4,495,train
0,4,496,train
0,4,497,train
0,4,498,train
0,4,499,train
0,4,500,train
0,4,501,train
0,4,502,train
0,4,503,train
0,4,504,train
0,4,505,train
0,4,506,train
0,4,507,train
0,4,508,train
0,4,509,train
0,4,510,train
0,4,511,train
0,4,513,train
0,4,514,train
0,4,515,train
0,4,516,train
0,4,518,train
0,4,520,train
0,4,521,train
0,4,522,train
0,4,524,train
0,4,525,train
0,4,526,train
0,4,529,train
0,4,530,train
0,4,531,train
0,4,532,train
0,4,533,train
0,4,534,train
0,4,535,train
0,4,538,train
0,4,540,train
0,4,541,train
0,4,542,train
0,4,544,train
0,4,548,train
0,4,549,train
0,4,550,train
0,4,552,train
0,4,553,train
0,4,554,train
0,4,556,train
0,4,557,train
0,4,558,train
0,4,559,train
0,4,560,train
0,4,562,train
0,4,564,train
0,4,566,train
0,4,567,train
0,4,568,train
0,4,569,train
0,4,571,train
0,4,572,train
0,4,573,train
0,4,574,train
0,4,575,train
0,4,577,train
0,4,578,train
0,4,579,train
0,4,580,train
0,4,581,train
0,4,583,train
0,4,584,train
0,4,585,train
0,4,586,train
0,4,587,train
0,4,588,train
0,4,589,train
0,4,590,train
0,4,592,train
0,4,593,train
0,4,594,train
0,4,595,train
0,4,596,train
0,4,597,train
0,4,598,train
0,4,600,train
0,4,601,train
0,4,602,train
0,4,604,train
0,4,606,train
0,4,607,train
0,4,608,train
0,4,610,train
0,4,612,train
0,4,614,train
0,4,615,train
0,4,616,train
0,4,618,train
0,4,619,train
0,4,620,train
0,4,621,train
0,4,622,train
0,4,623,train
0,4,624,train
0,4,625,train
0,4,626,train
0,4,627,train
0,4,628,train
0,4,630,train
0,4,631,train
0,4,633,train
0,4,634,train
0,4,635,train
0,4,636,train
0,4,637,train
0,4,639,train
0,4,641,train
0,4,644,train
0,4,645,train
0,4,646,train
0,4,647,train
0,4,649,train
0,4,650,train
0,4,651,train
0,4,652,train
0,4,653,train
0,4,654,train
0,4,655,train
0,4,656,train
0,4,657,train
0,4,658,train
0,4,659,train
0,4,660,train
0,4,661,train
0,4,662,train
0,4,663,train
0,4,664,train
0,4,665,train
0,4,666,train
0,4,667,train
0,4,668,train
0,4,669,train
0,4,670,train
0,4,671,train
0,4,672,train
0,4,674,train
0,4,675,train
0,4,678,train
0,4,679,train
0,4,680,train
0,4,681,train
0,4,683,train
0,4,685,train
0,4,686,train
0,4,688,train
0,4,689,train
0,4,690,train
0,4,691,train
0,4,692,train
0,4,693,train
0,4,694,train
0,4,695,train
0,4,697,train
0,4,698,train
0,4,699,train
0,4,700,train
0,4,702,train
0,4,703,train
0,4,704,train
0,4,706,train
0,4,707,train
0,4,708,train
0,4,709,train
0,4,710,train
0,4,711,train
0,4,712,train
0,4,715,train
0,4,716,train
0,4,717,train
0,4,718,train
0,4,719,train
0,4,720,train
0,4,722,train
0,4,724,train
0,4,726,train
0,4,727,train
0,4,728,train
0,4,729,train
0,4,730,train
0,4,731,train
0,4,732,train
0,4,733,train
0,4,734,train
0,4,735,train
0,4,736,train
0,4,738,train
0,4,739,train
0,4,741,train
0,4,742,train
0,4,744,train
0,4,746,train
0,4,747,train
0,4,748,train
0,4,749,train
0,4,750,train
0,4,751,train
0,4,752,train
0,4,753,train
0,4,754,train
0,4,756,train
0,4,757,train
0,4,758,train
0,4,759,train
0,4,760,train
0,4,761,train
0,4,762,train
0,4,763,train
0,4,765,train
0,4,766,train
0,4,767,train
0,4,768,train
0,4,769,train
0,4,770,train
0,4,771,train
0,4,772,train
0,4,773,train
0,4,774,train
0,4,775,train
0,4,776,train
0,4,778,train
0,4,779,train
0,4,781,train
0,4,782,train
0,4,783,train
0,4,784,train
0,4,785,train
0,4,786,train
0,4,788,train
0,4,790,train
0,4,792,train
0,4,793,train
0,4,794,train
0,4,795,train
0,4,796,train
0,4,798,train
0,4,799,train
0,4,800,train
0,4,802,train
0,4,803,train
0,4,804,train
0,4,806,train
0,4,808,train
0,4,809,train
0,4,810,train
0,4,811,train
0,4,813,train
0,4,814,train
0,4,816,train
0,4,817,train
0,4,818,train
0,4,819,train
0,4,820,train
0,4,822,train
0,4,824,train
0,4,825,train
0,4,826,train
0,4,827,train
0,4,828,train
0,4,829,train
0,4,830,train
0,4,831,train
0,4,832,train
0,4,833,train
0,4,835,train
0,4,836,train
0,4,837,train
0,4,838,train
0,4,839,train
0,4,840,train
0,4,841,train
0,4,842,train
0,4,843,train
0,4,845,train
0,4,847,train
0,4,848,train
0,4,850,train
0,4,851,train
0,4,852,train
0,4,855,train
0,4,857,train
0,4,858,train
0,4,860,train
0,4,861,train
0,4,862,train
0,4,863,train
0,4,864,train
0,4,866,train
0,4,867,train
0,4,868,train
0,4,869,train
0,4,872,train
0,4,873,train
0,4,874,train
0,4,875,train
0,4,876,train
0,4,877,train
0,4,878,train
0,4,879,train
0,4,881,train
0,4,882,train
0,4,883,train
0,4,884,train
0,4,885,train
0,4,886,train
0,4,887,train
0,4,890,train
0,4,891,train
0,4,892,train
0,4,893,train
0,4,894,train
0,4,895,train
0,4,896,train
0,4,897,train
0,4,898,train
0,4,899,train
0,4,900,train
0,4,901,train
0,4,902,train
0,4,903,train
0,4,904,train
0,4,905,train
0,4,907,train
0,4,908,train
0,4,909,train
0,4,910,train
0,4,911,train
0,4,913,train
0,4,914,train
0,4,915,train
0,4,916,train
0,4,918,train
0,4,919,train
0,4,921,train
0,4,922,train
0,4,925,train
0,4,926,train
0,4,927,train
0,4,928,train
0,4,929,train
0,4,930,train
0,4,931,train
0,4,932,train
0,4,933,train
0,4,934,train
0,4,935,train
0,4,936,train
0,4,937,train
0,4,938,train
0,4,940,train
0,4,942,train
0,4,943,train
0,4,944,train
0,4,946,train
0,4,947,train
0,4,949,train
0,4,950,train
0,4,951,train
0,4,952,train
0,4,953,train
0,4,954,train
0,4,956,train
0,4,957,train
0,4,958,train
0,4,959,train
0,4,960,train
0,4,961,train
0,4,962,train
0,4,963,train
0,4,964,train
0,4,966,train
0,4,968,train
0,4,969,train
0,4,970,train
0,4,971,train
0,4,972,train
0,4,975,train
0,4,978,train
0,4,979,train
0,4,981,train
0,4,982,train
0,4,983,train
0,4,984,train
0,4,986,train
0,4,987,train
0,4,988,train
0,4,989,train
0,4,990,train
0,4,991,train
0,4,992,train
0,4,994,train
0,4,995,train
0,4,996,train
0,4,997,train
0,4,999,train
0,4,1000,train
0,4,1001,train
0,4,1002,train
0,4,1004,train
0,4,1005,train
0,4,1006,train
0,4,1007,train
0,4,1009,train
0,4,1010,train
0,4,1011,train
0,4,1013,train
0,4,1014,train
0,4,1016,train
0,4,1017,train
0,4,1018,train
0,4,1019,train
0,4,1020,train
0,4,1021,train
0,4,1024,train
0,4,1025,train
0,4,1026,train
0,4,1027,train
0,4,1028,train
0,4,1029,train
0,4,1030,train
0,4,1032,train
0,4,1034,train
0,4,1035,train
0,4,1036,train
0,4,1037,train
0,4,1038,train
0,4,1039,train
0,4,1041,train
0,4,1042,train
0,4,1043,train
0,4,1044,train
0,4,1046,train
0,4,1047,train
0,4,1048,train
0,4,1049,train
0,4,1052,train
0,4,1053,train
0,4,1054,train
0,4,1055,train
0,4,1056,train
0,4,1057,train
0,4,1058,train
0,4,1059,train
0,4,1060,train
0,4,1061,train
0,4,1062,train
0,4,1064,train
0,4,1065,train
0,4,1066,train
0,4,1067,train
0,4,1068,train
0,4,1069,train
0,4,1070,train
0,4,1072,train
0,4,1073,train
0,4,1075,train
0,4,1076,train
0,4,1077,train
0,4,1078,train
0,4,1079,train
0,4,1080,train
0,4,1081,train
0,4,1082,train
0,4,1083,train
0,4,1085,train
0,4,1086,train
0,4,1087,train
0,4,1089,train
0,4,1090,train
0,4,1091,train
0,4,1092,train
0,4,1093,train
0,4,1094,train
0,4,1095,train
0,4,1096,train
0,4,1097,train
0,4,1098,train
0,4,1099,train
0,4,3,valid
0,4,10,valid
0,4,14,valid
0,4,19,valid
0,4,20,valid
0,4,23,valid
0,4,29,valid
0,4,32,valid
0,4,34,valid
0,4,35,valid
0,4,38,valid
0,4,41,valid
0,4,43,valid
0,4,44,valid
0,4,49,valid
0,4,50,valid
0,4,52,valid
0,4,59,valid
0,4,63,valid
0,4,74,valid
0,4,79,valid
0,4,82,valid
0,4,89,valid
0,4,91,valid
0,4,93,valid
0,4,112,valid
0,4,122,valid
0,4,125,valid
0,4,129,valid
0,4,130,valid
0,4,134,valid
0,4,136,valid
0,4,137,valid
0,4,138,valid
0,4,145,valid
0,4,147,valid
0,4,148,valid
0,4,151,valid
0,4,154,valid
0,4,173,valid
0,4,184,valid
0,4,185,valid
0,4,191,valid
0,4,194,valid
0,4,195,valid
0,4,198,valid
0,4,204,valid
0,4,217,valid
0,4,218,valid
0,4,220,valid
0,4,231,valid
0,4,237,valid
0,4,238,valid
0,4,240,valid
0,4,241,valid
0,4,248,valid
0,4,266,valid
0,4,268,valid
0,4,275,valid
0,4,277,valid
0,4,290,valid
0,4,300,valid
0,4,303,valid
0,4,305,valid
0,4,308,valid
0,4,314,valid
0,4,319,valid
0,4,337,valid
0,4,342,valid
0,4,351,valid
0,4,352,valid
0,4,358,valid
0,4,379,valid
0,4,382,valid
0,4,384,valid
0,4,394,valid
0,4,398,valid
0,4,399,valid
0,4,404,valid
0,4,406,valid
0,4,414,valid
0,4,419,valid
0,4,422,valid
0,4,426,valid
0,4,429,valid
0,4,431,valid
0,4,434,valid
0,4,437,valid
0,4,443,valid
0,4,445,valid
0,4,449,valid
0,4,451,valid
0,4,452,valid
0,4,457,valid
0,4,462,valid
0,4,470,valid
0,4,472,valid
0,4,479,valid
0,4,482,valid
0,4,484,valid
0,4,512,valid
0,4,517,valid
0,4,519,valid
0,4,523,valid
0,4,527,valid
0,4,528,valid
0,4,536,valid
0,4,537,valid
0,4,539,valid
0,4,543,valid
0,4,545,valid
0,4,546,valid
0,4,547,valid
0,4,551,valid
0,4,555,valid
0,4,561,valid
0,4,563,valid
0,4,565,valid
0,4,570,valid
0,4,576,valid
0,4,582,valid
0,4,591,valid
0,4,599,valid
0,4,603,valid
0,4,605,valid
0,4,609,valid
0,4,611,valid
0,4,613,valid
0,4,617,valid
0,4,629,valid
0,4,632,valid
0,4,638,valid
0,4,640,valid
0,4,642,valid
0,4,643,valid
0,4,648,valid
0,4,673,valid
0,4,676,valid
0,4,677,valid
0,4,682,valid
0,4,684,valid
0,4,687,valid
0,4,696,valid
0,4,701,valid
0,4,705,valid
0,4,713,valid
0,4,714,valid
0,4,721,valid
0,4,723,valid
0,4,725,valid
0,4,737,valid
0,4,740,valid
0,4,743,valid
0,4,745,valid
0,4,755,valid
0,4,764,valid
0,4,777,valid
0,4,780,valid
0,4,787,valid
0,4,789,valid
0,4,791,valid
0,4,797,valid
0,4,801,valid
0,4,807,valid
0,4,812,valid
0,4,815,valid
0,4,821,valid
0,4,823,valid
0,4,834,valid
0,4,844,valid
0,4,846,valid
0,4,849,valid
0,4,853,valid
0,4,854,valid
0,4,856,valid
0,4,859,valid
0,4,865,valid
0,4,870,valid
0,4,871,valid
0,4,880,valid
0,4,888,valid
0,4,906,valid
0,4,912,valid
0,4,917,valid
0,4,920,valid
0,4,923,valid
0,4,924,valid
0,4,939,valid
0,4,941,valid
0,4,945,valid
0,4,948,valid
0,4,955,valid
0,4,965,valid
0,4,967,valid
0,4,973,valid
0,4,974,valid
0,4,976,valid
0,4,977,valid
0,4,980,valid
0,4,985,valid
0,4,993,valid
0,4,998,valid
0,4,1003,valid
0,4,1008,valid
0,4,1012,valid
0,4,1015,valid
0,4,1022,valid
0,4,1023,valid
0,4,1031,valid
0,4,1033,valid
0,4,1040,valid
0,4,1045,valid
0,4,1050,valid
0,4,1051,valid
0,4,1063,valid
0,4,1071,valid
0,4,1074,valid
0,4,1084,valid
0,4,1088,valid
1,0,0,train
1,0,1,train
1,0,2,train
1,0,3,train
1,0,4,train
1,0,5,train
1,0,7,train
1,0,8,train
1,0,9,train
1,0,10,train
1,0,12,train
1,0,14,train
1,0,15,train
1,0,16,train
1,0,17,train
1,0,18,train
1,0,19,train
1,0,20,train
1,0,21,train
1,0,23,train
1,0,24,train
1,0,25,train
1,0,26,train
1,0,27,train
1,0,28,train
1,0,30,train
1,0,32,train
1,0,33,train
1,0,34,train
1,0,35,train
1,0,36,train
1,0,37,train
1,0,38,train
1,0,39,train
1,0,41,train
1,0,43,train
1,0,44,train
1,0,46,train
1,0,49,train
1,0,52,train
1,0,53,train
1,0,55,train
1,0,56,train
1,0,57,train
1,0,58,train
1,0,59,train
1,0,60,train
1,0,61,train
1,0,62,train
1,0,63,train
1,0,64,train
1,0,66,train
1,0,67,train
1,0,69,train
1,0,70,train
1,0,71,train
1,0,73,train
1,0,74,train
1,0,75,train
1,0,76,train
1,0,77,train
1,0,78,train
1,0,79,train
1,0,80,train
1,0,81,train
1,0,82,train
1,0,83,train
1,0,84,train
1,0,86,train
1,0,87,train
1,0,88,train
1,0,90,train
1,0,91,train
1,0,92,train
1,0,93,train
1,0,94,train
1,0,95,train
1,0,96,train
1,0,97,train
1,0,98,train
1,0,101,train
1,0,102,train
1,0,103,train
1,0,104,train
1,0,105,train
1,0,106,train
1,0,107,train
1,0,108,train
1,0,109,train
1,0,110,train
1,0,111,train
1,0,113,train
1,0,115,train
1,0,116,train
1,0,117,train
1,0,121,train
1,0,122,train
1,0,123,train
1,0,124,train
1,0,125,train
1,0,126,train
1,0,128,train
1,0,129,train
1,0,130,train
1,0,131,train
1,0,132,train
1,0,133,train
1,0,135,train
1,0,136,train
1,0,137,train
1,0,138,train
1,0,139,train
1,0,140,train
1,0,141,train
1,0,142,train
1,0,143,train
1,0,144,train
1,0,145,train
1,0,146,train
1,0,147,train
1,0,148,train
1,0,149,train
1,0,151,train
1,0,152,train
1,0,154,train
1,0,155,train
1,0,156,train
1,0,157,train
1,0,158,train
1,0,160,train
1,0,161,train
1,0,163,train
1,0,164,train
1,0,165,train
1,0,167,train
1,0,168,train
1,0,170,train
1,0,172,train
1,0,173,train
1,0,174,train
1,0,175,train
1,0,176,train
1,0,178,train
1,0,179,train
1,0,180,train
1,0,181,train
1,0,182,train
1,0,183,train
1,0,184,train
1,0,185,train
1,0,186,train
1,0,187,train
1,0,189,train
1,0,190,train
1,0,192,train
1,0,193,train
1,0,194,train
1,0,195,train
1,0,196,train
1,0,197,train
1,0,198,train
1,0,199,train
1,0,200,train
1,0,201,train
1,0,202,train
1,0,203,train
1,0,204,train
1,0,205,train
1,0,206,train
1,0,207,train
1,0,208,train
1,0,210,train
1,0,211,train
1,0,212,train
1,0,213,train
1,0,214,train
1,0,215,train
1,0,216,train
1,0,217,train
1,0,218,train
1,0,219,train
1,0,220,train
1,0,221,train
1,0,222,train
1,0,224,train
1,0,226,train
1,0,227,train
1,0,228,train
1,0,229,train
1,0,230,train
1,0,231,train
1,0,232,train
1,0,233,train
1,0,234,train
1,0,236,train
1,0,237,train
1,0,238,train
1,0,239,train
1,0,241,train
1,0,242,train
1,0,244,train
1,0,246,train
1,0,247,train
1,0,248,train
1,0,249,train
1,0,250,train
1,0,251,train
1,0,252,train
1,0,256,train
1,0,257,train
1,0,258,train
1,0,259,train
1,0,260,train
1,0,261,train
1,0,262,train
1,0,263,train
1,0,264,train
1,0,265,train
1,0,266,train
1,0,268,train
1,0,270,train
1,0,271,train
1,0,272,train
1,0,273,train
1,0,274,train
1,0,276,train
1,0,278,train
1,0,280,train
1,0,281,train
1,0,282,train
1,0,283,train
1,0,286,train
1,0,287,train
1,0,288,train
1,0,290,train
1,0,292,train
1,0,293,train
1,0,294,train
1,0,295,train
1,0,296,train
1,0,299,train
1,0,300,train
1,0,301,train
1,0,302,train
1,0,303,train
1,0,304,train
1,0,306,train
1,0,307,train
1,0,308,train
1,0,309,train
1,0,310,train
1,0,311,train
1,0,313,train
1,0,314,train
1,0,315,train
1,0,316,train
1,0,317,train
1,0,318,train
1,0,322,train
1,0,323,train
1,0,324,train
1,0,325,train
1,0,327,train
1,0,328,train
1,0,330,train
1,0,331,train
1,0,334,train
1,0,335,train
1,0,336,train
1,0,337,train
1,0,338,train
1,0,339,train
1,0,340,train
1,0,341,train
1,0,342,train
1,0,343,train
1,0,344,train
1,0,346,train
1,0,347,train
1,0,348,train
1,0,349,train
1,0,350,train
1,0,351,train
1,0,352,train
1,0,353,train
1,0,354,train
1,0,355,train
1,0,356,train
1,0,357,train
1,0,358,train
1,0,361,train
1,0,362,train
1,0,363,train
1,0,364,train
1,0,366,train
1,0,367,train
1,0,369,train
1,0,370,train
1,0,371,train
1,0,372,train
1,0,373,train
1,0,375,train
1,0,376,train
1,0,377,train
1,0,378,train
1,0,379,train
1,0,380,train
1,0,381,train
1,0,383,train
1,0,384,train
1,0,385,train
1,0,386,train
1,0,388,train
1,0,389,train
1,0,390,train
1,0,391,train
1,0,392,train
1,0,393,train
1,0,394,train
1,0,395,train
1,0,396,train
1,0,397,train
1,0,398,train
1,0,400,train
1,0,401,train
1,0,404,train
1,0,405,train
1,0,406,train
1,0,407,train
1,0,408,train
1,0,409,train
1,0,410,train
1,0,411,train
1,0,412,train
1,0,414,train
1,0,416,train
1,0,417,train
1,0,418,train
1,0,419,train
1,0,422,train
1,0,423,train
1,0,424,train
1,0,426,train
1,0,427,train
1,0,428,train
1,0,430,train
1,0,431,train
1,0,432,train
1,0,433,train
1,0,434,train
1,0,435,train
1,0,436,train
1,0,438,train
1,0,439,train
1,0,440,train
1,0,441,train
1,0,442,train
1,0,443,train
1,0,444,train
1,0,445,train
1,0,446,train
1,0,447,train
1,0,448,train
1,0,450,train
1,0,451,train
1,0,452,train
1,0,453,train
1,0,454,train
1,0,455,train
1,0,456,train
1,0,457,train
1,0,458,train
1,0,459,train
1,0,460,train
1,0,461,train
1,0,462,train
1,0,464,train
1,0,465,train
1,0,466,train
1,0,467,train
1,0,469,train
1,0,470,train
1,0,471,train
1,0,472,train
1,0,473,train
1,0,474,train
1,0,475,train
1,0,476,train
1,0,477,train
1,0,478,train
1,0,479,train
1,0,480,train
1,0,481,train
1,0,482,train
1,0,483,train
1,0,484,train
1,0,485,train
1,0,486,train
1,0,487,train
1,0,488,train
1,0,490,train
1,0,491,train
1,0,493,train
1,0,494,train
1,0,496,train
1,0,497,train
1,0,498,train
1,0,499,train
1,0,501,train
1,0,502,train
1,0,504,train
1,0,505,train
1,0,506,train
1,0,507,train
1,0,508,train
1,0,510,train
1,0,511,train
1,0,512,train
1,0,514,train
1,0,515,train
1,0,516,train
1,0,517,train
1,0,518,train
1,0,519,train
1,0,521,train
1,0,522,train
1,0,524,train
1,0,525,train
1,0,527,train
1,0,528,train
1,0,530,train
1,0,531,train
1,0,532,train
1,0,533,train
1,0,534,train
1,0,536,train
1,0,537,train
1,0,538,train
1,0,539,train
1,0,541,train
1,0,543,train
1,0,544,train
1,0,545,train
1,0,546,train
1,0,549,train
1,0,550,train
1,0,551,train
1,0,552,train
1,0,555,train
1,0,556,train
1,0,558,train
1,0,559,train
1,0,560,train
1,0,561,train
1,0,563,train
1,0,564,train
1,0,565,train
1,0,566,train
1,0,567,train
1,0,568,train
1,0,569,train
1,0,570,train
1,0,571,train
1,0,572,train
1,0,573,train
1,0,574,train
1,0,575,train
1,0,576,train
1,0,577,train
1,0,580,train
1,0,581,train
1,0,582,train
1,0,584,train
1,0,585,train
1,0,586,train
1,0,591,train
1,0,592,train
1,0,593,train
1,0,594,train
1,0,595,train
1,0,596,train
1,0,597,train
1,0,598,train
1,0,599,train
1,0,600,train
1,0,602,train
1,0,603,train
1,0,604,train
1,0,605,train
1,0,606,train
1,0,607,train
1,0,608,train
1,0,609,train
1,0,610,train
1,0,611,train
1,0,613,train
1,0,614,train
1,0,615,train
1,0,617,train
1,0,618,train
1,0,619,train
1,0,620,train
1,0,622,train
1,0,623,train
1,0,625,train
1,0,626,train
1,0,627,train
1,0,628,train
1,0,629,train
1,0,630,train
1,0,631,train
1,0,635,train
1,0,636,train
1,0,637,train
1,0,638,train
1,0,639,train
1,0,640,train
1,0,641,train
1,0,642,train
1,0,643,train
1,0,644,train
1,0,645,train
1,0,646,train
1,0,649,train
1,0,650,train
1,0,651,train
1,0,653,train
1,0,656,train
1,0,657,train
1,0,658,train
1,0,659,train
1,0,660,train
1,0,661,train
1,0,662,train
1,0,663,train
1,0,664,train
1,0,666,train
1,0,667,train
1,0,668,train
1,0,669,train
1,0,670,train
1,0,671,train
1,0,672,train
1,0,674,train
1,0,675,train
1,0,676,train
1,0,678,train
1,0,679,train
1,0,680,train
1,0,681,train
1,0,683,train
1,0,684,train
1,0,685,train
1,0,687,train
1,0,689,train
1,0,690,train
1,0,691,train
1,0,692,train
1,0,693,train
1,0,694,train
1,0,695,train
1,0,696,train
1,0,698,train
1,0,700,train
1,0,702,train
1,0,703,train
1,0,704,train
1,0,705,train
1,0,707,train
1,0,708,train
1,0,711,train
1,0,712,train
1,0,713,train
1,0,714,train
1,0,715,train
1,0,716,train
1,0,717,train
1,0,719,train
1,0,720,train
1,0,722,train
1,0,723,train
1,0,725,train
1,0,726,train
1,0,727,train
1,0,729,train
1,0,730,train
1,0,732,train
1,0,733,train
1,0,734,train
1,0,735,train
1,0,737,train
1,0,738,train
1,0,739,train
1,0,740,train
1,0,741,train
1,0,742,train
1,0,743,train
1,0,744,train
1,0,745,train
1,0,747,train
1,0,748,train
1,0,749,train
1,0,750,train
1,0,751,train
1,0,752,train
1,0,753,train
1,0,755,train
1,0,756,train
1,0,757,train
1,0,760,train
1,0,763,train
1,0,764,train
1,0,765,train
1,0,766,train
1,0,767,train
1,0,769,train
1,0,770,train
1,0,771,train
1,0,772,train
1,0,773,train
1,0,774,train
1,0,776,train
1,0,777,train
1,0,778,train
1,0,780,train
1,0,781,train
1,0,783,train
1,0,784,train
1,0,786,train
1,0,787,train
1,0,789,train
1,0,790,train
1,0,792,train
1,0,793,train
1,0,794,train
1,0,795,train
1,0,796,train
1,0,797,train
1,0,798,train
1,0,799,train
1,0,800,train
1,0,802,train
1,0,803,train
1,0,804,train
1,0,807,train
1,0,810,train
1,0,811,train
1,0,812,train
1,0,813,train
1,0,814,train
1,0,817,train
1,0,818,train
1,0,819,train
1,0,820,train
1,0,821,train
1,0,822,train
1,0,823,train
1,0,824,train
1,0,825,train
1,0,826,train
1,0,828,train
1,0,830,train
1,0,831,train
1,0,832,train
1,0,834,train
1,0,835,train
1,0,836,train
1,0,837,train
1,0,838,train
1,0,839,train
1,0,841,train
1,0,842,train
1,0,843,train
1,0,844,train
1,0,845,train
1,0,846,train
1,0,847,train
1,0,849,train
1,0,850,train
1,0,851,train
1,0,852,train
1,0,853,train
1,0,854,train
1,0,855,train
1,0,856,train
1,0,857,train
1,0,858,train
1,0,859,train
1,0,861,train
1,0,862,train
1,0,863,train
1,0,864,train
1,0,865,train
1,0,867,train
1,0,870,train
1,0,871,train
1,0,872,train
1,0,873,train
1,0,874,train
1,0,878,train
1,0,879,train
1,0,881,train
1,0,882,train
1,0,883,train
1,0,884,train
1,0,885,train
1,0,888,train
1,0,890,train
1,0,891,train
1,0,893,train
1,0,894,train
1,0,895,train
1,0,896,train
1,0,897,train
1,0,898,train
1,0,901,train
1,0,902,train
1,0,903,train
1,0,906,train
1,0,908,train
1,0,909,train
1,0,910,train
1,0,911,train
1,0,912,train
1,0,914,train
1,0,915,train
1,0,916,train
1,0,917,train
1,0,919,train
1,0,920,train
1,0,921,train
1,0,922,train
1,0,923,train
1,0,924,train
1,0,926,train
1,0,927,train
1,0,928,train
1,0,929,train
1,0,930,train
1,0,931,train
1,0,932,train
1,0,933,train
1,0,934,train
1,0,935,train
1,0,936,train
1,0,939,train
1,0,940,train
1,0,941,train
1,0,942,train
1,0,943,train
1,0,944,train
1,0,945,train
1,0,947,train
1,0,949,train
1,0,950,train
1,0,952,train
1,0,953,train
1,0,956,train
1,0,957,train
1,0,958,train
1,0,959,train
1,0,960,train
1,0,961,train
1,0,962,train
1,0,964,train
1,0,965,train
1,0,966,train
1,0,968,train
1,0,969,train
1,0,970,train
1,0,971,train
1,0,973,train
1,0,974,train
1,0,975,train
1,0,976,train
1,0,977,train
1,0,978,train
1,0,979,train
1,0,981,train
1,0,982,train
1,0,983,train
1,0,984,train
1,0,985,train
1,0,986,train
1,0,987,train
1,0,988,train
1,0,989,train
1,0,990,train
1,0,992,train
1,0,994,train
1,0,996,train
1,0,997,train
1,0,999,train
1,0,1000,train
1,0,1001,train
1,0,1002,train
1,0,1003,train
1,0,1004,train
1,0,1005,train
1,0,1007,train
1,0,1008,train
1,0,1009,train
1,0,1011,train
1,0,1012,train
1,0,1013,train
1,0,1014,train
1,0,1015,train
1,0,1016,train
1,0,1017,train
1,0,1019,train
1,0,1020,train
1,0,1021,train
1,0,1022,train
1,0,1023,train
1,0,1025,train
1,0,1026,train
1,0,1027,train
1,0,1028,train
1,0,1029,train
1,0,1030,train
1,0,1031,train
1,0,1032,train
1,0,1034,train
1,0,1035,train
1,0,1036,train
1,0,1037,train
1,0,1038,train
1,0,1039,train
1,0,1040,train
1,0,1041,train
1,0,1042,train
1,0,1044,train
1,0,1045,train
1,0,1046,train
1,0,1049,train
1,0,1050,train
1,0,1051,train
1,0,1052,train
1,0,1053,train
1,0,1054,train
1,0,1055,train
1,0,1058,train
1,0,1059,train
1,0,1060,train
1,0,1061,train
1,0,1062,train
1,0,1063,train
1,0,1065,train
1,0,1066,train
1,0,1067,train
1,0,1068,train
1,0,1069,train
1,0,1070,train
1,0,1071,train
1,0,1072,train
1,0,1073,train
1,0,1074,train
1,0,1075,train
1,0,1077,train
1,0,1078,train
1,0,1079,train
1,0,1081,train
1,0,1082,train
1,0,1083,train
1,0,1084,train
1,0,1085,train
1,0,1086,train
1,0,1087,train
1,0,1088,train
1,0,1089,train
1,0,1090,train
1,0,1091,train
1,0,1093,train
1,0,1095,train
1,0,1096,train
1,0,1097,train
1,0,1098,train
1,0,1099,train
1,0,6,valid
1,0,11,valid
1,0,13,valid
1,0,22,valid
1,0,29,valid
1,0,31,valid
1,0,40,valid
1,0,42,valid
1,0,45,valid
1,0,47,valid
1,0,48,valid
1,0,50,valid
1,0,51,valid
1,0,54,valid
1,0,65,valid
1,0,68,valid
1,0,72,valid
1,0,85,valid
1,0,89,valid
1,0,99,valid
1,0,100,valid
1,0,112,valid
1,0,114,valid
1,0,118,valid
1,0,119,valid
1,0,120,valid
1,0,127,valid
1,0,134,valid
1,0,150,valid
1,0,153,valid
1,0,159,valid
1,0,162,valid
1,0,166,valid
1,0,169,valid
1,0,171,valid
1,0,177,valid
1,0,188,valid
1,0,191,valid
1,0,209,valid
1,0,223,valid
1,0,225,valid
1,0,235,valid
1,0,240,valid
1,0,243,valid
1,0,245,valid
1,0,253,valid
1,0,254,valid
1,0,255,valid
1,0,267,valid
1,0,269,valid
1,0,275,valid
1,0,277,valid
1,0,279,valid
1,0,284,valid
1,0,285,valid
1,0,289,valid
1,0,291,valid
1,0,297,valid
1,0,298,valid
1,0,305,valid
1,0,312,valid
1,0,319,valid
1,0,320,valid
1,0,321,valid
1,0,326,valid
1,0,329,valid
1,0,332,valid
1,0,333,valid
1,0,345,valid
1,0,359,valid
1,0,360,valid
1,0,365,valid
1,0,368,valid
1,0,374,valid
1,0,382,valid
1,0,387,valid
1,0,399,valid
1,0,402,valid
1,0,403,valid
1,0,413,valid
1,0,415,valid
1,0,420,valid
1,0,421,valid
1,0,425,valid
1,0,429,valid
1,0,437,valid
1,0,449,valid
1,0,463,valid
1,0,468,valid
1,0,489,valid
1,0,492,valid
1,0,495,valid
1,0,500,valid
1,0,503,valid
1,0,509,valid
1,0,513,valid
1,0,520,valid
1,0,523,valid
1,0,526,valid
1,0,529,valid
1,0,535,valid
1,0,540,valid
1,0,542,valid
1,0,547,valid
1,0,548,valid
1,0,553,valid
1,0,554,valid
1,0,557,valid
1,0,562,valid
1,0,578,valid
1,0,579,valid
1,0,583,valid
1,0,587,valid
1,0,588,valid
1,0,589,valid
1,0,590,valid
1,0,601,valid
1,0,612,valid
1,0,616,valid
1,0,621,valid
1,0,624,valid
1,0,632,valid
1,0,633,valid
1,0,634,valid
1,0,647,valid
1,0,648,valid
1,0,652,valid
1,0,654,valid
1,0,655,valid
1,0,665,valid
1,0,673,valid
1,0,677,valid
1,0,682,valid
1,0,686,valid
1,0,688,valid
1,0,697,valid
1,0,699,valid
1,0,701,valid
1,0,706,valid
1,0,709,valid
1,0,710,valid
1,0,718,valid
1,0,721,valid
1,0,724,valid
1,0,728,valid
1,0,731,valid
1,0,736,valid
1,0,746,valid
1,0,754,valid
1,0,758,valid
1,0,759,valid
1,0,761,valid
1,0,762,valid
1,0,768,valid
1,0,775,valid
1,0,779,valid
1,0,782,valid
1,0,785,valid
1,0,788,valid
1,0,791,valid
1,0,801,valid
1,0,806,valid
1,0,808,valid
1,0,809,valid
1,0,815,valid
1,0,816,valid
1,0,827,valid
1,0,829,valid
1,0,833,valid
1,0,840,valid
1,0,848,valid
1,0,860,valid
1,0,866,valid
1,0,868,valid
1,0,869,valid
1,0,875,valid
1,0,876,valid
1,0,877,valid
1,0,880,valid
1,0,886,valid
1,0,887,valid
1,0,892,valid
1,0,899,valid
1,0,900,valid
1,0,904,valid
1,0,905,valid
1,0,907,valid
1,0,913,valid
1,0,918,valid
1,0,925,valid
1,0,937,valid
1,0,938,valid
1,0,946,valid
1,0,948,valid
1,0,951,valid
1,0,954,valid
1,0,955,valid
1,0,963,valid
1,0,967,valid
1,0,972,valid
1,0,980,valid
1,0,991,valid
1,0,993,valid
1,0,995,valid
1,0,998,valid
1,0,1006,valid
1,0,1010,valid
1,0,1018,valid
1,0,1024,valid
1,0,1033,valid
1,0,1043,valid
1,0,1047,valid
1,0,1048,valid
1,0,1056,valid
1,0,1057,valid
1,0,1064,valid
1,0,1076,valid
1,0,1080,valid
1,0,1092,valid
1,0,1094,valid
1,1,0,train
1,1,1,train
1,1,2,train
1,1,3,train
1,1,4,train
1,1,5,train
1,1,6,train
1,1,7,train
1,1,8,train
1,1,9,train
1,1,11,train
1,1,12,train
1,1,13,train
1,1,15,train
1,1,17,train
1,1,19,train
1,1,20,train
1,1,22,train
1,1,23,train
1,1,24,train
1,1,27,train
1,1,28,train
1,1,29,train
1,1,30,train
1,1,31,train
1,1,32,train
1,1,33,train
1,1,35,train
1,1,36,train
1,1,37,train
1,1,38,train
1,1,39,train
1,1,40,train
1,1,41,train
1,1,42,train
1,1,44,train
1,1,45,train
1,1,46,train
1,1,47,train
1,1,48,train
1,1,49,train
1,1,50,train
1,1,51,train
1,1,53,train
1,1,54,train
1,1,55,train
1,1,56,train
1,1,59,train
1,1,61,train
1,1,62,train
1,1,65,train
1,1,66,train
1,1,67,train
1,1,68,train
1,1,69,train
1,1,71,train
1,1,72,train
1,1,73,train
1,1,75,train
1,1,77,train
1,1,78,train
1,1,80,train
1,1,81,train
1,1,83,train
1,1,85,train
1,1,86,train
1,1,88,train
1,1,89,train
1,1,91,train
1,1,92,train
1,1,93,train
1,1,94,train
1,1,95,train
1,1,96,train
1,1,97,train
1,1,98,train
1,1,99,train
1,1,100,train
1,1,102,train
1,1,103,train
1,1,106,train
1,1,107,train
1,1,109,train
1,1,110,train
1,1,111,train
1,1,112,train
1,1,113,train
1,1,114,train
1,1,115,train
1,1,116,train
1,1,117,train
1,1,118,train
1,1,119,train
1,1,120,train
1,1,121,train
1,1,122,train
1,1,123,train
1,1,126,train
1,1,127,train
1,1,129,train
1,1,131,train
1,1,132,train
1,1,134,train
1,1,136,train
1,1,138,train
1,1,139,train
1,1,140,train
1,1,142,train
1,1,143,train
1,1,144,train
1,1,145,train
1,1,146,train
1,1,147,train
1,1,149,train
1,1,150,train
1,1,152,train
1,1,153,train
1,1,154,train
1,1,156,train
1,1,159,train
1,1,161,train
1,1,162,train
1,1,163,train
1,1,164,train
1,1,165,train
1,1,166,train
1,1,167,train
1,1,168,train
1,1,169,train
1,1,170,train
1,1,171,train
1,1,172,train
1,1,173,train
1,1,174,train
1,1,175,train
1,1,177,train
1,1,179,train
1,1,180,train
1,1,185,train
1,1,188,train
1,1,190,train
1,1,191,train
1,1,192,train
1,1,193,train
1,1,195,train
1,1,196,train
1,1,197,train
1,1,198,train
1,1,199,train
1,1,200,train
1,1,202,train
1,1,204,train
1,1,205,train
1,1,206,train
1,1,207,train
1,1,208,train
1,1,209,train
1,1,212,train
1,1,213,train
1,1,214,train
1,1,215,train
1,1,217,train
1,1,218,train
1,1,219,train
1,1,220,train
1,1,221,train
1,1,222,train
1,1,223,train
1,1,224,train
1,1,225,train
1,1,226,train
1,1,228,train
1,1,229,train
1,1,230,train
1,1,231,train
1,1,233,train
1,1,234,train
1,1,235,train
1,1,236,train
1,1,238,train
1,1,240,train
1,1,241,train
1,1,242,train
1,1,243,train
1,1,245,train
1,1,246,train
1,1,247,train
1,1,249,train
1,1,250,train
1,1,253,train
1,1,254,train
1,1,255,train
1,1,256,train
1,1,257,train
1,1,258,train
1,1,259,train
1,1,262,train
1,1,263,train
1,1,264,train
1,1,265,train
1,1,266,train
1,1,267,train
1,1,269,train
1,1,271,train
1,1,272,train
1,1,273,train
1,1,275,train
1,1,276,train
1,1,277,train
1,1,278,train
1,1,279,train
1,1,281,train
1,1,282,train
1,1,283,train
1,1,284,train
1,1,285,train
1,1,286,train
1,1,287,train
1,1,289,train
1,1,290,train
1,1,291,train
1,1,292,train
1,1,293,train
1,1,294,train
1,1,295,train
1,1,297,train
1,1,298,train
1,1,299,train
1,1,301,train
1,1,302,train
1,1,304,train
1,1,305,train
1,1,306,train
1,1,307,train
1,1,308,train
1,1,309,train
1,1,310,train
1,1,311,train
1,1,312,train
1,1,313,train
1,1,314,train
1,1,316,train
1,1,317,train
1,1,318,train
1,1,319,train
1,1,320,train
1,1,321,train
1,1,322,train
1,1,323,train
1,1,324,train
1,1,325,train
1,1,326,train
1,1,327,train
1,1,328,train
1,1,329,train
1,1,330,train
1,1,331,train
1,1,332,train
1,1,333,train
1,1,334,train
1,1,335,train
1,1,336,train
1,1,337,train
1,1,338,train
1,1,339,train
1,1,342,train
1,1,343,train
1,1,345,train
1,1,346,train
1,1,347,train
1,1,348,train
1,1,349,train
1,1,350,train
1,1,351,train
1,1,354,train
1,1,356,train
1,1,357,train
1,1,358,train
1,1,359,train
1,1,360,train
1,1,361,train
1,1,362,train
1,1,363,train
1,1,364,train
1,1,365,train
1,1,366,train
1,1,367,train
1,1,368,train
1,1,369,train
1,1,370,train
1,1,371,train
1,1,372,train
1,1,373,train
1,1,374,train
1,1,376,train
1,1,377,train
1,1,378,train
1,1,379,train
1,1,380,train
1,1,381,train
1,1,382,train
1,1,383,train
1,1,384,train
1,1,385,train
1,1,386,train
1,1,387,train
1,1,388,train
1,1,389,train
1,1,390,train
1,1,391,train
1,1,392,train
1,1,393,train
1,1,396,train
1,1,397,train
1,1,398,train
1,1,399,train
1,1,400,train
1,1,401,train
1,1,402,train
1,1,403,train
1,1,404,train
1,1,405,train
1,1,406,train
1,1,407,train
1,1,408,train
1,1,409,train
1,1,410,train
1,1,411,train
1,1,412,train
1,1,413,train
1,1,414,train
1,1,415,train
1,1,416,train
1,1,417,train
1,1,418,train
1,1,419,train
1,1,420,train
1,1,421,train
1,1,423,train
1,1,424,train
1,1,425,train
1,1,426,train
1,1,428,train
1,1,429,train
1,1,430,train
1,1,431,train
1,1,434,train
1,1,435,train
1,1,436,train
1,1,437,train
1,1,438,train
1,1,440,train
1,1,441,train
1,1,442,train
1,1,445,train
1,1,446,train
1,1,448,train
1,1,449,train
1,1,451,train
1,1,453,train
1,1,455,train
1,1,456,train
1,1,457,train
1,1,458,train
1,1,459,train
1,1,460,train
1,1,462,train
1,1,463,train
1,1,464,train
1,1,465,train
1,1,466,train
1,1,467,train
1,1,468,train
1,1,469,train
1,1,470,train
1,1,472,train
1,1,474,train
1,1,475,train
1,1,476,train
1,1,477,train
1,1,478,train
1,1,479,train
1,1,480,train
1,1,482,train
1,1,483,train
1,1,484,train
1,1,485,train
1,1,489,train
1,1,490,train
1,1,491,train
1,1,492,train
1,1,493,train
1,1,494,train
1,1,495,train
1,1,497,train
1,1,498,train
1,1,499,train
1,1,500,train
1,1,501,train
1,1,502,train
1,1,503,train
1,1,504,train
1,1,505,train
1,1,507,train
1,1,508,train
1,1,509,train
1,1,510,train
1,1,511,train
1,1,512,train
1,1,513,train
1,1,514,train
1,1,515,train
1,1,517,train
1,1,518,train
1,1,519,train
1,1,520,train
1,1,521,train
1,1,523,train
1,1,526,train
1,1,527,train
1,1,528,train
1,1,529,train
1,1,530,train
1,1,531,train
1,1,532,train
1,1,533,train
1,1,535,train
1,1,536,train
1,1,537,train
1,1,538,train
1,1,539,train
1,1,540,train
1,1,541,train
1,1,542,train
1,1,543,train
1,1,545,train
1,1,546,train
1,1,547,train
1,1,548,train
1,1,549,train
1,1,552,train
1,1,553,train
1,1,554,train
1,1,555,train
1,1,556,train
1,1,557,train
1,1,558,train
1,1,559,train
1,1,560,train
1,1,562,train
1,1,563,train
1,1,564,train
1,1,565,train
1,1,566,train
1,1,567,train
1,1,568,train
1,1,569,train
1,1,572,train
1,1,573,train
1,1,574,train
1,1,576,train
1,1,577,train
1,1,578,train
1,1,579,train
1,1,581,train
1,1,583,train
1,1,585,train
1,1,586,train
1,1,587,train
1,1,588,train
1,1,589,train
1,1,590,train
1,1,591,train
1,1,593,train
1,1,594,train
1,1,595,train
1,1,596,train
1,1,599,train
1,1,600,train
1,1,601,train
1,1,602,train
1,1,604,train
1,1,605,train
1,1,606,train
1,1,607,train
1,1,608,train
1,1,611,train
1,1,612,train
1,1,614,train
1,1,615,train
1,1,616,train
1,1,617,train
1,1,618,train
1,1,619,train
1,1,620,train
1,1,621,train
1,1,622,train
1,1,624,train
1,1,627,train
1,1,628,train
1,1,629,train
1,1,630,train
1,1,631,train
1,1,632,train
1,1,633,train
1,1,634,train
1,1,636,train
1,1,637,train
1,1,638,train
1,1,639,train
1,1,640,train
1,1,641,train
1,1,642,train
1,1,644,train
1,1,645,train
1,1,647,train
1,1,648,train
1,1,649,train
1,1,650,train
1,1,651,train
1,1,652,train
1,1,654,train
1,1,655,train
1,1,657,train
1,1,658,train
1,1,659,train
1,1,662,train
1,1,663,train
1,1,665,train
1,1,666,train
1,1,667,train
1,1,668,train
1,1,669,train
1,1,670,train
1,1,671,train
1,1,672,train
1,1,673,train
1,1,674,train
1,1,676,train
1,1,677,train
1,1,678,train
1,1,679,train
1,1,680,train
1,1,681,train
1,1,682,train
1,1,684,train
1,1,685,train
1,1,686,train
1,1,687,train
1,1,688,train
1,1,689,train
1,1,690,train
1,1,691,train
1,1,692,train
1,1,695,train
1,1,696,train
1,1,697,train
1,1,699,train
1,1,700,train
1,1,701,train
1,1,702,train
1,1,703,train
1,1,704,train
1,1,705,train
1,1,706,train
1,1,707,train
1,1,708,train
1,1,709,train
1,1,710,train
1,1,711,train
1,1,712,train
1,1,714,train
1,1,716,train
1,1,717,train
1,1,718,train
1,1,719,train
1,1,721,train
1,1,723,train
1,1,724,train
1,1,726,train
1,1,728,train
1,1,730,train
1,1,731,train
1,1,732,train
1,1,733,train
1,1,734,train
1,1,735,train
1,1,736,train
1,1,737,train
1,1,738,train
1,1,739,train
1,1,741,train
1,1,742,train
1,1,743,train
1,1,745,train
1,1,746,train
1,1,747,train
1,1,748,train
1,1,749,train
1,1,750,train
1,1,752,train
1,1,753,train
1,1,754,train
1,1,755,train
1,1,756,train
1,1,757,train
1,1,758,train
1,1,759,train
1,1,761,train
1,1,762,train
1,1,764,train
1,1,765,train
1,1,767,train
1,1,768,train
1,1,770,train
1,1,771,train
1,1,773,train
1,1,775,train
1,1,776,train
1,1,777,train
1,1,778,train
1,1,779,train
1,1,780,train
1,1,781,train
1,1,782,train
1,1,783,train
1,1,784,train
1,1,785,train
1,1,786,train
1,1,787,train
1,1,788,train
1,1,789,train
1,1,790,train
1,1,791,train
1,1,792,train
1,1,793,train
1,1,794,train
1,1,795,train
1,1,797,train
1,1,798,train
1,1,799,train
1,1,800,train
1,1,801,train
1,1,802,train
1,1,803,train
1,1,806,train
1,1,808,train
1,1,809,train
1,1,810,train
1,1,813,train
1,1,815,train
1,1,816,train
1,1,817,train
1,1,818,train
1,1,820,train
1,1,821,train
1,1,822,train
1,1,823,train
1,1,824,train
1,1,827,train
1,1,828,train
1,1,829,train
1,1,830,train
1,1,832,train
1,1,833,train
1,1,835,train
1,1,837,train
1,1,838,train
1,1,839,train
1,1,840,train
1,1,842,train
1,1,844,train
1,1,846,train
1,1,847,train
1,1,848,train
1,1,849,train
1,1,850,train
1,1,851,train
1,1,852,train
1,1,853,train
1,1,854,train
1,1,855,train
1,1,856,train
1,1,857,train
1,1,858,train
1,1,859,train
1,1,860,train
1,1,861,train
1,1,862,train
1,1,864,train
1,1,865,train
1,1,866,train
1,1,867,train
1,1,868,train
1,1,869,train
1,1,871,train
1,1,872,train
1,1,873,train
1,1,874,train
1,1,875,train
1,1,876,train
1,1,877,train
1,1,878,train
1,1,879,train
1,1,880,train
1,1,881,train
1,1,883,train
1,1,886,train
1,1,887,train
1,1,888,train
1,1,890,train
1,1,891,train
1,1,892,train
1,1,893,train
1,1,895,train
1,1,898,train
1,1,899,train
1,1,900,train
1,1,901,train
1,1,904,train
1,1,905,train
1,1,906,train
1,1,907,train
1,1,908,train
1,1,910,train
1,1,912,train
1,1,913,train
1,1,914,train
1,1,916,train
1,1,917,train
1,1,918,train
1,1,919,train
1,1,920,train
1,1,921,train
1,1,922,train
1,1,923,train
1,1,924,train
1,1,925,train
1,1,927,train
1,1,929,train
1,1,931,train
1,1,932,train
1,1,934,train
1,1,935,train
1,1,936,train
1,1,937,train
1,1,938,train
1,1,939,train
1,1,941,train
1,1,943,train
1,1,944,train
1,1,946,train
1,1,947,train
1,1,948,train
1,1,949,train
1,1,950,train
1,1,951,train
1,1,952,train
1,1,953,train
1,1,954,train
1,1,955,train
1,1,956,train
1,1,957,train
1,1,958,train
1,1,959,train
1,1,961,train
1,1,962,train
1,1,963,train
1,1,964,train
1,1,966,train
1,1,967,train
1,1,968,train
1,1,969,train
1,1,970,train
1,1,971,train
1,1,972,train
1,1,973,train
1,1,974,train
1,1,975,train
1,1,976,train
1,1,978,train
1,1,979,train
1,1,980,train
1,1,982,train
1,1,983,train
1,1,984,train
1,1,986,train
1,1,989,train
1,1,990,train
1,1,991,train
1,1,992,train
1,1,993,train
1,1,994,train
1,1,995,train
1,1,996,train
1,1,998,train
1,1,999,train
1,1,1000,train
1,1,1002,train
1,1,1003,train
1,1,1004,train
1,1,1005,train
1,1,1006,train
1,1,1007,train
1,1,1008,train
1,1,1009,train
1,1,1010,train
1,1,1012,train
1,1,1013,train
1,1,1014,train
1,1,1015,train
1,1,1016,train
1,1,1017,train
1,1,1018,train
1,1,1019,train
1,1,1020,train
1,1,1021,train
1,1,1022,train
1,1,1023,train
1,1,1024,train
1,1,1027,train
1,1,1030,train
1,1,1031,train
1,1,1032,train
1,1,1033,train
1,1,1035,train
1,1,1036,train
1,1,1037,train
1,1,1038,train
1,1,1039,train
1,1,1040,train
1,1,1041,train
1,1,1043,train
1,1,1047,train
1,1,1048,train
1,1,1050,train
1,1,1051,train
1,1,1052,train
1,1,1054,train
1,1,1055,train
1,1,1056,train
1,1,1057,train
1,1,1058,train
1,1,1059,train
1,1,1060,train
1,1,1061,train
1,1,1063,train
1,1,1064,train
1,1,1065,train
1,1,1066,train
1,1,1067,train
1,1,1068,train
1,1,1069,train
1,1,1070,train
1,1,1071,train
1,1,1072,train
1,1,1073,train
1,1,1074,train
1,1,1076,train
1,1,1077,train
1,1,1078,train
1,1,1079,train
1,1,1080,train
1,1,1081,train
1,1,1083,train
1,1,1084,train
1,1,1085,train
1,1,1086,train
1,1,1087,train
1,1,1088,train
1,1,1089,train
1,1,1090,train
1,1,1092,train
1,1,1093,train
1,1,1094,train
1,1,1096,train
1,1,1097,train
1,1,1098,train
1,1,10,valid
1,1,14,valid
1,1,16,valid
1,1,18,valid
1,1,21,valid
1,1,25,valid
1,1,26,valid
1,1,34,valid
1,1,43,valid
1,1,52,valid
1,1,57,valid
1,1,58,valid
1,1,60,valid
1,1,63,valid
1,1,64,valid
1,1,70,valid
1,1,74,valid
1,1,76,valid
1,1,79,valid
1,1,82,valid
1,1,84,valid
1,1,87,valid
1,1,90,valid
1,1,101,valid
1,1,104,valid
1,1,105,valid
1,1,108,valid
1,1,124,valid
1,1,125,valid
1,1,128,valid
1,1,130,valid
1,1,133,valid
1,1,135,valid
1,1,137,valid
1,1,141,valid
1,1,148,valid
1,1,151,valid
1,1,155,valid
1,1,157,valid
1,1,158,valid
1,1,160,valid
1,1,176,valid
1,1,178,valid
1,1,181,valid
1,1,182,valid
1,1,183,valid
1,1,184,valid
1,1,186,valid
1,1,187,valid
1,1,189,valid
1,1,194,valid
1,1,201,valid
1,1,203,valid
1,1,210,valid
1,1,211,valid
1,1,216,valid
1,1,227,valid
1,1,232,valid
1,1,237,valid
1,1,239,valid
1,1,244,valid
1,1,248,valid
1,1,251,valid
1,1,252,valid
1,1,260,valid
1,1,261,valid
1,1,268,valid
1,1,270,valid
1,1,274,valid
1,1,280,valid
1,1,288,valid
1,1,296,valid
1,1,300,valid
1,1,303,valid
1,1,315,valid
1,1,340,valid
1,1,341,valid
1,1,344,valid
1,1,352,valid
1,1,353,valid
1,1,355,valid
1,1,375,valid
1,1,394,valid
1,1,395,valid
1,1,422,valid
1,1,427,valid
1,1,432,valid
1,1,433,valid
1,1,439,valid
1,1,443,valid
1,1,444,valid
1,1,447,valid
1,1,450,valid
1,1,452,valid
1,1,454,valid
1,1,461,valid
1,1,471,valid
1,1,473,valid
1,1,481,valid
1,1,486,valid
1,1,487,valid
1,1,488,valid
1,1,496,valid
1,1,506,valid
1,1,516,valid
1,1,522,valid
1,1,524,valid
1,1,525,valid
1,1,534,valid
1,1,544,valid
1,1,550,valid
1,1,551,valid
1,1,561,valid
1,1,570,valid
1,1,571,valid
1,1,575,valid
1,1,580,valid
1,1,582,valid
1,1,584,valid
1,1,592,valid
1,1,597,valid
1,1,598,valid
1,1,603,valid
1,1,609,valid
1,1,610,valid
1,1,613,valid
1,1,623,valid
1,1,625,valid
1,1,626,valid
1,1,635,valid
1,1,643,valid
1,1,646,valid
1,1,653,valid
1,1,656,valid
1,1,660,valid
1,1,661,valid
1,1,664,valid
1,1,675,valid
1,1,683,valid
1,1,693,valid
1,1,694,valid
1,1,698,valid
1,1,713,valid
1,1,715,valid
1,1,720,valid
1,1,722,valid
1,1,725,valid
1,1,727,valid
1,1,729,valid
1,1,740,valid
1,1,744,valid
1,1,751,valid
1,1,760,valid
1,1,763,valid
1,1,766,valid
1,1,769,valid
1,1,772,valid
1,1,774,valid
1,1,796,valid
1,1,804,valid
1,1,807,valid
1,1,811,valid
1,1,812,valid
1,1,814,valid
1,1,819,valid
1,1,825,valid
1,1,826,valid
1,1,831,valid
1,1,834,valid
1,1,836,valid
1,1,841,valid
1,1,843,valid
1,1,845,valid
1,1,863,valid
1,1,870,valid
1,1,882,valid
1,1,884,valid
1,1,885,valid
1,1,894,valid
1,1,896,valid
1,1,897,valid
1,1,902,valid
1,1,903,valid
1,1,909,valid
1,1,911,valid
1,1,915,valid
1,1,926,valid
1,1,928,valid
1,1,930,valid
1,1,933,valid
1,1,940,valid
1,1,942,valid
1,1,945,valid
1,1,960,valid
1,1,965,valid
1,1,977,valid
1,1,981,valid
1,1,985,valid
1,1,987,valid
1,1,988,valid
1,1,997,valid
1,1,1001,valid
1,1,1011,valid
1,1,1025,valid
1,1,1026,valid
1,1,1028,valid
1,1,1029,valid
1,1,1034,valid
1,1,1042,valid
1,1,1044,valid
1,1,1045,valid
1,1,1046,valid
1,1,1049,valid
1,1,1053,valid
1,1,1062,valid
1,1,1075,valid
1,1,1082,valid
1,1,1091,valid
1,1,1095,valid
1,1,1099,valid
1,2,0,train
1,2,1,train
1,2,4,train
1,2,5,train
1,2,6,train
1,2,9,train
1,2,10,train
1,2,11,train
1,2,12,train
1,2,13,train
1,2,14,train
1,2,15,train
1,2,16,train
1,2,18,train
1,2,20,train
1,2,21,train
1,2,22,train
1,2,23,train
1,2,25,train
1,2,26,train
1,2,27,train
1,2,29,train
1,2,30,train
1,2,31,train
1,2,33,train
1,2,34,train
1,2,35,train
1,2,37,train
1,2,38,train
1,2,39,train
1,2,40,train
1,2,41,train
1,2,42,train
1,2,43,train
1,2,44,train
1,2,45,train
1,2,47,train
1,2,48,train
1,2,50,train
1,2,51,train
1,2,52,train
1,2,53,train
1,2,54,train
1,2,55,train
1,2,56,train
1,2,57,train
1,2,58,train
1,2,59,train
1,2,60,train
1,2,61,train
1,2,62,train
1,2,63,train
1,2,64,train
1,2,65,train
1,2,66,train
1,2,67,train
1,2,68,train
1,2,70,train
1,2,71,train
1,2,72,train
1,2,74,train
1,2,75,train
1,2,76,train
1,2,77,train
1,2,78,train
1,2,79,train
1,2,80,train
1,2,81,train
1,2,82,train
1,2,83,train
1,2,84,train
1,2,85,train
1,2,87,train
1,2,88,train
1,2,89,train
1,2,90,train
1,2,91,train
1,2,92,train
1,2,93,train
1,2,94,train
1,2,97,train
1,2,98,train
1,2,99,train
1,2,100,train
1,2,101,train
1,2,102,train
1,2,103,train
1,2,104,train
1,2,105,train
1,2,106,train
1,2,108,train
1,2,109,train
1,2,110,train
1,2,112,train
1,2,113,train
1,2,114,train
1,2,115,train
1,2,116,train
1,2,118,train
1,2,119,train
1,2,120,train
1,2,121,train
1,2,122,train
1,2,124,train
1,2,125,train
1,2,126,train
1,2,127,train
1,2,128,train
1,2,129,train
1,2,130,train
1,2,131,train
1,2,133,train
1,2,134,train
1,2,135,train
1,2,136,train
1,2,137,train
1,2,138,train
1,2,139,train
1,2,140,train
1,2,141,train
1,2,143,train
1,2,145,train
1,2,147,train
1,2,148,train
1,2,149,train
1,2,150,train
1,2,151,train
1,2,152,train
1,2,153,train
1,2,154,train
1,2,155,train
1,2,156,train
1,2,157,train
1,2,158,train
1,2,159,train
1,2,160,train
1,2,161,train
1,2,162,train
1,2,163,train
1,2,165,train
1,2,166,train
1,2,168,train
1,2,169,train
1,2,170,train
1,2,171,train
1,2,172,train
1,2,176,train
1,2,177,train
1,2,178,train
1,2,179,train
1,2,180,train
1,2,181,train
1,2,182,train
1,2,183,train
1,2,184,train
1,2,186,train
1,2,187,train
1,2,188,train
1,2,189,train
1,2,190,train
1,2,191,train
1,2,192,train
1,2,193,train
1,2,194,train
1,2,195,train
1,2,197,train
1,2,198,train
1,2,199,train
1,2,200,train
1,2,201,train
1,2,203,train
1,2,205,train
1,2,206,train
1,2,208,train
1,2,209,train
1,2,210,train
1,2,211,train
1,2,212,train
1,2,213,train
1,2,215,train
1,2,216,train
1,2,217,train
1,2,218,train
1,2,219,train
1,2,220,train
1,2,221,train
1,2,222,train
1,2,223,train
1,2,224,train
1,2,225,train
1,2,226,train
1,2,227,train
1,2,228,train
1,2,230,train
1,2,232,train
1,2,235,train
1,2,236,train
1,2,237,train
1,2,239,train
1,2,240,train
1,2,243,train
1,2,244,train
1,2,245,train
1,2,246,train
1,2,247,train
1,2,248,train
1,2,249,train
1,2,250,train
1,2,251,train
1,2,252,train
1,2,253,train
1,2,254,train
1,2,255,train
1,2,256,train
1,2,257,train
1,2,260,train
1,2,261,train
1,2,262,train
1,2,263,train
1,2,265,train
1,2,266,train
1,2,267,train
1,2,268,train
1,2,269,train
1,2,270,train
1,2,272,train
1,2,274,train
1,2,275,train
1,2,276,train
1,2,277,train
1,2,278,train
1,2,279,train
1,2,280,train
1,2,281,train
1,2,283,train
1,2,284,train
1,2,285,train
1,2,287,train
1,2,288,train
1,2,289,train
1,2,291,train
1,2,292,train
1,2,296,train
1,2,297,train
1,2,298,train
1,2,299,train
1,2,300,train
1,2,302,train
1,2,303,train
1,2,304,train
1,2,305,train
1,2,306,train
1,2,308,train
1,2,311,train
1,2,312,train
1,2,313,train
1,2,315,train
1,2,316,train
1,2,319,train
1,2,320,train
1,2,321,train
1,2,322,train
1,2,323,train
1,2,324,train
1,2,326,train
1,2,329,train
1,2,330,train
1,2,331,train
1,2,332,train
1,2,333,train
1,2,335,train
1,2,336,train
1,2,337,train
1,2,340,train
1,2,341,train
1,2,344,train
1,2,345,train
1,2,347,train
1,2,348,train
1,2,349,train
1,2,350,train
1,2,351,train
1,2,352,train
1,2,353,train
1,2,354,train
1,2,355,train
1,2,356,train
1,2,357,train
1,2,359,train
1,2,360,train
1,2,361,train
1,2,362,train
1,2,363,train
1,2,364,train
1,2,365,train
1,2,366,train
1,2,368,train
1,2,370,train
1,2,371,train
1,2,372,train
1,2,374,train
1,2,375,train
1,2,376,train
1,2,378,train
1,2,379,train
1,2,380,train
1,2,381,train
1,2,382,train
1,2,383,train
1,2,385,train
1,2,387,train
1,2,388,train
1,2,393,train
1,2,394,train
1,2,395,train
1,2,396,train
1,2,397,train
1,2,398,train
1,2,399,train
1,2,400,train
1,2,401,train
1,2,402,train
1,2,403,train
1,2,404,train
1,2,406,train
1,2,413,train
1,2,415,train
1,2,416,train
1,2,417,train
1,2,418,train
1,2,419,train
1,2,420,train
1,2,421,train
1,2,422,train
1,2,425,train
1,2,427,train
1,2,429,train
1,2,430,train
1,2,431,train
1,2,432,train
1,2,433,train
1,2,434,train
1,2,435,train
1,2,436,train
1,2,437,train
1,2,438,train
1,2,439,train
1,2,442,train
1,2,443,train
1,2,444,train
1,2,445,train
1,2,447,train
1,2,449,train
1,2,450,train
1,2,451,train
1,2,452,train
1,2,453,train
1,2,454,train
1,2,455,train
1,2,456,train
1,2,458,train
1,2,459,train
1,2,460,train
1,2,461,train
1,2,462,train
1,2,463,train
1,2,464,train
1,2,465,train
1,2,466,train
1,2,468,train
1,2,469,train
1,2,470,train
1,2,471,train
1,2,473,train
1,2,475,train
1,2,477,train
1,2,478,train
1,2,479,train
1,2,480,train
1,2,481,train
1,2,483,train
1,2,484,train
1,2,485,train
1,2,486,train
1,2,487,train
1,2,488,train
1,2,489,train
1,2,491,train
1,2,492,train
1,2,495,train
1,2,496,train
1,2,497,train
1,2,498,train
1,2,499,train
1,2,500,train
1,2,503,train
1,2,505,train
1,2,506,train
1,2,509,train
1,2,511,train
1,2,512,train
1,2,513,train
1,2,514,train
1,2,515,train
1,2,516,train
1,2,518,train
1,2,519,train
1,2,520,train
1,2,521,train
1,2,522,train
1,2,523,train
1,2,524,train
1,2,525,train
1,2,526,train
1,2,527,train
1,2,528,train
1,2,529,train
1,2,530,train
1,2,531,train
1,2,533,train
1,2,534,train
1,2,535,train
1,2,536,train
1,2,537,train
1,2,538,train
1,2,539,train
1,2,540,train
1,2,541,train
1,2,542,train
1,2,543,train
1,2,544,train
1,2,545,train
1,2,546,train
1,2,547,train
1,2,548,train
1,2,549,train
1,2,550,train
1,2,551,train
1,2,552,train
1,2,553,train
1,2,554,train
1,2,555,train
1,2,556,train
1,2,557,train
1,2,559,train
1,2,560,train
1,2,561,train
1,2,562,train
1,2,563,train
1,2,564,train
1,2,569,train
1,2,570,train
1,2,571,train
1,2,572,train
1,2,573,train
1,2,575,train
1,2,576,train
1,2,578,train
1,2,579,train
1,2,580,train
1,2,581,train
1,2,582,train
1,2,583,train
1,2,584,train
1,2,587,train
1,2,588,train
1,2,589,train
1,2,590,train
1,2,592,train
1,2,594,train
1,2,595,train
1,2,596,train
1,2,597,train
1,2,598,train
1,2,599,train
1,2,601,train
1,2,602,train
1,2,603,train
1,2,604,train
1,2,605,train
1,2,606,train
1,2,607,train
1,2,608,train
1,2,609,train
1,2,610,train
1,2,612,train
1,2,613,train
1,2,615,train
1,2,616,train
1,2,617,train
1,2,619,train
1,2,620,train
1,2,621,train
1,2,622,train
1,2,623,train
1,2,624,train
1,2,625,train
1,2,626,train
1,2,627,train
1,2,629,train
1,2,630,train
1,2,632,train
1,2,633,train
1,2,634,train
1,2,635,train
1,2,636,train
1,2,637,train
1,2,638,train
1,2,640,train
1,2,643,train
1,2,644,train
1,2,646,train
1,2,647,train
1,2,648,train
1,2,649,train
1,2,652,train
1,2,653,train
1,2,654,train
1,2,655,train
1,2,656,train
1,2,658,train
1,2,659,train
1,2,660,train
1,2,661,train
1,2,662,train
1,2,664,train
1,2,665,train
1,2,670,train
1,2,671,train
1,2,673,train
1,2,675,train
1,2,676,train
1,2,677,train
1,2,678,train
1,2,679,train
1,2,680,train
1,2,681,train
1,2,682,train
1,2,683,train
1,2,684,train
1,2,686,train
1,2,687,train
1,2,688,train
1,2,689,train
1,2,691,train
1,2,693,train
1,2,694,train
1,2,696,train
1,2,697,train
1,2,698,train
1,2,699,train
1,2,700,train
1,2,701,train
1,2,702,train
1,2,703,train
1,2,704,train
1,2,705,train
1,2,706,train
1,2,707,train
1,2,709,train
1,2,710,train
1,2,711,train
1,2,712,train
1,2,713,train
1,2,714,train
1,2,715,train
1,2,716,train
1,2,718,train
1,2,719,train
1,2,720,train
1,2,721,train
1,2,722,train
1,2,724,train
1,2,725,train
1,2,726,train
1,2,727,train
1,2,728,train
1,2,729,train
1,2,731,train
1,2,732,train
1,2,733,train
1,2,735,train
1,2,736,train
1,2,738,train
1,2,739,train
1,2,740,train
1,2,741,train
1,2,743,train
1,2,744,train
1,2,745,train
1,2,746,train
1,2,747,train
1,2,751,train
1,2,753,train
1,2,754,train
1,2,755,train
1,2,757,train
1,2,758,train
1,2,759,train
1,2,760,train
1,2,761,train
1,2,762,train
1,2,763,train
1,2,764,train
1,2,766,train
1,2,767,train
1,2,768,train
1,2,769,train
1,2,770,train
1,2,771,train
1,2,772,train
1,2,773,train
1,2,774,train
1,2,775,train
1,2,776,train
1,2,779,train
1,2,780,train
1,2,781,train
1,2,782,train
1,2,783,train
1,2,784,train
1,2,785,train
1,2,786,train
1,2,787,train
1,2,788,train
1,2,789,train
1,2,791,train
1,2,792,train
1,2,793,train
1,2,794,train
1,2,796,train
1,2,797,train
1,2,798,train
1,2,799,train
1,2,801,train
1,2,802,train
1,2,803,train
1,2,804,train
1,2,806,train
1,2,807,train
1,2,808,train
1,2,809,train
1,2,810,train
1,2,811,train
1,2,812,train
1,2,814,train
1,2,815,train
1,2,816,train
1,2,819,train
1,2,820,train
1,2,821,train
1,2,822,train
1,2,823,train
1,2,824,train
1,2,825,train
1,2,826,train
1,2,827,train
1,2,828,train
1,2,829,train
1,2,830,train
1,2,831,train
1,2,832,train
1,2,833,train
1,2,834,train
1,2,835,train
1,2,836,train
1,2,837,train
1,2,838,train
1,2,839,train
1,2,840,train
1,2,841,train
1,2,842,train
1,2,843,train
1,2,845,train
1,2,847,train
1,2,848,train
1,2,850,train
1,2,851,train
1,2,854,train
1,2,856,train
1,2,857,train
1,2,858,train
1,2,859,train
1,2,860,train
1,2,861,train
1,2,863,train
1,2,864,train
1,2,866,train
1,2,867,train
1,2,868,train
1,2,869,train
1,2,870,train
1,2,872,train
1,2,875,train
1,2,876,train
1,2,877,train
1,2,878,train
1,2,879,train
1,2,880,train
1,2,882,train
1,2,884,train
1,2,885,train
1,2,886,train
1,2,887,train
1,2,888,train
1,2,891,train
1,2,892,train
1,2,893,train
1,2,894,train
1,2,895,train
1,2,896,train
1,2,897,train
1,2,899,train
1,2,900,train
1,2,902,train
1,2,903,train
1,2,904,train
1,2,905,train
1,2,907,train
1,2,909,train
1,2,910,train
1,2,911,train
1,2,912,train
1,2,913,train
1,2,915,train
1,2,916,train
1,2,917,train
1,2,918,train
1,2,919,train
1,2,920,train
1,2,921,train
1,2,922,train
1,2,923,train
1,2,924,train
1,2,925,train
1,2,926,train
1,2,927,train
1,2,928,train
1,2,929,train
1,2,930,train
1,2,931,train
1,2,933,train
1,2,934,train
1,2,935,train
1,2,936,train
1,2,937,train
1,2,938,train
1,2,939,train
1,2,940,train
1,2,941,train
1,2,942,train
1,2,943,train
1,2,945,train
1,2,946,train
1,2,947,train
1,2,948,train
1,2,951,train
1,2,953,train
1,2,954,train
1,2,955,train
1,2,956,train
1,2,958,train
1,2,959,train
1,2,960,train
1,2,961,train
1,2,962,train
1,2,963,train
1,2,964,train
1,2,965,train
1,2,966,train
1,2,967,train
1,2,968,train
1,2,971,train
1,2,972,train
1,2,973,train
1,2,975,train
1,2,977,train
1,2,978,train
1,2,980,train
1,2,981,train
1,2,982,train
1,2,983,train
1,2,984,train
1,2,985,train
1,2,987,train
1,2,988,train
1,2,989,train
1,2,990,train
1,2,991,train
1,2,992,train
1,2,993,train
1,2,994,train
1,2,995,train
1,2,996,train
1,2,997,train
1,2,998,train
1,2,999,train
1,2,1000,train
1,2,1001,train
1,2,1002,train
1,2,1004,train
1,2,1005,train
1,2,1006,train
1,2,1007,train
1,2,1008,train
1,2,1010,train
1,2,1011,train
1,2,1012,train
1,2,1013,train
1,2,1014,train
1,2,1016,train
1,2,1017,train
1,2,1018,train
1,2,1020,train
1,2,1021,train
1,2,1023,train
1,2,1024,train
1,2,1025,train
1,2,1026,train
1,2,1028,train
1,2,1029,train
1,2,1032,train
1,2,1033,train
1,2,1034,train
1,2,1035,train
1,2,1036,train
1,2,1037,train
1,2,1038,train
1,2,1039,train
1,2,1041,train
1,2,1042,train
1,2,1043,train
1,2,1044,train
1,2,1045,train
1,2,1046,train
1,2,1047,train
1,2,1048,train
1,2,1049,train
1,2,1050,train
1,2,1051,train
1,2,1052,train
1,2,1053,train
1,2,1055,train
1,2,1056,train
1,2,1057,train
1,2,1058,train
1,2,1061,train
1,2,1062,train
1,2,1063,train
1,2,1064,train
1,2,1065,train
1,2,1067,train
1,2,1068,train
1,2,1069,train
1,2,1070,train
1,2,1071,train
1,2,1072,train
1,2,1073,train
1,2,1074,train
1,2,1075,train
1,2,1076,train
1,2,1077,train
1,2,1080,train
1,2,1082,train
1,2,1084,train
1,2,1085,train
1,2,1086,train
1,2,1088,train
1,2,1089,train
1,2,1090,train
1,2,1091,train
1,2,1092,train
1,2,1093,train
1,2,1094,train
1,2,1095,train
1,2,1097,train
1,2,1098,train
1,2,1099,train
1,2,2,valid
1,2,3,valid
1,2,7,valid
1,2,8,valid
1,2,17,valid
1,2,19,valid
1,2,24,valid
1,2,28,valid
1,2,32,valid
1,2,36,valid
1,2,46,valid
1,2,49,valid
1,2,69,valid
1,2,73,valid
1,2,86,valid
1,2,95,valid
1,2,96,valid
1,2,107,valid
1,2,111,valid
1,2,117,valid
1,2,123,valid
1,2,132,valid
1,2,142,valid
1,2,144,valid
1,2,146,valid
1,2,164,valid
1,2,167,valid
1,2,173,valid
1,2,174,valid
1,2,175,valid
1,2,185,valid
1,2,196,valid
1,2,202,valid
1,2,204,valid
1,2,207,valid
1,2,214,valid
1,2,229,valid
1,2,231,valid
1,2,233,valid
1,2,234,valid
1,2,238,valid
1,2,241,valid
1,2,242,valid
1,2,258,valid
1,2,259,valid
1,2,264,valid
1,2,271,valid
1,2,273,valid
1,2,282,valid
1,2,286,valid
1,2,290,valid
1,2,293,valid
1,2,294,valid
1,2,295,valid
1,2,301,valid
1,2,307,valid
1,2,309,valid
1,2,310,valid
1,2,314,valid
1,2,317,valid
1,2,318,valid
1,2,325,valid
1,2,327,valid
1,2,328,valid
1,2,334,valid
1,2,338,valid
1,2,339,valid
1,2,342,valid
1,2,343,valid
1,2,346,valid
1,2,358,valid
1,2,367,valid
1,2,369,valid
1,2,373,valid
1,2,377,valid
1,2,384,valid
1,2,386,valid
1,2,389,valid
1,2,390,valid
1,2,391,valid
1,2,392,valid
1,2,405,valid
1,2,407,valid
1,2,408,valid
1,2,409,valid
1,2,410,valid
1,2,411,valid
1,2,412,valid
1,2,414,valid
1,2,423,valid
1,2,424,valid
1,2,426,valid
1,2,428,valid
1,2,440,valid
1,2,441,valid
1,2,446,valid
1,2,448,valid
1,2,457,valid
1,2,467,valid
1,2,472,valid
1,2,474,valid
1,2,476,valid
1,2,482,valid
1,2,490,valid
1,2,493,valid
1,2,494,valid
1,2,501,valid
1,2,502,valid
1,2,504,valid
1,2,507,valid
1,2,508,valid
1,2,510,valid
1,2,517,valid
1,2,532,valid
1,2,558,valid
1,2,565,valid
1,2,566,valid
1,2,567,valid
1,2,568,valid
1,2,574,valid
1,2,577,valid
1,2,585,valid
1,2,586,valid
1,2,591,valid
1,2,593,valid
1,2,600,valid
1,2,611,valid
1,2,614,valid
1,2,618,valid
1,2,628,valid
1,2,631,valid
1,2,639,valid
1,2,641,valid
1,2,642,valid
1,2,645,valid
1,2,650,valid
1,2,651,valid
1,2,657,valid
1,2,663,valid
1,2,666,valid
1,2,667,valid
1,2,668,valid
1,2,669,valid
1,2,672,valid
1,2,674,valid
1,2,685,valid
1,2,690,valid
1,2,692,valid
1,2,695,valid
1,2,708,valid
1,2,717,valid
1,2,723,valid
1,2,730,valid
1,2,734,valid
1,2,737,valid
1,2,742,valid
1,2,748,valid
1,2,749,valid
1,2,750,valid
1,2,752,valid
1,2,756,valid
1,2,765,valid
1,2,777,valid
1,2,778,valid
1,2,790,valid
1,2,795,valid
1,2,800,valid
1,2,813,valid
1,2,817,valid
1,2,818,valid
1,2,844,valid
1,2,846,valid
1,2,849,valid
1,2,852,valid
1,2,853,valid
1,2,855,valid
1,2,862,valid
1,2,865,valid
1,2,871,valid
1,2,873,valid
1,2,874,valid
1,2,881,valid
1,2,883,valid
1,2,890,valid
1,2,898,valid
1,2,901,valid
1,2,906,valid
1,2,908,valid
1,2,914,valid
1,2,932,valid
1,2,944,valid
1,2,949,valid
1,2,950,valid
1,2,952,valid
1,2,957,valid
1,2,969,valid
1,2,970,valid
1,2,974,valid
1,2,976,valid
1,2,979,valid
1,2,986,valid
1,2,1003,valid
1,2,1009,valid
1,2,1015,valid
1,2,1019,valid
1,2,1022,valid
1,2,1027,valid
1,2,1030,valid
1,2,1031,valid
1,2,1040,valid
1,2,1054,valid
1,2,1059,valid
1,2,1060,valid
1,2,1066,valid
1,2,1078,valid
1,2,1079,valid
1,2,1081,valid
1,2,1083,valid
1,2,1087,valid
1,2,1096,valid
1,3,0,train
1,3,2,train
1,3,3,train
1,3,4,train
1,3,5,train
1,3,6,train
1,3,7,train
1,3,8,train
1,3,9,train
1,3,10,train
1,3,11,train
1,3,13,train
1,3,14,train
1,3,16,train
1,3,17,train
1,3,18,train
1,3,19,train
1,3,20,train
1,3,21,train
1,3,22,train
1,3,23,train
1,3,24,train
1,3,25,train
1,3,26,train
1,3,27,train
1,3,28,train
1,3,29,train
1,3,30,train
1,3,31,train
1,3,32,train
1,3,33,train
1,3,34,train
1,3,35,train
1,3,36,train
1,3,37,train
1,3,40,train
1,3,42,train
1,3,43,train
1,3,45,train
1,3,46,train
1,3,47,train
1,3,48,train
1,3,49,train
1,3,50,train
1,3,51,train
1,3,52,train
1,3,54,train
1,3,55,train
1,3,57,train
1,3,58,train
1,3,59,train
1,3,60,train
1,3,62,train
1,3,63,train
1,3,64,train
1,3,65,train
1,3,66,train
1,3,67,train
1,3,68,train
1,3,69,train
1,3,70,train
1,3,71,train
1,3,72,train
1,3,73,train
1,3,74,train
1,3,76,train
1,3,77,train
1,3,78,train
1,3,79,train
1,3,81,train
1,3,82,train
1,3,83,train
1,3,84,train
1,3,85,train
1,3,86,train
1,3,87,train
1,3,89,train
1,3,90,train
1,3,92,train
1,3,95,train
1,3,96,train
1,3,98,train
1,3,99,train
1,3,100,train
1,3,101,train
1,3,104,train
1,3,105,train
1,3,107,train
1,3,108,train
1,3,109,train
1,3,110,train
1,3,111,train
1,3,112,train
1,3,114,train
1,3,117,train
1,3,118,train
1,3,119,train
1,3,120,train
1,3,121,train
1,3,122,train
1,3,123,train
1,3,124,train
1,3,125,train
1,3,126,train
1,3,127,train
1,3,128,train
1,3,130,train
1,3,132,train
1,3,133,train
1,3,134,train
1,3,135,train
1,3,137,train
1,3,139,train
1,3,140,train
1,3,141,train
1,3,142,train
1,3,143,train
1,3,144,train
1,3,145,train
1,3,146,train
1,3,147,train
1,3,148,train
1,3,149,train
1,3,150,train
1,3,151,train
1,3,152,train
1,3,153,train
1,3,155,train
1,3,156,train
1,3,157,train
1,3,158,train
1,3,159,train
1,3,160,train
1,3,161,train
1,3,162,train
1,3,163,train
1,3,164,train
1,3,165,train
1,3,166,train
1,3,167,train
1,3,168,train
1,3,169,train
1,3,170,train
1,3,171,train
1,3,172,train
1,3,173,train
1,3,174,train
1,3,175,train
1,3,176,train
1,3,177,train
1,3,178,train
1,3,179,train
1,3,180,train
1,3,181,train
1,3,182,train
1,3,183,train
1,3,184,train
1,3,185,train
1,3,186,train
1,3,187,train
1,3,188,train
1,3,189,train
1,3,190,train
1,3,191,train
1,3,193,train
1,3,194,train
1,3,196,train
1,3,199,train
1,3,200,train
1,3,201,train
1,3,202,train
1,3,203,train
1,3,204,train
1,3,206,train
1,3,207,train
1,3,209,train
1,3,210,train
1,3,211,train
1,3,214,train
1,3,216,train
1,3,217,train
1,3,218,train
1,3,219,train
1,3,221,train
1,3,222,train
1,3,223,train
1,3,224,train
1,3,225,train
1,3,227,train
1,3,228,train
1,3,229,train
1,3,230,train
1,3,231,train
1,3,232,train
1,3,233,train
1,3,234,train
1,3,235,train
1,3,237,train
1,3,238,train
1,3,239,train
1,3,240,train
1,3,241,train
1,3,242,train
1,3,243,train
1,3,244,train
1,3,245,train
1,3,247,train
1,3,248,train
1,3,251,train
1,3,252,train
1,3,253,train
1,3,254,train
1,3,255,train
1,3,257,train
1,3,258,train
1,3,259,train
1,3,260,train
1,3,261,train
1,3,262,train
1,3,263,train
1,3,264,train
1,3,267,train
1,3,268,train
1,3,269,train
1,3,270,train
1,3,271,train
1,3,272,train
1,3,273,train
1,3,274,train
1,3,275,train
1,3,277,train
1,3,278,train
1,3,279,train
1,3,280,train
1,3,281,train
1,3,282,train
1,3,283,train
1,3,284,train
1,3,285,train
1,3,286,train
1,3,288,train
1,3,289,train
1,3,290,train
1,3,291,train
1,3,292,train
1,3,293,train
1,3,294,train
1,3,295,train
1,3,296,train
1,3,297,train
1,3,298,train
1,3,300,train
1,3,301,train
1,3,303,train
1,3,305,train
1,3,306,train
1,3,307,train
1,3,309,train
1,3,310,train
1,3,311,train
1,3,312,train
1,3,313,train
1,3,314,train
1,3,315,train
1,3,317,train
1,3,318,train
1,3,319,train
1,3,320,train
1,3,321,train
1,3,322,train
1,3,323,train
1,3,325,train
1,3,326,train
1,3,327,train
1,3,328,train
1,3,329,train
1,3,331,train
1,3,332,train
1,3,333,train
1,3,334,train
1,3,336,train
1,3,337,train
1,3,338,train
1,3,339,train
1,3,340,train
1,3,341,train
1,3,342,train
1,3,343,train
1,3,344,train
1,3,345,train
1,3,346,train
1,3,348,train
1,3,349,train
1,3,351,train
1,3,352,train
1,3,353,train
1,3,354,train
1,3,355,train
1,3,356,train
1,3,358,train
1,3,359,train
1,3,360,train
1,3,363,train
1,3,365,train
1,3,367,train
1,3,368,train
1,3,369,train
1,3,370,train
1,3,372,train
1,3,373,train
1,3,374,train
1,3,375,train
1,3,377,train
1,3,380,train
1,3,381,train
1,3,382,train
1,3,384,train
1,3,385,train
1,3,386,train
1,3,387,train
1,3,389,train
1,3,390,train
1,3,391,train
1,3,392,train
1,3,394,train
1,3,395,train
1,3,399,train
1,3,401,train
1,3,402,train
1,3,403,train
1,3,404,train
1,3,405,train
1,3,406,train
1,3,407,train
1,3,408,train
1,3,409,train
1,3,410,train
1,3,411,train
1,3,412,train
1,3,413,train
1,3,414,train
1,3,415,train
1,3,419,train
1,3,420,train
1,3,421,train
1,3,422,train
1,3,423,train
1,3,424,train
1,3,425,train
1,3,426,train
1,3,427,train
1,3,428,train
1,3,429,train
1,3,432,train
1,3,433,train
1,3,434,train
1,3,436,train
1,3,437,train
1,3,438,train
1,3,439,train
1,3,440,train
1,3,441,train
1,3,443,train
1,3,444,train
1,3,445,train
1,3,446,train
1,3,447,train
1,3,448,train
1,3,449,train
1,3,450,train
1,3,452,train
1,3,453,train
1,3,454,train
1,3,457,train
1,3,459,train
1,3,461,train
1,3,463,train
1,3,467,train
1,3,468,train
1,3,470,train
1,3,471,train
1,3,472,train
1,3,473,train
1,3,474,train
1,3,476,train
1,3,477,train
1,3,480,train
1,3,481,train
1,3,482,train
1,3,483,train
1,3,486,train
1,3,487,train
1,3,488,train
1,3,489,train
1,3,490,train
1,3,491,train
1,3,492,train
1,3,493,train
1,3,494,train
1,3,495,train
1,3,496,train
1,3,499,train
1,3,500,train
1,3,501,train
1,3,502,train
1,3,503,train
1,3,504,train
1,3,505,train
1,3,506,train
1,3,507,train
1,3,508,train
1,3,509,train
1,3,510,train
1,3,511,train
1,3,513,train
1,3,515,train
1,3,516,train
1,3,517,train
1,3,518,train
1,3,520,train
1,3,521,train
1,3,522,train
1,3,523,train
1,3,524,train
1,3,525,train
1,3,526,train
1,3,529,train
1,3,530,train
1,3,531,train
1,3,532,train
1,3,533,train
1,3,534,train
1,3,535,train
1,3,536,train
1,3,537,train
1,3,539,train
1,3,540,train
1,3,542,train
1,3,544,train
1,3,547,train
1,3,548,train
1,3,549,train
1,3,550,train
1,3,551,train
1,3,552,train
1,3,553,train
1,3,554,train
1,3,555,train
1,3,557,train
1,3,558,train
1,3,560,train
1,3,561,train
1,3,562,train
1,3,563,train
1,3,565,train
1,3,566,train
1,3,567,train
1,3,568,train
1,3,570,train
1,3,571,train
1,3,572,train
1,3,573,train
1,3,574,train
1,3,575,train
1,3,576,train
1,3,577,train
1,3,578,train
1,3,579,train
1,3,580,train
1,3,582,train
1,3,583,train
1,3,584,train
1,3,585,train
1,3,586,train
1,3,587,train
1,3,588,train
1,3,589,train
1,3,590,train
1,3,591,train
1,3,592,train
1,3,593,train
1,3,595,train
1,3,596,train
1,3,597,train
1,3,598,train
1,3,600,train
1,3,601,train
1,3,602,train
1,3,603,train
1,3,605,train
1,3,608,train
1,3,609,train
1,3,610,train
1,3,611,train
1,3,612,train
1,3,613,train
1,3,614,train
1,3,615,train
1,3,616,train
1,3,618,train
1,3,619,train
1,3,621,train
1,3,623,train
1,3,624,train
1,3,625,train
1,3,626,train
1,3,628,train
1,3,629,train
1,3,630,train
1,3,631,train
1,3,632,train
1,3,633,train
1,3,634,train
1,3,635,train
1,3,636,train
1,3,637,train
1,3,639,train
1,3,640,train
1,3,641,train
1,3,642,train
1,3,643,train
1,3,644,train
1,3,645,train
1,3,646,train
1,3,647,train
1,3,648,train
1,3,649,train
1,3,650,train
1,3,651,train
1,3,652,train
1,3,653,train
1,3,654,train
1,3,655,train
1,3,656,train
1,3,657,train
1,3,658,train
1,3,659,train
1,3,660,train
1,3,661,train
1,3,663,train
1,3,664,train
1,3,665,train
1,3,666,train
1,3,667,train
1,3,668,train
1,3,669,train
1,3,671,train
1,3,672,train
1,3,673,train
1,3,674,train
1,3,675,train
1,3,677,train
1,3,678,train
1,3,679,train
1,3,681,train
1,3,682,train
1,3,683,train
1,3,685,train
1,3,686,train
1,3,687,train
1,3,688,train
1,3,690,train
1,3,692,train
1,3,693,train
1,3,694,train
1,3,695,train
1,3,696,train
1,3,697,train
1,3,698,train
1,3,699,train
1,3,701,train
1,3,703,train
1,3,706,train
1,3,708,train
1,3,709,train
1,3,710,train
1,3,711,train
1,3,713,train
1,3,715,train
1,3,717,train
1,3,718,train
1,3,719,train
1,3,720,train
1,3,721,train
1,3,722,train
1,3,723,train
1,3,724,train
1,3,725,train
1,3,727,train
1,3,728,train
1,3,729,train
1,3,730,train
1,3,731,train
1,3,732,train
1,3,733,train
1,3,734,train
1,3,735,train
1,3,736,train
1,3,737,train
1,3,740,train
1,3,741,train
1,3,742,train
1,3,743,train
1,3,744,train
1,3,746,train
1,3,748,train
1,3,749,train
1,3,750,train
1,3,751,train
1,3,752,train
1,3,754,train
1,3,756,train
1,3,758,train
1,3,759,train
1,3,760,train
1,3,761,train
1,3,762,train
1,3,763,train
1,3,764,train
1,3,765,train
1,3,766,train
1,3,768,train
1,3,769,train
1,3,770,train
1,3,771,train
1,3,772,train
1,3,774,train
1,3,775,train
1,3,776,train
1,3,777,train
1,3,778,train
1,3,779,train
1,3,780,train
1,3,781,train
1,3,782,train
1,3,784,train
1,3,785,train
1,3,786,train
1,3,788,train
1,3,790,train
1,3,791,train
1,3,794,train
1,3,795,train
1,3,796,train
1,3,798,train
1,3,799,train
1,3,800,train
1,3,801,train
1,3,804,train
1,3,806,train
1,3,807,train
1,3,808,train
1,3,809,train
1,3,810,train
1,3,811,train
1,3,812,train
1,3,813,train
1,3,814,train
1,3,815,train
1,3,816,train
1,3,817,train
1,3,818,train
1,3,819,train
1,3,821,train
1,3,825,train
1,3,826,train
1,3,827,train
1,3,828,train
1,3,829,train
1,3,831,train
1,3,832,train
1,3,833,train
1,3,834,train
1,3,836,train
1,3,837,train
1,3,838,train
1,3,840,train
1,3,841,train
1,3,843,train
1,3,844,train
1,3,845,train
1,3,846,train
1,3,847,train
1,3,848,train
1,3,849,train
1,3,850,train
1,3,852,train
1,3,853,train
1,3,854,train
1,3,855,train
1,3,857,train
1,3,859,train
1,3,860,train
1,3,861,train
1,3,862,train
1,3,863,train
1,3,865,train
1,3,866,train
1,3,867,train
1,3,868,train
1,3,869,train
1,3,870,train
1,3,871,train
1,3,872,train
1,3,873,train
1,3,874,train
1,3,875,train
1,3,876,train
1,3,877,train
1,3,880,train
1,3,881,train
1,3,882,train
1,3,883,train
1,3,884,train
1,3,885,train
1,3,886,train
1,3,887,train
1,3,890,train
1,3,892,train
1,3,893,train
1,3,894,train
1,3,896,train
1,3,897,train
1,3,898,train
1,3,899,train
1,3,900,train
1,3,901,train
1,3,902,train
1,3,903,train
1,3,904,train
1,3,905,train
1,3,906,train
1,3,907,train
1,3,908,train
1,3,909,train
1,3,911,train
1,3,912,train
1,3,913,train
1,3,914,train
1,3,915,train
1,3,918,train
1,3,921,train
1,3,922,train
1,3,924,train
1,3,925,train
1,3,926,train
1,3,927,train
1,3,928,train
1,3,930,train
1,3,931,train
1,3,932,train
1,3,933,train
1,3,934,train
1,3,937,train
1,3,938,train
1,3,940,train
1,3,941,train
1,3,942,train
1,3,943,train
1,3,944,train
1,3,945,train
1,3,946,train
1,3,947,train
1,3,948,train
1,3,949,train
1,3,950,train
1,3,951,train
1,3,952,train
1,3,953,train
1,3,954,train
1,3,955,train
1,3,957,train
1,3,960,train
1,3,961,train
1,3,962,train
1,3,963,train
1,3,965,train
1,3,967,train
1,3,969,train
1,3,970,train
1,3,972,train
1,3,973,train
1,3,974,train
1,3,975,train
1,3,976,train
1,3,977,train
1,3,978,train
1,3,979,train
1,3,980,train
1,3,981,train
1,3,982,train
1,3,983,train
1,3,985,train
1,3,986,train
1,3,987,train
1,3,988,train
1,3,989,train
1,3,990,train
1,3,991,train
1,3,993,train
1,3,995,train
1,3,997,train
1,3,998,train
1,3,999,train
1,3,1001,train
1,3,1003,train
1,3,1004,train
1,3,1005,train
1,3,1006,train
1,3,1007,train
1,3,1009,train
1,3,1010,train
1,3,1011,train
1,3,1012,train
1,3,1015,train
1,3,1018,train
1,3,1019,train
1,3,1021,train
1,3,1022,train
1,3,1024,train
1,3,1025,train
1,3,1026,train
1,3,1027,train
1,3,1028,train
1,3,1029,train
1,3,1030,train
1,3,1031,train
1,3,1032,train
1,3,1033,train
1,3,1034,train
1,3,1038,train
1,3,1040,train
1,3,1041,train
1,3,1042,train
1,3,1043,train
1,3,1044,train
1,3,1045,train
1,3,1046,train
1,3,1047,train
1,3,1048,train
1,3,1049,train
1,3,1050,train
1,3,1051,train
1,3,1052,train
1,3,1053,train
1,3,1054,train
1,3,1056,train
1,3,1057,train
1,3,1059,train
1,3,1060,train
1,3,1061,train
1,3,1062,train
1,3,1064,train
1,3,1066,train
1,3,1067,train
1,3,1068,train
1,3,1069,train
1,3,1070,train
1,3,1071,train
1,3,1075,train
1,3,1076,train
1,3,1078,train
1,3,1079,train
1,3,1080,train
1,3,1081,train
1,3,1082,train
1,3,1083,train
1,3,1085,train
1,3,1087,train
1,3,1089,train
1,3,1090,train
1,3,1091,train
1,3,1092,train
1,3,1093,train
1,3,1094,train
1,3,1095,train
1,3,1096,train
1,3,1098,train
1,3,1099,train
1,3,1,valid
1,3,12,valid
1,3,15,valid
1,3,38,valid
1,3,39,valid
1,3,41,valid
1,3,44,valid
1,3,53,valid
1,3,56,valid
1,3,61,valid
1,3,75,valid
1,3,80,valid
1,3,88,valid
1,3,91,valid
1,3,93,valid
1,3,94,valid
1,3,97,valid
1,3,102,valid
1,3,103,valid
1,3,106,valid
1,3,113,valid
1,3,115,valid
1,3,116,valid
1,3,129,valid
1,3,131,valid
1,3,136,valid
1,3,138,valid
1,3,154,valid
1,3,192,valid
1,3,195,valid
1,3,197,valid
1,3,198,valid
1,3,205,valid
1,3,208,valid
1,3,212,valid
1,3,213,valid
1,3,215,valid
1,3,220,valid
1,3,226,valid
1,3,236,valid
1,3,246,valid
1,3,249,valid
1,3,250,valid
1,3,256,valid
1,3,265,valid
1,3,266,valid
1,3,276,valid
1,3,287,valid
1,3,299,valid
1,3,302,valid
1,3,304,valid
1,3,308,valid
1,3,316,valid
1,3,324,valid
1,3,330,valid
1,3,335,valid
1,3,347,valid
1,3,350,valid
1,3,357,valid
1,3,361,valid
1,3,362,valid
1,3,364,valid
1,3,366,valid
1,3,371,valid
1,3,376,valid
1,3,378,valid
1,3,379,valid
1,3,383,valid
1,3,388,valid
1,3,393,valid
1,3,396,valid
1,3,397,valid
1,3,398,valid
1,3,400,valid
1,3,416,valid
1,3,417,valid
1,3,418,valid
1,3,430,valid
1,3,431,valid
1,3,435,valid
1,3,442,valid
1,3,451,valid
1,3,455,valid
1,3,456,valid
1,3,458,valid
1,3,460,valid
1,3,462,valid
1,3,464,valid
1,3,465,valid
1,3,466,valid
1,3,469,valid
1,3,475,valid
1,3,478,valid
1,3,479,valid
1,3,484,valid
1,3,485,valid
1,3,497,valid
1,3,498,valid
1,3,512,valid
1,3,514,valid
1,3,519,valid
1,3,527,valid
1,3,528,valid
1,3,538,valid
1,3,541,valid
1,3,543,valid
1,3,545,valid
1,3,546,valid
1,3,556,valid
1,3,559,valid
1,3,564,valid
1,3,569,valid
1,3,581,valid
1,3,594,valid
1,3,599,valid
1,3,604,valid
1,3,606,valid
1,3,607,valid
1,3,617,valid
1,3,620,valid
1,3,622,valid
1,3,627,valid
1,3,638,valid
1,3,662,valid
1,3,670,valid
1,3,676,valid
1,3,680,valid
1,3,684,valid
1,3,689,valid
1,3,691,valid
1,3,700,valid
1,3,702,valid
1,3,704,valid
1,3,705,valid
1,3,707,valid
1,3,712,valid
1,3,714,valid
1,3,716,valid
1,3,726,valid
1,3,738,valid
1,3,739,valid
1,3,745,valid
1,3,747,valid
1,3,753,valid
1,3,755,valid
1,3,757,valid
1,3,767,valid
1,3,773,valid
1,3,783,valid
1,3,787,valid
1,3,789,valid
1,3,792,valid
1,3,793,valid
1,3,797,valid
1,3,802,valid
1,3,803,valid
1,3,820,valid
1,3,822,valid
1,3,823,valid
1,3,824,valid
1,3,830,valid
1,3,835,valid
1,3,839,valid
1,3,842,valid
1,3,851,valid
1,3,856,valid
1,3,858,valid
1,3,864,valid
1,3,878,valid
1,3,879,valid
1,3,888,valid
1,3,891,valid
1,3,895,valid
1,3,910,valid
1,3,916,valid
1,3,917,valid
1,3,919,valid
1,3,920,valid
1,3,923,valid
1,3,929,valid
1,3,935,valid
1,3,936,valid
1,3,939,valid
1,3,956,valid
1,3,958,valid
1,3,959,valid
1,3,964,valid
1,3,966,valid
1,3,968,valid
1,3,971,valid
1,3,984,valid
1,3,992,valid
1,3,994,valid
1,3,996,valid
1,3,1000,valid
1,3,1002,valid
1,3,1008,valid
1,3,1013,valid
1,3,1014,valid
1,3,1016,valid
1,3,1017,valid
1,3,1020,valid
1,3,1023,valid
1,3,1035,valid
1,3,1036,valid
1,3,1037,valid
1,3,1039,valid
1,3,1055,valid
1,3,1058,valid
1,3,1063,valid
1,3,1065,valid
1,3,1072,valid
1,3,1073,valid
1,3,1074,valid
1,3,1077,valid
1,3,1084,valid
1,3,1086,valid
1,3,1088,valid
1,3,1097,valid
1,4,1,train
1,4,2,train
1,4,3,train
1,4,6,train
1,4,7,train
1,4,8,train
1,4,10,train
1,4,11,train
1,4,12,train
1,4,13,train
1,4,14,train
1,4,15,train
1,4,16,train
1,4,17,train
1,4,18,train
1,4,19,train
1,4,21,train
1,4,22,train
1,4,24,train
1,4,25,train
1,4,26,train
1,4,28,train
1,4,29,train
1,4,31,train
1,4,32,train
1,4,34,train
1,4,36,train
1,4,38,train
1,4,39,train
1,4,40,train
1,4,41,train
1,4,42,train
1,4,43,train
1,4,44,train
1,4,45,train
1,4,46,train
1,4,47,train
1,4,48,train
1,4,49,train
1,4,50,train
1,4,51,train
1,4,52,train
1,4,53,train
1,4,54,train
1,4,56,train
1,4,57,train
1,4,58,train
1,4,60,train
1,4,61,train
1,4,63,train
1,4,64,train
1,4,65,train
1,4,68,train
1,4,69,train
1,4,70,train
1,4,72,train
1,4,73,train
1,4,74,train
1,4,75,train
1,4,76,train
1,4,79,train
1,4,80,train
1,4,82,train
1,4,84,train
1,4,85,train
1,4,86,train
1,4,87,train
1,4,88,train
1,4,89,train
1,4,90,train
1,4,91,train
1,4,93,train
1,4,94,train
1,4,95,train
1,4,96,train
1,4,97,train
1,4,99,train
1,4,100,train
1,4,101,train
1,4,102,train
1,4,103,train
1,4,104,train
1,4,105,train
1,4,106,train
1,4,107,train
1,4,108,train
1,4,111,train
1,4,112,train
1,4,113,train
1,4,114,train
1,4,115,train
1,4,116,train
1,4,117,train
1,4,118,train
1,4,119,train
1,4,120,train
1,4,123,train
1,4,124,train
1,4,125,train
1,4,127,train
1,4,128,train
1,4,129,train
1,4,130,train
1,4,131,train
1,4,132,train
1,4,133,train
1,4,134,train
1,4,135,train
1,4,136,train
1,4,137,train
1,4,138,train
1,4,141,train
1,4,142,train
1,4,144,train
1,4,146,train
1,4,148,train
1,4,150,train
1,4,151,train
1,4,153,train
1,4,154,train
1,4,155,train
1,4,157,train
1,4,158,train
1,4,159,train
1,4,160,train
1,4,162,train
1,4,164,train
1,4,166,train
1,4,167,train
1,4,169,train
1,4,171,train
1,4,173,train
1,4,174,train
1,4,175,train
1,4,176,train
1,4,177,train
1,4,178,train
1,4,181,train
1,4,182,train
1,4,183,train
1,4,184,train
1,4,185,train
1,4,186,train
1,4,187,train
1,4,188,train
1,4,189,train
1,4,191,train
1,4,192,train
1,4,194,train
1,4,195,train
1,4,196,train
1,4,197,train
1,4,198,train
1,4,201,train
1,4,202,train
1,4,203,train
1,4,204,train
1,4,205,train
1,4,207,train
1,4,208,train
1,4,209,train
1,4,210,train
1,4,211,train
1,4,212,train
1,4,213,train
1,4,214,train
1,4,215,train
1,4,216,train
1,4,220,train
1,4,223,train
1,4,225,train
1,4,226,train
1,4,227,train
1,4,229,train
1,4,231,train
1,4,232,train
1,4,233,train
1,4,234,train
1,4,235,train
1,4,236,train
1,4,237,train
1,4,238,train
1,4,239,train
1,4,240,train
1,4,241,train
1,4,242,train
1,4,243,train
1,4,244,train
1,4,245,train
1,4,246,train
1,4,248,train
1,4,249,train
1,4,250,train
1,4,251,train
1,4,252,train
1,4,253,train
1,4,254,train
1,4,255,train
1,4,256,train
1,4,258,train
1,4,259,train
1,4,260,train
1,4,261,train
1,4,264,train
1,4,265,train
1,4,266,train
1,4,267,train
1,4,268,train
1,4,269,train
1,4,270,train
1,4,271,train
1,4,273,train
1,4,274,train
1,4,275,train
1,4,276,train
1,4,277,train
1,4,279,train
1,4,280,train
1,4,282,train
1,4,284,train
1,4,285,train
1,4,286,train
1,4,287,train
1,4,288,train
1,4,289,train
1,4,290,train
1,4,291,train
1,4,293,train
1,4,294,train
1,4,295,train
1,4,296,train
1,4,297,train
1,4,298,train
1,4,299,train
1,4,300,train
1,4,301,train
1,4,302,train
1,4,303,train
1,4,304,train
1,4,305,train
1,4,307,train
1,4,308,train
1,4,309,train
1,4,310,train
1,4,312,train
1,4,314,train
1,4,315,train
1,4,316,train
1,4,317,train
1,4,318,train
1,4,319,train
1,4,320,train
1,4,321,train
1,4,324,train
1,4,325,train
1,4,326,train
1,4,327,train
1,4,328,train
1,4,329,train
1,4,330,train
1,4,332,train
1,4,333,train
1,4,334,train
1,4,335,train
1,4,338,train
1,4,339,train
1,4,340,train
1,4,341,train
1,4,342,train
1,4,343,train
1,4,344,train
1,4,345,train
1,4,346,train
1,4,347,train
1,4,350,train
1,4,352,train
1,4,353,train
1,4,355,train
1,4,357,train
1,4,358,train
1,4,359,train
1,4,360,train
1,4,361,train
1,4,362,train
1,4,364,train
1,4,365,train
1,4,366,train
1,4,367,train
1,4,368,train
1,4,369,train
1,4,371,train
1,4,373,train
1,4,374,train
1,4,375,train
1,4,376,train
1,4,377,train
1,4,378,train
1,4,379,train
1,4,382,train
1,4,383,train
1,4,384,train
1,4,386,train
1,4,387,train
1,4,388,train
1,4,389,train
1,4,390,train
1,4,391,train
1,4,392,train
1,4,393,train
1,4,394,train
1,4,395,train
1,4,396,train
1,4,397,train
1,4,398,train
1,4,399,train
1,4,400,train
1,4,402,train
1,4,403,train
1,4,405,train
1,4,407,train
1,4,408,train
1,4,409,train
1,4,410,train
1,4,411,train
1,4,412,train
1,4,413,train
1,4,414,train
1,4,415,train
1,4,416,train
1,4,417,train
1,4,418,train
1,4,420,train
1,4,421,train
1,4,422,train
1,4,423,train
1,4,424,train
1,4,425,train
1,4,426,train
1,4,427,train
1,4,428,train
1,4,429,train
1,4,430,train
1,4,431,train
1,4,432,train
1,4,433,train
1,4,435,train
1,4,437,train
1,4,439,train
1,4,440,train
1,4,441,train
1,4,442,train
1,4,443,train
1,4,444,train
1,4,446,train
1,4,447,train
1,4,448,train
1,4,449,train
1,4,450,train
1,4,451,train
1,4,452,train
1,4,454,train
1,4,455,train
1,4,456,train
1,4,457,train
1,4,458,train
1,4,460,train
1,4,461,train
1,4,462,train
1,4,463,train
1,4,464,train
1,4,465,train
1,4,466,train
1,4,467,train
1,4,468,train
1,4,469,train
1,4,471,train
1,4,472,train
1,4,473,train
1,4,474,train
1,4,475,train
1,4,476,train
1,4,478,train
1,4,479,train
1,4,481,train
1,4,482,train
1,4,484,train
1,4,485,train
1,4,486,train
1,4,487,train
1,4,488,train
1,4,489,train
1,4,490,train
1,4,492,train
1,4,493,train
1,4,494,train
1,4,495,train
1,4,496,train
1,4,497,train
1,4,498,train
1,4,500,train
1,4,501,train
1,4,502,train
1,4,503,train
1,4,504,train
1,4,506,train
1,4,507,train
1,4,508,train
1,4,509,train
1,4,510,train
1,4,512,train
1,4,513,train
1,4,514,train
1,4,516,train
1,4,517,train
1,4,519,train
1,4,520,train
1,4,522,train
1,4,523,train
1,4,524,train
1,4,525,train
1,4,526,train
1,4,527,train
1,4,528,train
1,4,529,train
1,4,532,train
1,4,534,train
1,4,535,train
1,4,538,train
1,4,540,train
1,4,541,train
1,4,542,train
1,4,543,train
1,4,544,train
1,4,545,train
1,4,546,train
1,4,547,train
1,4,548,train
1,4,550,train
1,4,551,train
1,4,553,train
1,4,554,train
1,4,556,train
1,4,557,train
1,4,558,train
1,4,559,train
1,4,561,train
1,4,562,train
1,4,564,train
1,4,565,train
1,4,566,train
1,4,567,train
1,4,568,train
1,4,569,train
1,4,570,train
1,4,571,train
1,4,574,train
1,4,575,train
1,4,577,train
1,4,578,train
1,4,579,train
1,4,580,train
1,4,581,train
1,4,582,train
1,4,583,train
1,4,584,train
1,4,585,train
1,4,586,train
1,4,587,train
1,4,588,train
1,4,589,train
1,4,590,train
1,4,591,train
1,4,592,train
1,4,593,train
1,4,594,train
1,4,597,train
1,4,598,train
1,4,599,train
1,4,600,train
1,4,601,train
1,4,603,train
1,4,604,train
1,4,606,train
1,4,607,train
1,4,609,train
1,4,610,train
1,4,611,train
1,4,612,train
1,4,613,train
1,4,614,train
1,4,616,train
1,4,617,train
1,4,618,train
1,4,620,train
1,4,621,train
1,4,622,train
1,4,623,train
1,4,624,train
1,4,625,train
1,4,626,train
1,4,627,train
1,4,628,train
1,4,631,train
1,4,632,train
1,4,633,train
1,4,634,train
1,4,635,train
1,4,638,train
1,4,639,train
1,4,641,train
1,4,642,train
1,4,643,train
1,4,645,train
1,4,646,train
1,4,647,train
1,4,648,train
1,4,650,train
1,4,651,train
1,4,652,train
1,4,653,train
1,4,654,train
1,4,655,train
1,4,656,train
1,4,657,train
1,4,660,train
1,4,661,train
1,4,662,train
1,4,663,train
1,4,664,train
1,4,665,train
1,4,666,train
1,4,667,train
1,4,668,train
1,4,669,train
1,4,670,train
1,4,672,train
1,4,673,train
1,4,674,train
1,4,675,train
1,4,676,train
1,4,677,train
1,4,680,train
1,4,682,train
1,4,683,train
1,4,684,train
1,4,685,train
1,4,686,train
1,4,688,train
1,4,689,train
1,4,690,train
1,4,691,train
1,4,692,train
1,4,693,train
1,4,694,train
1,4,695,train
1,4,697,train
1,4,698,train
1,4,699,train
1,4,700,train
1,4,701,train
1,4,702,train
1,4,704,train
1,4,705,train
1,4,706,train
1,4,707,train
1,4,708,train
1,4,709,train
1,4,710,train
1,4,712,train
1,4,713,train
1,4,714,train
1,4,715,train
1,4,716,train
1,4,717,train
1,4,718,train
1,4,720,train
1,4,721,train
1,4,722,train
1,4,723,train
1,4,724,train
1,4,725,train
1,4,726,train
1,4,727,train
1,4,728,train
1,4,729,train
1,4,730,train
1,4,731,train
1,4,734,train
1,4,736,train
1,4,737,train
1,4,738,train
1,4,739,train
1,4,740,train
1,4,742,train
1,4,744,train
1,4,745,train
1,4,746,train
1,4,747,train
1,4,748,train
1,4,749,train
1,4,750,train
1,4,751,train
1,4,752,train
1,4,753,train
1,4,754,train
1,4,755,train
1,4,756,train
1,4,757,train
1,4,758,train
1,4,759,train
1,4,760,train
1,4,761,train
1,4,762,train
1,4,763,train
1,4,765,train
1,4,766,train
1,4,767,train
1,4,768,train
1,4,769,train
1,4,772,train
1,4,773,train
1,4,774,train
1,4,775,train
1,4,777,train
1,4,778,train
1,4,779,train
1,4,782,train
1,4,783,train
1,4,785,train
1,4,787,train
1,4,788,train
1,4,789,train
1,4,790,train
1,4,791,train
1,4,792,train
1,4,793,train
1,4,795,train
1,4,796,train
1,4,797,train
1,4,800,train
1,4,801,train
1,4,802,train
1,4,803,train
1,4,804,train
1,4,806,train
1,4,807,train
1,4,808,train
1,4,809,train
1,4,811,train
1,4,812,train
1,4,813,train
1,4,814,train
1,4,815,train
1,4,816,train
1,4,817,train
1,4,818,train
1,4,819,train
1,4,820,train
1,4,822,train
1,4,823,train
1,4,824,train
1,4,825,train
1,4,826,train
1,4,827,train
1,4,829,train
1,4,830,train
1,4,831,train
1,4,833,train
1,4,834,train
1,4,835,train
1,4,836,train
1,4,839,train
1,4,840,train
1,4,841,train
1,4,842,train
1,4,843,train
1,4,844,train
1,4,845,train
1,4,846,train
1,4,848,train
1,4,849,train
1,4,851,train
1,4,852,train
1,4,853,train
1,4,855,train
1,4,856,train
1,4,858,train
1,4,860,train
1,4,862,train
1,4,863,train
1,4,864,train
1,4,865,train
1,4,866,train
1,4,868,train
1,4,869,train
1,4,870,train
1,4,871,train
1,4,873,train
1,4,874,train
1,4,875,train
1,4,876,train
1,4,877,train
1,4,878,train
1,4,879,train
1,4,880,train
1,4,881,train
1,4,882,train
1,4,883,train
1,4,884,train
1,4,885,train
1,4,886,train
1,4,887,train
1,4,888,train
1,4,890,train
1,4,891,train
1,4,892,train
1,4,894,train
1,4,895,train
1,4,896,train
1,4,897,train
1,4,898,train
1,4,899,train
1,4,900,train
1,4,901,train
1,4,902,train
1,4,903,train
1,4,904,train
1,4,905,train
1,4,906,train
1,4,907,train
1,4,908,train
1,4,909,train
1,4,910,train
1,4,911,train
1,4,913,train
1,4,914,train
1,4,915,train
1,4,916,train
1,4,917,train
1,4,918,train
1,4,919,train
1,4,920,train
1,4,923,train
1,4,925,train
1,4,926,train
1,4,928,train
1,4,929,train
1,4,930,train
1,4,932,train
1,4,933,train
1,4,935,train
1,4,936,train
1,4,937,train
1,4,938,train
1,4,939,train
1,4,940,train
1,4,942,train
1,4,944,train
1,4,945,train
1,4,946,train
1,4,948,train
1,4,949,train
1,4,950,train
1,4,951,train
1,4,952,train
1,4,954,train
1,4,955,train
1,4,956,train
1,4,957,train
1,4,958,train
1,4,959,train
1,4,960,train
1,4,963,train
1,4,964,train
1,4,965,train
1,4,966,train
1,4,967,train
1,4,968,train
1,4,969,train
1,4,970,train
1,4,971,train
1,4,972,train
1,4,974,train
1,4,976,train
1,4,977,train
1,4,979,train
1,4,980,train
1,4,981,train
1,4,984,train
1,4,985,train
1,4,986,train
1,4,987,train
1,4,988,train
1,4,991,train
1,4,992,train
1,4,993,train
1,4,994,train
1,4,995,train
1,4,996,train
1,4,997,train
1,4,998,train
1,4,1000,train
1,4,1001,train
1,4,1002,train
1,4,1003,train
1,4,1006,train
1,4,1008,train
1,4,1009,train
1,4,1010,train
1,4,1011,train
1,4,1013,train
1,4,1014,train
1,4,1015,train
1,4,1016,train
1,4,1017,train
1,4,1018,train
1,4,1019,train
1,4,1020,train
1,4,1022,train
1,4,1023,train
1,4,1024,train
1,4,1025,train
1,4,1026,train
1,4,1027,train
1,4,1028,train
1,4,1029,train
1,4,1030,train
1,4,1031,train
1,4,1033,train
1,4,1034,train
1,4,1035,train
1,4,1036,train
1,4,1037,train
1,4,1039,train
1,4,1040,train
1,4,1042,train
1,4,1043,train
1,4,1044,train
1,4,1045,train
1,4,1046,train
1,4,1047,train
1,4,1048,train
1,4,1049,train
1,4,1053,train
1,4,1054,train
1,4,1055,train
1,4,1056,train
1,4,1057,train
1,4,1058,train
1,4,1059,train
1,4,1060,train
1,4,1062,train
1,4,1063,train
1,4,1064,train
1,4,1065,train
1,4,1066,train
1,4,1072,train
1,4,1073,train
1,4,1074,train
1,4,1075,train
1,4,1076,train
1,4,1077,train
1,4,1078,train
1,4,1079,train
1,4,1080,train
1,4,1081,train
1,4,1082,train
1,4,1083,train
1,4,1084,train
1,4,1086,train
1,4,1087,train
1,4,1088,train
1,4,1091,train
1,4,1092,train
1,4,1094,train
1,4,1095,train
1,4,1096,train
1,4,1097,train
1,4,1099,train
1,4,0,valid
1,4,4,valid
1,4,5,valid
1,4,9,valid
1,4,20,valid
1,4,23,valid
1,4,27,valid
1,4,30,valid
1,4,33,valid
1,4,35,valid
1,4,37,valid
1,4,55,valid
1,4,59,valid
1,4,62,valid
1,4,66,valid
1,4,67,valid
1,4,71,valid
1,4,77,valid
1,4,78,valid
1,4,81,valid
1,4,83,valid
1,4,92,valid
1,4,98,valid
1,4,109,valid
1,4,110,valid
1,4,121,valid
1,4,122,valid
1,4,126,valid
1,4,139,valid
1,4,140,valid
1,4,143,valid
1,4,145,valid
1,4,147,valid
1,4,149,valid
1,4,152,valid
1,4,156,valid
1,4,161,valid
1,4,163,valid
1,4,165,valid
1,4,168,valid
1,4,170,valid
1,4,172,valid
1,4,179,valid
1,4,180,valid
1,4,190,valid
1,4,193,valid
1,4,199,valid
1,4,200,valid
1,4,206,valid
1,4,217,valid
1,4,218,valid
1,4,219,valid
1,4,221,valid
1,4,222,valid
1,4,224,valid
1,4,228,valid
1,4,230,valid
1,4,247,valid
1,4,257,valid
1,4,262,valid
1,4,263,valid
1,4,272,valid
1,4,278,valid
1,4,281,valid
1,4,283,valid
1,4,292,valid
1,4,306,valid
1,4,311,valid
1,4,313,valid
1,4,322,valid
1,4,323,valid
1,4,331,valid
1,4,336,valid
1,4,337,valid
1,4,348,valid
1,4,349,valid
1,4,351,valid
1,4,354,valid
1,4,356,valid
1,4,363,valid
1,4,370,valid
1,4,372,valid
1,4,380,valid
1,4,381,valid
1,4,385,valid
1,4,401,valid
1,4,404,valid
1,4,406,valid
1,4,419,valid
1,4,434,valid
1,4,436,valid
1,4,438,valid
1,4,445,valid
1,4,453,valid
1,4,459,valid
1,4,470,valid
1,4,477,valid
1,4,480,valid
1,4,483,valid
1,4,491,valid
1,4,499,valid
1,4,505,valid
1,4,511,valid
1,4,515,valid
1,4,518,valid
1,4,521,valid
1,4,530,valid
1,4,531,valid
1,4,533,valid
1,4,536,valid
1,4,537,valid
1,4,539,valid
1,4,549,valid
1,4,552,valid
1,4,555,valid
1,4,560,valid
1,4,563,valid
1,4,572,valid
1,4,573,valid
1,4,576,valid
1,4,595,valid
1,4,596,valid
1,4,602,valid
1,4,605,valid
1,4,608,valid
1,4,615,valid
1,4,619,valid
1,4,629,valid
1,4,630,valid
1,4,636,valid
1,4,637,valid
1,4,640,valid
1,4,644,valid
1,4,649,valid
1,4,658,valid
1,4,659,valid
1,4,671,valid
1,4,678,valid
1,4,679,valid
1,4,681,valid
1,4,687,valid
1,4,696,valid
1,4,703,valid
1,4,711,valid
1,4,719,valid
1,4,732,valid
1,4,733,valid
1,4,735,valid
1,4,741,valid
1,4,743,valid
1,4,764,valid
1,4,770,valid
1,4,771,valid
1,4,776,valid
1,4,780,valid
1,4,781,valid
1,4,784,valid
1,4,786,valid
1,4,794,valid
1,4,798,valid
1,4,799,valid
1,4,810,valid
1,4,821,valid
1,4,828,valid
1,4,832,valid
1,4,837,valid
1,4,838,valid
1,4,847,valid
1,4,850,valid
1,4,854,valid
1,4,857,valid
1,4,859,valid
1,4,861,valid
1,4,867,valid
1,4,872,valid
1,4,893,valid
1,4,912,valid
1,4,921,valid
1,4,922,valid
1,4,924,valid
1,4,927,valid
1,4,931,valid
1,4,934,valid
1,4,941,valid
1,4,943,valid
1,4,947,valid
1,4,953,valid
1,4,961,valid
1,4,962,valid
1,4,973,valid
1,4,975,valid
1,4,978,valid
1,4,982,valid
1,4,983,valid
1,4,989,valid
1,4,990,valid
1,4,999,valid
1,4,1004,valid
1,4,1005,valid
1,4,1007,valid
1,4,1012,valid
1,4,1021,valid
1,4,1032,valid
1,4,1038,valid
1,4,1041,valid
1,4,1050,valid
1,4,1051,valid
1,4,1052,valid
1,4,1061,valid
1,4,1067,valid
1,4,1068,valid
1,4,1069,valid
1,4,1070,valid
1,4,1071,valid
1,4,1085,valid
1,4,1089,valid
1,4,1090,valid
1,4,1093,valid
1,4,1098,valid
2,0,2,train
2,0,3,train
2,0,4,train
2,0,5,train
2,0,6,train
2,0,7,train
2,0,8,train
2,0,10,train
2,0,11,train
2,0,12,train
2,0,13,train
2,0,14,train
2,0,15,train
2,0,16,train
2,0,17,train
2,0,18,train
2,0,20,train
2,0,23,train
2,0,24,train
2,0,25,train
2,0,26,train
2,0,27,train
2,0,28,train
2,0,29,train
2,0,30,train
2,0,31,train
2,0,33,train
2,0,34,train
2,0,35,train
2,0,36,train
2,0,37,train
2,0,38,train
2,0,39,train
2,0,40,train
2,0,42,train
2,0,43,train
2,0,44,train
2,0,45,train
2,0,47,train
2,0,48,train
2,0,51,train
2,0,52,train
2,0,53,train
2,0,54,train
2,0,55,train
2,0,56,train
2,0,57,train
2,0,59,train
2,0,60,train
2,0,61,train
2,0,62,train
2,0,64,train
2,0,65,train
2,0,66,train
2,0,67,train
2,0,68,train
2,0,70,train
2,0,72,train
2,0,73,train
2,0,74,train
2,0,75,train
2,0,77,train
2,0,78,train
2,0,79,train
2,0,80,train
2,0,81,train
2,0,82,train
2,0,83,train
2,0,84,train
2,0,87,train
2,0,89,train
2,0,90,train
2,0,91,train
2,0,92,train
2,0,93,train
2,0,95,train
2,0,96,train
2,0,98,train
2,0,99,train
2,0,101,train
2,0,103,train
2,0,104,train
2,0,105,train
2,0,106,train
2,0,107,train
2,0,108,train
2,0,109,train
2,0,110,train
2,0,111,train
2,0,112,train
2,0,113,train
2,0,114,train
2,0,115,train
2,0,116,train
2,0,118,train
2,0,120,train
2,0,121,train
2,0,122,train
2,0,123,train
2,0,124,train
2,0,125,train
2,0,126,train
2,0,127,train
2,0,129,train
2,0,130,train
2,0,132,train
2,0,133,train
2,0,134,train
2,0,135,train
2,0,136,train
2,0,137,train
2,0,138,train
2,0,139,train
2,0,140,train
2,0,141,train
2,0,142,train
2,0,144,train
2,0,145,train
2,0,146,train
2,0,147,train
2,0,148,train
2,0,149,train
2,0,150,train
2,0,151,train
2,0,152,train
2,0,153,train
2,0,154,train
2,0,155,train
2,0,157,train
2,0,159,train
2,0,161,train
2,0,162,train
2,0,163,train
2,0,164,train
2,0,166,train
2,0,167,train
2,0,168,train
2,0,169,train
2,0,170,train
2,0,172,train
2,0,173,train
2,0,174,train
2,0,176,train
2,0,177,train
2,0,178,train
2,0,179,train
2,0,180,train
2,0,181,train
2,0,182,train
2,0,183,train
2,0,184,train
2,0,185,train
2,0,186,train
2,0,187,train
2,0,188,train
2,0,189,train
2,0,190,train
2,0,191,train
2,0,192,train
2,0,193,train
2,0,194,train
2,0,195,train
2,0,196,train
2,0,199,train
2,0,200,train
2,0,201,train
2,0,202,train
2,0,204,train
2,0,206,train
2,0,207,train
2,0,208,train
2,0,210,train
2,0,211,train
2,0,212,train
2,0,213,train
2,0,214,train
2,0,215,train
2,0,216,train
2,0,217,train
2,0,219,train
2,0,220,train
2,0,221,train
2,0,222,train
2,0,224,train
2,0,225,train
2,0,226,train
2,0,227,train
2,0,228,train
2,0,229,train
2,0,230,train
2,0,231,train
2,0,232,train
2,0,234,train
2,0,235,train
2,0,236,train
2,0,237,train
2,0,239,train
2,0,240,train
2,0,241,train
2,0,242,train
2,0,243,train
2,0,244,train
2,0,245,train
2,0,247,train
2,0,248,train
2,0,249,train
2,0,250,train
2,0,251,train
2,0,252,train
2,0,254,train
2,0,255,train
2,0,256,train
2,0,257,train
2,0,258,train
2,0,259,train
2,0,260,train
2,0,261,train
2,0,262,train
2,0,263,train
2,0,264,train
2,0,265,train
2,0,266,train
2,0,267,train
2,0,269,train
2,0,270,train
2,0,271,train
2,0,272,train
2,0,273,train
2,0,274,train
2,0,275,train
2,0,278,train
2,0,280,train
2,0,281,train
2,0,282,train
2,0,283,train
2,0,284,train
2,0,285,train
2,0,286,train
2,0,287,train
2,0,289,train
2,0,290,train
2,0,291,train
2,0,292,train
2,0,296,train
2,0,298,train
2,0,299,train
2,0,300,train
2,0,302,train
2,0,305,train
2,0,306,train
2,0,307,train
2,0,308,train
2,0,309,train
2,0,310,train
2,0,311,train
2,0,313,train
2,0,314,train
2,0,315,train
2,0,316,train
2,0,317,train
2,0,318,train
2,0,320,train
2,0,321,train
2,0,322,train
2,0,323,train
2,0,324,train
2,0,325,train
2,0,326,train
2,0,327,train
2,0,328,train
2,0,329,train
2,0,330,train
2,0,331,train
2,0,333,train
2,0,334,train
2,0,335,train
2,0,337,train
2,0,339,train
2,0,340,train
2,0,341,train
2,0,342,train
2,0,343,train
2,0,345,train
2,0,346,train
2,0,347,train
2,0,348,train
2,0,349,train
2,0,350,train
2,0,351,train
2,0,352,train
2,0,353,train
2,0,355,train
2,0,356,train
2,0,357,train
2,0,358,train
2,0,361,train
2,0,362,train
2,0,364,train
2,0,365,train
2,0,367,train
2,0,371,train
2,0,372,train
2,0,373,train
2,0,374,train
2,0,376,train
2,0,377,train
2,0,378,train
2,0,379,train
2,0,380,train
2,0,381,train
2,0,383,train
2,0,385,train
2,0,386,train
2,0,387,train
2,0,388,train
2,0,391,train
2,0,392,train
2,0,393,train
2,0,394,train
2,0,395,train
2,0,397,train
2,0,399,train
2,0,400,train
2,0,401,train
2,0,402,train
2,0,403,train
2,0,404,train
2,0,405,train
2,0,406,train
2,0,408,train
2,0,409,train
2,0,410,train
2,0,411,train
2,0,413,train
2,0,414,train
2,0,415,train
2,0,416,train
2,0,417,train
2,0,418,train
2,0,420,train
2,0,421,train
2,0,422,train
2,0,423,train
2,0,424,train
2,0,425,train
2,0,427,train
2,0,428,train
2,0,429,train
2,0,430,train
2,0,432,train
2,0,433,train
2,0,434,train
2,0,435,train
2,0,436,train
2,0,437,train
2,0,438,train
2,0,439,train
2,0,441,train
2,0,442,train
2,0,443,train
2,0,444,train
2,0,445,train
2,0,446,train
2,0,447,train
2,0,448,train
2,0,450,train
2,0,451,train
2,0,452,train
2,0,453,train
2,0,454,train
2,0,456,train
2,0,458,train
2,0,459,train
2,0,460,train
2,0,462,train
2,0,463,train
2,0,464,train
2,0,466,train
2,0,467,train
2,0,471,train
2,0,473,train
2,0,474,train
2,0,475,train
2,0,476,train
2,0,477,train
2,0,478,train
2,0,479,train
2,0,480,train
2,0,481,train
2,0,482,train
2,0,484,train
2,0,485,train
2,0,486,train
2,0,487,train
2,0,488,train
2,0,489,train
2,0,491,train
2,0,493,train
2,0,495,train
2,0,496,train
2,0,497,train
2,0,499,train
2,0,500,train
2,0,501,train
2,0,503,train
2,0,504,train
2,0,505,train
2,0,507,train
2,0,508,train
2,0,511,train
2,0,512,train
2,0,515,train
2,0,516,train
2,0,517,train
2,0,518,train
2,0,519,train
2,0,520,train
2,0,521,train
2,0,522,train
2,0,523,train
2,0,524,train
2,0,525,train
2,0,526,train
2,0,528,train
2,0,530,train
2,0,532,train
2,0,533,train
2,0,535,train
2,0,536,train
2,0,537,train
2,0,538,train
2,0,539,train
2,0,540,train
2,0,541,train
2,0,542,train
2,0,543,train
2,0,544,train
2,0,545,train
2,0,546,train
2,0,547,train
2,0,549,train
2,0,550,train
2,0,551,train
2,0,552,train
2,0,553,train
2,0,554,train
2,0,556,train
2,0,557,train
2,0,559,train
2,0,560,train
2,0,561,train
2,0,562,train
2,0,563,train
2,0,564,train
2,0,565,train
2,0,566,train
2,0,567,train
2,0,568,train
2,0,569,train
2,0,570,train
2,0,571,train
2,0,572,train
2,0,574,train
2,0,575,train
2,0,576,train
2,0,577,train
2,0,578,train
2,0,579,train
2,0,581,train
2,0,582,train
2,0,583,train
2,0,584,train
2,0,585,train
2,0,586,train
2,0,587,train
2,0,588,train
2,0,589,train
2,0,590,train
2,0,591,train
2,0,592,train
2,0,593,train
2,0,594,train
2,0,595,train
2,0,597,train
2,0,598,train
2,0,599,train
2,0,600,train
2,0,601,train
2,0,605,train
2,0,606,train
2,0,607,train
2,0,610,train
2,0,611,train
2,0,612,train
2,0,613,train
2,0,614,train
2,0,615,train
2,0,618,train
2,0,619,train
2,0,621,train
2,0,622,train
2,0,623,train
2,0,624,train
2,0,626,train
2,0,627,train
2,0,628,train
2,0,629,train
2,0,630,train
2,0,633,train
2,0,634,train
2,0,635,train
2,0,636,train
2,0,637,train
2,0,638,train
2,0,639,train
2,0,640,train
2,0,641,train
2,0,642,train
2,0,643,train
2,0,644,train
2,0,646,train
2,0,647,train
2,0,650,train
2,0,651,train
2,0,652,train
2,0,653,train
2,0,654,train
2,0,655,train
2,0,656,train
2,0,657,train
2,0,658,train
2,0,660,train
2,0,661,train
2,0,662,train
2,0,664,train
2,0,665,train
2,0,666,train
2,0,667,train
2,0,668,train
2,0,669,train
2,0,670,train
2,0,671,train
2,0,672,train
2,0,675,train
2,0,677,train
2,0,678,train
2,0,679,train
2,0,680,train
2,0,682,train
2,0,683,train
2,0,684,train
2,0,685,train
2,0,686,train
2,0,688,train
2,0,689,train
2,0,690,train
2,0,691,train
2,0,693,train
2,0,694,train
2,0,695,train
2,0,696,train
2,0,697,train
2,0,698,train
2,0,700,train
2,0,701,train
2,0,702,train
2,0,703,train
2,0,704,train
2,0,705,train
2,0,706,train
2,0,708,train
2,0,709,train
2,0,710,train
2,0,711,train
2,0,712,train
2,0,713,train
2,0,714,train
2,0,716,train
2,0,717,train
2,0,718,train
2,0,719,train
2,0,720,train
2,0,722,train
2,0,723,train
2,0,724,train
2,0,725,train
2,0,727,train
2,0,729,train
2,0,731,train
2,0,732,train
2,0,733,train
2,0,734,train
2,0,735,train
2,0,736,train
2,0,737,train
2,0,738,train
2,0,739,train
2,0,740,train
2,0,741,train
2,0,742,train
2,0,743,train
2,0,744,train
2,0,745,train
2,0,746,train
2,0,749,train
2,0,752,train
2,0,753,train
2,0,754,train
2,0,755,train
2,0,756,train
2,0,757,train
2,0,758,train
2,0,759,train
2,0,760,train
2,0,761,train
2,0,762,train
2,0,763,train
2,0,764,train
2,0,765,train
2,0,766,train
2,0,767,train
2,0,768,train
2,0,769,train
2,0,770,train
2,0,771,train
2,0,775,train
2,0,776,train
2,0,777,train
2,0,778,train
2,0,779,train
2,0,780,train
2,0,781,train
2,0,782,train
2,0,783,train
2,0,784,train
2,0,785,train
2,0,786,train
2,0,787,train
2,0,788,train
2,0,789,train
2,0,792,train
2,0,794,train
2,0,795,train
2,0,796,train
2,0,797,train
2,0,798,train
2,0,799,train
2,0,800,train
2,0,801,train
2,0,802,train
2,0,804,train
2,0,806,train
2,0,807,train
2,0,809,train
2,0,810,train
2,0,811,train
2,0,813,train
2,0,814,train
2,0,815,train
2,0,820,train
2,0,821,train
2,0,822,train
2,0,824,train
2,0,825,train
2,0,826,train
2,0,827,train
2,0,828,train
2,0,829,train
2,0,830,train
2,0,831,train
2,0,832,train
2,0,833,train
2,0,834,train
2,0,836,train
2,0,837,train
2,0,838,train
2,0,839,train
2,0,840,train
2,0,841,train
2,0,842,train
2,0,843,train
2,0,844,train
2,0,845,train
2,0,846,train
2,0,847,train
2,0,848,train
2,0,849,train
2,0,851,train
2,0,853,train
2,0,854,train
2,0,855,train
2,0,856,train
2,0,859,train
2,0,861,train
2,0,862,train
2,0,863,train
2,0,864,train
2,0,865,train
2,0,866,train
2,0,868,train
2,0,869,train
2,0,871,train
2,0,872,train
2,0,873,train
2,0,875,train
2,0,876,train
2,0,877,train
2,0,878,train
2,0,879,train
2,0,881,train
2,0,882,train
2,0,884,train
2,0,885,train
2,0,886,train
2,0,887,train
2,0,888,train
2,0,891,train
2,0,894,train
2,0,895,train
2,0,896,train
2,0,897,train
2,0,898,train
2,0,900,train
2,0,903,train
2,0,904,train
2,0,905,train
2,0,906,train
2,0,907,train
2,0,908,train
2,0,910,train
2,0,911,train
2,0,914,train
2,0,915,train
2,0,916,train
2,0,917,train
2,0,918,train
2,0,919,train
2,0,921,train
2,0,922,train
2,0,925,train
2,0,927,train
2,0,928,train
2,0,930,train
2,0,931,train
2,0,932,train
2,0,933,train
2,0,934,train
2,0,935,train
2,0,936,train
2,0,937,train
2,0,938,train
2,0,939,train
2,0,940,train
2,0,942,train
2,0,943,train
2,0,944,train
2,0,945,train
2,0,946,train
2,0,947,train
2,0,948,train
2,0,949,train
2,0,950,train
2,0,951,train
2,0,952,train
2,0,953,train
2,0,954,train
2,0,955,train
2,0,956,train
2,0,957,train
2,0,960,train
2,0,961,train
2,0,962,train
2,0,963,train
2,0,964,train
2,0,965,train
2,0,966,train
2,0,968,train
2,0,969,train
2,0,970,train
2,0,972,train
2,0,973,train
2,0,974,train
2,0,975,train
2,0,977,train
2,0,979,train
2,0,980,train
2,0,981,train
2,0,982,train
2,0,983,train
2,0,984,train
2,0,985,train
2,0,986,train
2,0,988,train
2,0,989,train
2,0,990,train
2,0,991,train
2,0,992,train
2,0,994,train
2,0,995,train
2,0,997,train
2,0,998,train
2,0,999,train
2,0,1000,train
2,0,1001,train
2,0,1003,train
2,0,1004,train
2,0,1007,train
2,0,1008,train
2,0,1010,train
2,0,1013,train
2,0,1014,train
2,0,1015,train
2,0,1017,train
2,0,1018,train
2,0,1019,train
2,0,1020,train
2,0,1023,train
2,0,1024,train
2,0,1025,train
2,0,1026,train
2,0,1028,train
2,0,1029,train
2,0,1030,train
2,0,1031,train
2,0,1032,train
2,0,1034,train
2,0,1035,train
2,0,1036,train
2,0,1038,train
2,0,1039,train
2,0,1040,train
2,0,1041,train
2,0,1042,train
2,0,1043,train
2,0,1044,train
2,0,1046,train
2,0,1047,train
2,0,1048,train
2,0,1050,train
2,0,1051,train
2,0,1052,train
2,0,1053,train
2,0,1054,train
2,0,1055,train
2,0,1056,train
2,0,1057,train
2,0,1058,train
2,0,1059,train
2,0,1060,train
2,0,1061,train
2,0,1064,train
2,0,1066,train
2,0,1067,train
2,0,1068,train
2,0,1069,train
2,0,1071,train
2,0,1072,train
2,0,1073,train
2,0,1074,train
2,0,1075,train
2,0,1076,train
2,0,1077,train
2,0,1079,train
2,0,1080,train
2,0,1081,train
2,0,1082,train
2,0,1083,train
2,0,1085,train
2,0,1086,train
2,0,1087,train
2,0,1088,train
2,0,1089,train
2,0,1091,train
2,0,1093,train
2,0,1094,train
2,0,1095,train
2,0,1096,train
2,0,1099,train
2,0,0,valid
2,0,1,valid
2,0,9,valid
2,0,19,valid
2,0,21,valid
2,0,22,valid
2,0,32,valid
2,0,41,valid
2,0,46,valid
2,0,49,valid
2,0,50,valid
2,0,58,valid
2,0,63,valid
2,0,69,valid
2,0,71,valid
2,0,76,valid
2,0,85,valid
2,0,86,valid
2,0,88,valid
2,0,94,valid
2,0,97,valid
2,0,100,valid
2,0,102,valid
2,0,117,valid
2,0,119,valid
2,0,128,valid
2,0,131,valid
2,0,143,valid
2,0,156,valid
2,0,158,valid
2,0,160,valid
2,0,165,valid
2,0,171,valid
2,0,175,valid
2,0,197,valid
2,0,198,valid
2,0,203,valid
2,0,205,valid
2,0,209,valid
2,0,218,valid
2,0,223,valid
2,0,233,valid
2,0,238,valid
2,0,246,valid
2,0,253,valid
2,0,268,valid
2,0,276,valid
2,0,277,valid
2,0,279,valid
2,0,288,valid
2,0,293,valid
2,0,294,valid
2,0,295,valid
2,0,297,valid
2,0,301,valid
2,0,303,valid
2,0,304,valid
2,0,312,valid
2,0,319,valid
2,0,332,valid
2,0,336,valid
2,0,338,valid
2,0,344,valid
2,0,354,valid
2,0,359,valid
2,0,360,valid
2,0,363,valid
2,0,366,valid
2,0,368,valid
2,0,369,valid
2,0,370,valid
2,0,375,valid
2,0,382,valid
2,0,384,valid
2,0,389,valid
2,0,390,valid
2,0,396,valid
2,0,398,valid
2,0,407,valid
2,0,412,valid
2,0,419,valid
2,0,426,valid
2,0,431,valid
2,0,440,valid
2,0,449,valid
2,0,455,valid
2,0,457,valid
2,0,461,valid
2,0,465,valid
2,0,468,valid
2,0,469,valid
2,0,470,valid
2,0,472,valid
2,0,483,valid
2,0,490,valid
2,0,492,valid
2,0,494,valid
2,0,498,valid
2,0,502,valid
2,0,506,valid
2,0,509,valid
2,0,510,valid
2,0,513,valid
2,0,514,valid
2,0,527,valid
2,0,529,valid
2,0,531,valid
2,0,534,valid
2,0,548,valid
2,0,555,valid
2,0,558,valid
2,0,573,valid
2,0,580,valid
2,0,596,valid
2,0,602,valid
2,0,603,valid
2,0,604,valid
2,0,608,valid
2,0,609,valid
2,0,616,valid
2,0,617,valid
2,0,620,valid
2,0,625,valid
2,0,631,valid
2,0,632,valid
2,0,645,valid
2,0,648,valid
2,0,649,valid
2,0,659,valid
2,0,663,valid
2,0,673,valid
2,0,674,valid
2,0,676,valid
2,0,681,valid
2,0,687,valid
2,0,692,valid
2,0,699,valid
2,0,707,valid
2,0,715,valid
2,0,721,valid
2,0,726,valid
2,0,728,valid
2,0,730,valid
2,0,747,valid
2,0,748,valid
2,0,750,valid
2,0,751,valid
2,0,772,valid
2,0,773,valid
2,0,774,valid
2,0,790,valid
2,0,791,valid
2,0,793,valid
2,0,803,valid
2,0,808,valid
2,0,812,valid
2,0,816,valid
2,0,817,valid
2,0,818,valid
2,0,819,valid
2,0,823,valid
2,0,835,valid
2,0,850,valid
2,0,852,valid
2,0,857,valid
2,0,858,valid
2,0,860,valid
2,0,867,valid
2,0,870,valid
2,0,874,valid
2,0,880,valid
2,0,883,valid
2,0,890,valid
2,0,892,valid
2,0,893,valid
2,0,899,valid
2,0,901,valid
2,0,902,valid
2,0,909,valid
2,0,912,valid
2,0,913,valid
2,0,920,valid
2,0,923,valid
2,0,924,valid
2,0,926,valid
2,0,929,valid
2,0,941,valid
2,0,958,valid
2,0,959,valid
2,0,967,valid
2,0,971,valid
2,0,976,valid
2,0,978,valid
2,0,987,valid
2,0,993,valid
2,0,996,valid
2,0,1002,valid
2,0,1005,valid
2,0,1006,valid
2,0,1009,valid
2,0,1011,valid
2,0,1012,valid
2,0,1016,valid
2,0,1021,valid
2,0,1022,valid
2,0,1027,valid
2,0,1033,valid
2,0,1037,valid
2,0,1045,valid
2,0,1049,valid
2,0,1062,valid
2,0,1063,valid
2,0,1065,valid
2,0,1070,valid
2,0,1078,valid
2,0,1084,valid
2,0,1090,valid
2,0,1092,valid
2,0,1097,valid
2,0,1098,valid
2,1,0,train
2,1,1,train
2,1,3,train
2,1,4,train
2,1,5,train
2,1,8,train
2,1,9,train
2,1,10,train
2,1,11,train
2,1,12,train
2,1,13,train
2,1,15,train
2,1,16,train
2,1,17,train
2,1,18,train
2,1,19,train
2,1,20,train
2,1,21,train
2,1,22,train
2,1,23,train
2,1,24,train
2,1,25,train
2,1,26,train
2,1,27,train
2,1,30,train
2,1,31,train
2,1,32,train
2,1,33,train
2,1,35,train
2,1,36,train
2,1,38,train
2,1,39,train
2,1,40,train
2,1,41,train
2,1,43,train
2,1,44,train
2,1,45,train
2,1,46,train
2,1,47,train
2,1,49,train
2,1,50,train
2,1,51,train
2,1,52,train
2,1,53,train
2,1,54,train
2,1,55,train
2,1,56,train
2,1,57,train
2,1,58,train
2,1,59,train
2,1,60,train
2,1,61,train
2,1,62,train
2,1,63,train
2,1,64,train
2,1,65,train
2,1,66,train
2,1,67,train
2,1,69,train
2,1,70,train
2,1,71,train
2,1,72,train
2,1,73,train
2,1,74,train
2,1,75,train
2,1,76,train
2,1,77,train
2,1,78,train
2,1,79,train
2,1,80,train
2,1,81,train
2,1,83,train
2,1,85,train
2,1,86,train
2,1,87,train
2,1,88,train
2,1,89,train
2,1,90,train
2,1,91,train
2,1,93,train
2,1,94,train
2,1,97,train
2,1,98,train
2,1,100,train
2,1,101,train
2,1,102,train
2,1,103,train
2,1,106,train
2,1,107,train
2,1,111,train
2,1,112,train
2,1,113,train
2,1,114,train
2,1,115,train
2,1,117,train
2,1,118,train
2,1,119,train
2,1,121,train
2,1,122,train
2,1,123,train
2,1,124,train
2,1,125,train
2,1,126,train
2,1,127,train
2,1,128,train
2,1,129,train
2,1,130,train
2,1,131,train
2,1,132,train
2,1,133,train
2,1,136,train
2,1,137,train
2,1,138,train
2,1,140,train
2,1,143,train
2,1,144,train
2,1,145,train
2,1,146,train
2,1,148,train
2,1,150,train
2,1,151,train
2,1,155,train
2,1,156,train
2,1,158,train
2,1,160,train
2,1,161,train
2,1,162,train
2,1,164,train
2,1,165,train
2,1,166,train
2,1,167,train
2,1,168,train
2,1,169,train
2,1,171,train
2,1,173,train
2,1,174,train
2,1,175,train
2,1,177,train
2,1,178,train
2,1,179,train
2,1,181,train
2,1,182,train
2,1,183,train
2,1,186,train
2,1,188,train
2,1,190,train
2,1,192,train
2,1,194,train
2,1,195,train
2,1,196,train
2,1,197,train
2,1,198,train
2,1,199,train
2,1,200,train
2,1,201,train
2,1,202,train
2,1,203,train
2,1,204,train
2,1,205,train
2,1,206,train
2,1,207,train
2,1,208,train
2,1,209,train
2,1,210,train
2,1,212,train
2,1,214,train
2,1,215,train
2,1,216,train
2,1,217,train
2,1,218,train
2,1,219,train
2,1,220,train
2,1,221,train
2,1,222,train
2,1,223,train
2,1,224,train
2,1,225,train
2,1,226,train
2,1,228,train
2,1,229,train
2,1,230,train
2,1,231,train
2,1,232,train
2,1,233,train
2,1,235,train
2,1,237,train
2,1,238,train
2,1,239,train
2,1,242,train
2,1,243,train
2,1,244,train
2,1,245,train
2,1,246,train
2,1,247,train
2,1,248,train
2,1,249,train
2,1,250,train
2,1,251,train
2,1,252,train
2,1,253,train
2,1,255,train
2,1,258,train
2,1,259,train
2,1,260,train
2,1,262,train
2,1,263,train
2,1,264,train
2,1,265,train
2,1,266,train
2,1,267,train
2,1,268,train
2,1,269,train
2,1,270,train
2,1,271,train
2,1,272,train
2,1,273,train
2,1,274,train
2,1,276,train
2,1,277,train
2,1,278,train
2,1,279,train
2,1,280,train
2,1,282,train
2,1,283,train
2,1,284,train
2,1,285,train
2,1,286,train
2,1,288,train
2,1,289,train
2,1,290,train
2,1,291,train
2,1,292,train
2,1,293,train
2,1,294,train
2,1,295,train
2,1,296,train
2,1,297,train
2,1,298,train
2,1,299,train
2,1,300,train
2,1,301,train
2,1,302,train
2,1,303,train
2,1,304,train
2,1,306,train
2,1,307,train
2,1,308,train
2,1,310,train
2,1,311,train
2,1,312,train
2,1,313,train
2,1,314,train
2,1,315,train
2,1,316,train
2,1,317,train
2,1,319,train
2,1,321,train
2,1,322,train
2,1,323,train
2,1,324,train
2,1,325,train
2,1,326,train
2,1,327,train
2,1,328,train
2,1,331,train
2,1,332,train
2,1,333,train
2,1,334,train
2,1,335,train
2,1,336,train
2,1,337,train
2,1,338,train
2,1,339,train
2,1,340,train
2,1,342,train
2,1,343,train
2,1,344,train
2,1,346,train
2,1,349,train
2,1,350,train
2,1,351,train
2,1,352,train
2,1,353,train
2,1,354,train
2,1,355,train
2,1,357,train
2,1,358,train
2,1,359,train
2,1,360,train
2,1,361,train
2,1,363,train
2,1,366,train
2,1,367,train
2,1,368,train
2,1,369,train
2,1,370,train
2,1,371,train
2,1,372,train
2,1,373,train
2,1,374,train
2,1,375,train
2,1,377,train
2,1,378,train
2,1,380,train
2,1,381,train
2,1,382,train
2,1,383,train
2,1,384,train
2,1,385,train
2,1,386,train
2,1,387,train
2,1,388,train
2,1,389,train
2,1,390,train
2,1,391,train
2,1,392,train
2,1,393,train
2,1,394,train
2,1,395,train
2,1,396,train
2,1,397,train
2,1,398,train
2,1,399,train
2,1,400,train
2,1,401,train
2,1,402,train
2,1,403,train
2,1,406,train
2,1,407,train
2,1,408,train
2,1,409,train
2,1,410,train
2,1,411,train
2,1,412,train
2,1,413,train
2,1,414,train
2,1,415,train
2,1,419,train
2,1,421,train
2,1,422,train
2,1,423,train
2,1,424,train
2,1,425,train
2,1,426,train
2,1,429,train
2,1,430,train
2,1,431,train
2,1,432,train
2,1,433,train
2,1,434,train
2,1,435,train
2,1,436,train
2,1,437,train
2,1,438,train
2,1,439,train
2,1,440,train
2,1,442,train
2,1,443,train
2,1,445,train
2,1,446,train
2,1,447,train
2,1,448,train
2,1,449,train
2,1,452,train
2,1,453,train
2,1,454,train
2,1,455,train
2,1,456,train
2,1,457,train
2,1,459,train
2,1,460,train
2,1,461,train
2,1,462,train
2,1,463,train
2,1,464,train
2,1,465,train
2,1,466,train
2,1,467,train
2,1,468,train
2,1,469,train
2,1,470,train
2,1,471,train
2,1,472,train
2,1,473,train
2,1,475,train
2,1,476,train
2,1,478,train
2,1,479,train
2,1,480,train
2,1,481,train
2,1,482,train
2,1,483,train
2,1,484,train
2,1,486,train
2,1,487,train
2,1,488,train
2,1,489,train
2,1,490,train
2,1,491,train
2,1,492,train
2,1,494,train
2,1,495,train
2,1,497,train
2,1,498,train
2,1,499,train
2,1,500,train
2,1,502,train
2,1,504,train
2,1,505,train
2,1,506,train
2,1,509,train
2,1,510,train
2,1,511,train
2,1,512,train
2,1,513,train
2,1,514,train
2,1,515,train
2,1,516,train
2,1,517,train
2,1,518,train
2,1,519,train
2,1,520,train
2,1,521,train
2,1,522,train
2,1,523,train
2,1,524,train
2,1,525,train
2,1,526,train
2,1,527,train
2,1,528,train
2,1,529,train
2,1,531,train
2,1,532,train
2,1,533,train
2,1,534,train
2,1,535,train
2,1,536,train
2,1,537,train
2,1,538,train
2,1,539,train
2,1,540,train
2,1,541,train
2,1,542,train
2,1,545,train
2,1,546,train
2,1,548,train
2,1,549,train
2,1,550,train
2,1,551,train
2,1,552,train
2,1,553,train
2,1,555,train
2,1,556,train
2,1,558,train
2,1,559,train
2,1,560,train
2,1,561,train
2,1,564,train
2,1,565,train
2,1,567,train
2,1,568,train
2,1,569,train
2,1,570,train
2,1,571,train
2,1,572,train
2,1,573,train
2,1,575,train
2,1,577,train
2,1,579,train
2,1,580,train
2,1,581,train
2,1,582,train
2,1,583,train
2,1,585,train
2,1,587,train
2,1,588,train
2,1,589,train
2,1,591,train
2,1,592,train
2,1,593,train
2,1,594,train
2,1,595,train
2,1,596,train
2,1,597,train
2,1,598,train
2,1,601,train
2,1,602,train
2,1,603,train
2,1,604,train
2,1,606,train
2,1,607,train
2,1,608,train
2,1,609,train
2,1,611,train
2,1,612,train
2,1,613,train
2,1,615,train
2,1,616,train
2,1,617,train
2,1,619,train
2,1,620,train
2,1,621,train
2,1,622,train
2,1,623,train
2,1,624,train
2,1,625,train
2,1,626,train
2,1,627,train
2,1,628,train
2,1,629,train
2,1,630,train
2,1,631,train
2,1,632,train
2,1,638,train
2,1,639,train
2,1,640,train
2,1,641,train
2,1,643,train
2,1,644,train
2,1,645,train
2,1,646,train
2,1,647,train
2,1,648,train
2,1,649,train
2,1,650,train
2,1,651,train
2,1,652,train
2,1,654,train
2,1,655,train
2,1,657,train
2,1,658,train
2,1,659,train
2,1,660,train
2,1,661,train
2,1,662,train
2,1,663,train
2,1,664,train
2,1,665,train
2,1,666,train
2,1,668,train
2,1,669,train
2,1,670,train
2,1,671,train
2,1,673,train
2,1,674,train
2,1,676,train
2,1,677,train
2,1,679,train
2,1,681,train
2,1,682,train
2,1,683,train
2,1,684,train
2,1,685,train
2,1,686,train
2,1,687,train
2,1,688,train
2,1,689,train
2,1,691,train
2,1,692,train
2,1,693,train
2,1,694,train
2,1,695,train
2,1,696,train
2,1,697,train
2,1,698,train
2,1,699,train
2,1,700,train
2,1,701,train
2,1,703,train
2,1,704,train
2,1,706,train
2,1,707,train
2,1,708,train
2,1,709,train
2,1,710,train
2,1,711,train
2,1,713,train
2,1,714,train
2,1,715,train
2,1,716,train
2,1,717,train
2,1,719,train
2,1,721,train
2,1,723,train
2,1,724,train
2,1,726,train
2,1,727,train
2,1,728,train
2,1,730,train
2,1,731,train
2,1,733,train
2,1,734,train
2,1,735,train
2,1,736,train
2,1,737,train
2,1,739,train
2,1,740,train
2,1,741,train
2,1,742,train
2,1,743,train
2,1,744,train
2,1,745,train
2,1,746,train
2,1,747,train
2,1,748,train
2,1,749,train
2,1,750,train
2,1,751,train
2,1,752,train
2,1,753,train
2,1,754,train
2,1,755,train
2,1,756,train
2,1,757,train
2,1,760,train
2,1,761,train
2,1,762,train
2,1,763,train
2,1,764,train
2,1,766,train
2,1,767,train
2,1,768,train
2,1,769,train
2,1,770,train
2,1,771,train
2,1,772,train
2,1,773,train
2,1,774,train
2,1,776,train
2,1,777,train
2,1,778,train
2,1,780,train
2,1,781,train
2,1,782,train
2,1,785,train
2,1,786,train
2,1,789,train
2,1,790,train
2,1,791,train
2,1,792,train
2,1,793,train
2,1,795,train
2,1,796,train
2,1,797,train
2,1,798,train
2,1,799,train
2,1,801,train
2,1,802,train
2,1,803,train
2,1,804,train
2,1,806,train
2,1,807,train
2,1,808,train
2,1,809,train
2,1,811,train
2,1,812,train
2,1,815,train
2,1,816,train
2,1,817,train
2,1,818,train
2,1,819,train
2,1,821,train
2,1,822,train
2,1,823,train
2,1,824,train
2,1,825,train
2,1,826,train
2,1,827,train
2,1,828,train
2,1,829,train
2,1,830,train
2,1,831,train
2,1,832,train
2,1,833,train
2,1,834,train
2,1,835,train
2,1,836,train
2,1,837,train
2,1,841,train
2,1,842,train
2,1,843,train
2,1,844,train
2,1,845,train
2,1,847,train
2,1,848,train
2,1,849,train
2,1,850,train
2,1,851,train
2,1,852,train
2,1,853,train
2,1,854,train
2,1,857,train
2,1,858,train
2,1,859,train
2,1,860,train
2,1,863,train
2,1,864,train
2,1,865,train
2,1,866,train
2,1,867,train
2,1,868,train
2,1,869,train
2,1,870,train
2,1,871,train
2,1,872,train
2,1,874,train
2,1,875,train
2,1,877,train
2,1,878,train
2,1,879,train
2,1,880,train
2,1,881,train
2,1,882,train
2,1,883,train
2,1,884,train
2,1,885,train
2,1,886,train
2,1,888,train
2,1,890,train
2,1,891,train
2,1,892,train
2,1,893,train
2,1,899,train
2,1,900,train
2,1,901,train
2,1,902,train
2,1,903,train
2,1,904,train
2,1,905,train
2,1,907,train
2,1,909,train
2,1,910,train
2,1,911,train
2,1,912,train
2,1,913,train
2,1,914,train
2,1,916,train
2,1,917,train
2,1,918,train
2,1,919,train
2,1,920,train
2,1,921,train
2,1,923,train
2,1,924,train
2,1,925,train
2,1,926,train
2,1,927,train
2,1,928,train
2,1,929,train
2,1,930,train
2,1,931,train
2,1,932,train
2,1,933,train
2,1,934,train
2,1,935,train
2,1,936,train
2,1,937,train
2,1,939,train
2,1,941,train
2,1,945,train
2,1,946,train
2,1,947,train
2,1,949,train
2,1,952,train
2,1,953,train
2,1,955,train
2,1,956,train
2,1,957,train
2,1,958,train
2,1,959,train
2,1,960,train
2,1,961,train
2,1,962,train
2,1,964,train
2,1,967,train
2,1,968,train
2,1,969,train
2,1,970,train
2,1,971,train
2,1,972,train
2,1,973,train
2,1,974,train
2,1,975,train
2,1,976,train
2,1,978,train
2,1,980,train
2,1,981,train
2,1,982,train
2,1,984,train
2,1,986,train
2,1,987,train
2,1,988,train
2,1,989,train
2,1,990,train
2,1,993,train
2,1,994,train
2,1,995,train
2,1,996,train
2,1,998,train
2,1,999,train
2,1,1000,train
2,1,1001,train
2,1,1002,train
2,1,1003,train
2,1,1004,train
2,1,1005,train
2,1,1006,train
2,1,1007,train
2,1,1008,train
2,1,1009,train
2,1,1011,train
2,1,1012,train
2,1,1014,train
2,1,1015,train
2,1,1016,train
2,1,1018,train
2,1,1019,train
2,1,1020,train
2,1,1021,train
2,1,1022,train
2,1,1023,train
2,1,1024,train
2,1,1026,train
2,1,1027,train
2,1,1028,train
2,1,1029,train
2,1,1030,train
2,1,1031,train
2,1,1033,train
2,1,1034,train
2,1,1036,train
2,1,1037,train
2,1,1038,train
2,1,1041,train
2,1,1042,train
2,1,1043,train
2,1,1044,train
2,1,1045,train
2,1,1046,train
2,1,1047,train
2,1,1049,train
2,1,1050,train
2,1,1055,train
2,1,1056,train
2,1,1058,train
2,1,1060,train
2,1,1061,train
2,1,1062,train
2,1,1063,train
2,1,1064,train
2,1,1065,train
2,1,1066,train
2,1,1067,train
2,1,1068,train
2,1,1069,train
2,1,1070,train
2,1,1071,train
2,1,1074,train
2,1,1075,train
2,1,1076,train
2,1,1077,train
2,1,1078,train
2,1,1079,train
2,1,1081,train
2,1,1082,train
2,1,1083,train
2,1,1084,train
2,1,1085,train
2,1,1088,train
2,1,1089,train
2,1,1090,train
2,1,1092,train
2,1,1093,train
2,1,1094,train
2,1,1095,train
2,1,1096,train
2,1,1097,train
2,1,1098,train
2,1,2,valid
2,1,6,valid
2,1,7,valid
2,1,14,valid
2,1,28,valid
2,1,29,valid
2,1,34,valid
2,1,37,valid
2,1,42,valid
2,1,48,valid
2,1,68,valid
2,1,82,valid
2,1,84,valid
2,1,92,valid
2,1,95,valid
2,1,96,valid
2,1,99,valid
2,1,104,valid
2,1,105,valid
2,1,108,valid
2,1,109,valid
2,1,110,valid
2,1,116,valid
2,1,120,valid
2,1,134,valid
2,1,135,valid
2,1,139,valid
2,1,141,valid
2,1,142,valid
2,1,147,valid
2,1,149,valid
2,1,152,valid
2,1,153,valid
2,1,154,valid
2,1,157,valid
2,1,159,valid
2,1,163,valid
2,1,170,valid
2,1,172,valid
2,1,176,valid
2,1,180,valid
2,1,184,valid
2,1,185,valid
2,1,187,valid
2,1,189,valid
2,1,191,valid
2,1,193,valid
2,1,211,valid
2,1,213,valid
2,1,227,valid
2,1,234,valid
2,1,236,valid
2,1,240,valid
2,1,241,valid
2,1,254,valid
2,1,256,valid
2,1,257,valid
2,1,261,valid
2,1,275,valid
2,1,281,valid
2,1,287,valid
2,1,305,valid
2,1,309,valid
2,1,318,valid
2,1,320,valid
2,1,329,valid
2,1,330,valid
2,1,341,valid
2,1,345,valid
2,1,347,valid
2,1,348,valid
2,1,356,valid
2,1,362,valid
2,1,364,valid
2,1,365,valid
2,1,376,valid
2,1,379,valid
2,1,404,valid
2,1,405,valid
2,1,416,valid
2,1,417,valid
2,1,418,valid
2,1,420,valid
2,1,427,valid
2,1,428,valid
2,1,441,valid
2,1,444,valid
2,1,450,valid
2,1,451,valid
2,1,458,valid
2,1,474,valid
2,1,477,valid
2,1,485,valid
2,1,493,valid
2,1,496,valid
2,1,501,valid
2,1,503,valid
2,1,507,valid
2,1,508,valid
2,1,530,valid
2,1,543,valid
2,1,544,valid
2,1,547,valid
2,1,554,valid
2,1,557,valid
2,1,562,valid
2,1,563,valid
2,1,566,valid
2,1,574,valid
2,1,576,valid
2,1,578,valid
2,1,584,valid
2,1,586,valid
2,1,590,valid
2,1,599,valid
2,1,600,valid
2,1,605,valid
2,1,610,valid
2,1,614,valid
2,1,618,valid
2,1,633,valid
2,1,634,valid
2,1,635,valid
2,1,636,valid
2,1,637,valid
2,1,642,valid
2,1,653,valid
2,1,656,valid
2,1,667,valid
2,1,672,valid
2,1,675,valid
2,1,678,valid
2,1,680,valid
2,1,690,valid
2,1,702,valid
2,1,705,valid
2,1,712,valid
2,1,718,valid
2,1,720,valid
2,1,722,valid
2,1,725,valid
2,1,729,valid
2,1,732,valid
2,1,738,valid
2,1,758,valid
2,1,759,valid
2,1,765,valid
2,1,775,valid
2,1,779,valid
2,1,783,valid
2,1,784,valid
2,1,787,valid
2,1,788,valid
2,1,794,valid
2,1,800,valid
2,1,810,valid
2,1,813,valid
2,1,814,valid
2,1,820,valid
2,1,838,valid
2,1,839,valid
2,1,840,valid
2,1,846,valid
2,1,855,valid
2,1,856,valid
2,1,861,valid
2,1,862,valid
2,1,873,valid
2,1,876,valid
2,1,887,valid
2,1,894,valid
2,1,895,valid
2,1,896,valid
2,1,897,valid
2,1,898,valid
2,1,906,valid
2,1,908,valid
2,1,915,valid
2,1,922,valid
2,1,938,valid
2,1,940,valid
2,1,942,valid
2,1,943,valid
2,1,944,valid
2,1,948,valid
2,1,950,valid
2,1,951,valid
2,1,954,valid
2,1,963,valid
2,1,965,valid
2,1,966,valid
2,1,977,valid
2,1,979,valid
2,1,983,valid
2,1,985,valid
2,1,991,valid
2,1,992,valid
2,1,997,valid
2,1,1010,valid
2,1,1013,valid
2,1,1017,valid
2,1,1025,valid
2,1,1032,valid
2,1,1035,valid
2,1,1039,valid
2,1,1040,valid
2,1,1048,valid
2,1,1051,valid
2,1,1052,valid
2,1,1053,valid
2,1,1054,valid
2,1,1057,valid
2,1,1059,valid
2,1,1072,valid
2,1,1073,valid
2,1,1080,valid
2,1,1086,valid
2,1,1087,valid
2,1,1091,valid
2,1,1099,valid
2,2,0,train
2,2,1,train
2,2,2,train
2,2,3,train
2,2,5,train
2,2,6,train
2,2,7,train
2,2,8,train
2,2,9,train
2,2,10,train
2,2,11,train
2,2,13,train
2,2,14,train
2,2,15,train
2,2,16,train
2,2,17,train
2,2,19,train
2,2,20,train
2,2,21,train
2,2,22,train
2,2,23,train
2,2,24,train
2,2,26,train
2,2,28,train
2,2,29,train
2,2,30,train
2,2,31,train
2,2,32,train
2,2,33,train
2,2,34,train
2,2,36,train
2,2,37,train
2,2,40,train
2,2,41,train
2,2,42,train
2,2,43,train
2,2,44,train
2,2,45,train
2,2,46,train
2,2,47,train
2,2,48,train
2,2,49,train
2,2,50,train
2,2,51,train
2,2,52,train
2,2,53,train
2,2,54,train
2,2,55,train
2,2,56,train
2,2,57,train
2,2,58,train
2,2,60,train
2,2,61,train
2,2,62,train
2,2,63,train
2,2,64,train
2,2,65,train
2,2,66,train
2,2,67,train
2,2,68,train
2,2,69,train
2,2,71,train
2,2,72,train
2,2,73,train
2,2,74,train
2,2,75,train
2,2,76,train
2,2,78,train
2,2,80,train
2,2,81,train
2,2,82,train
2,2,84,train
2,2,85,train
2,2,86,train
2,2,87,train
2,2,88,train
2,2,89,train
2,2,90,train
2,2,91,train
2,2,92,train
2,2,93,train
2,2,94,train
2,2,95,train
2,2,96,train
2,2,97,train
2,2,98,train
2,2,99,train
2,2,100,train
2,2,101,train
2,2,102,train
2,2,103,train
2,2,104,train
2,2,105,train
2,2,106,train
2,2,108,train
2,2,109,train
2,2,110,train
2,2,111,train
2,2,112,train
2,2,113,train
2,2,114,train
2,2,116,train
2,2,117,train
2,2,119,train
2,2,120,train
2,2,122,train
2,2,124,train
2,2,125,train
2,2,127,train
2,2,128,train
2,2,130,train
2,2,131,train
2,2,132,train
2,2,134,train
2,2,135,train
2,2,136,train
2,2,139,train
2,2,141,train
2,2,142,train
2,2,143,train
2,2,144,train
2,2,145,train
2,2,146,train
2,2,147,train
2,2,149,train
2,2,150,train
2,2,152,train
2,2,153,train
2,2,154,train
2,2,156,train
2,2,157,train
2,2,158,train
2,2,159,train
2,2,160,train
2,2,163,train
2,2,164,train
2,2,165,train
2,2,166,train
2,2,168,train
2,2,169,train
2,2,170,train
2,2,171,train
2,2,172,train
2,2,174,train
2,2,175,train
2,2,176,train
2,2,179,train
2,2,180,train
2,2,181,train
2,2,182,train
2,2,183,train
2,2,184,train
2,2,185,train
2,2,187,train
2,2,189,train
2,2,190,train
2,2,191,train
2,2,193,train
2,2,194,train
2,2,195,train
2,2,196,train
2,2,197,train
2,2,198,train
2,2,199,train
2,2,200,train
2,2,201,train
2,2,203,train
2,2,204,train
2,2,205,train
2,2,206,train
2,2,207,train
2,2,209,train
2,2,210,train
2,2,211,train
2,2,213,train
2,2,215,train
2,2,217,train
2,2,218,train
2,2,219,train
2,2,220,train
2,2,221,train
2,2,222,train
2,2,223,train
2,2,224,train
2,2,225,train
2,2,226,train
2,2,227,train
2,2,228,train
2,2,230,train
2,2,232,train
2,2,233,train
2,2,234,train
2,2,235,train
2,2,236,train
2,2,237,train
2,2,238,train
2,2,239,train
2,2,240,train
2,2,241,train
2,2,243,train
2,2,244,train
2,2,245,train
2,2,246,train
2,2,248,train
2,2,250,train
2,2,251,train
2,2,252,train
2,2,253,train
2,2,254,train
2,2,255,train
2,2,256,train
2,2,257,train
2,2,258,train
2,2,259,train
2,2,261,train
2,2,262,train
2,2,263,train
2,2,265,train
2,2,268,train
2,2,269,train
2,2,273,train
2,2,274,train
2,2,275,train
2,2,276,train
2,2,277,train
2,2,279,train
2,2,280,train
2,2,281,train
2,2,283,train
2,2,284,train
2,2,285,train
2,2,286,train
2,2,287,train
2,2,288,train
2,2,289,train
2,2,292,train
2,2,293,train
2,2,294,train
2,2,295,train
2,2,297,train
2,2,298,train
2,2,299,train
2,2,300,train
2,2,301,train
2,2,302,train
2,2,303,train
2,2,304,train
2,2,305,train
2,2,306,train
2,2,307,train
2,2,308,train
2,2,309,train
2,2,311,train
2,2,312,train
2,2,313,train
2,2,314,train
2,2,317,train
2,2,318,train
2,2,319,train
2,2,320,train
2,2,321,train
2,2,322,train
2,2,323,train
2,2,328,train
2,2,329,train
2,2,330,train
2,2,331,train
2,2,332,train
2,2,333,train
2,2,334,train
2,2,335,train
2,2,336,train
2,2,337,train
2,2,338,train
2,2,339,train
2,2,340,train
2,2,341,train
2,2,342,train
2,2,344,train
2,2,345,train
2,2,346,train
2,2,347,train
2,2,348,train
2,2,349,train
2,2,353,train
2,2,354,train
2,2,355,train
2,2,356,train
2,2,359,train
2,2,360,train
2,2,361,train
2,2,362,train
2,2,363,train
2,2,364,train
2,2,365,train
2,2,366,train
2,2,368,train
2,2,369,train
2,2,370,train
2,2,371,train
2,2,372,train
2,2,373,train
2,2,374,train
2,2,375,train
2,2,376,train
2,2,377,train
2,2,378,train
2,2,379,train
2,2,380,train
2,2,381,train
2,2,382,train
2,2,383,train
2,2,384,train
2,2,386,train
2,2,387,train
2,2,388,train
2,2,389,train
2,2,390,train
2,2,393,train
2,2,394,train
2,2,395,train
2,2,396,train
2,2,398,train
2,2,399,train
2,2,400,train
2,2,402,train
2,2,404,train
2,2,405,train
2,2,406,train
2,2,407,train
2,2,408,train
2,2,410,train
2,2,412,train
2,2,413,train
2,2,415,train
2,2,416,train
2,2,417,train
2,2,418,train
2,2,419,train
2,2,420,train
2,2,422,train
2,2,425,train
2,2,426,train
2,2,427,train
2,2,428,train
2,2,429,train
2,2,431,train
2,2,432,train
2,2,433,train
2,2,435,train
2,2,436,train
2,2,437,train
2,2,438,train
2,2,440,train
2,2,441,train
2,2,444,train
2,2,446,train
2,2,447,train
2,2,448,train
2,2,449,train
2,2,450,train
2,2,451,train
2,2,452,train
2,2,453,train
2,2,454,train
2,2,455,train
2,2,456,train
2,2,457,train
2,2,458,train
2,2,459,train
2,2,461,train
2,2,463,train
2,2,464,train
2,2,465,train
2,2,468,train
2,2,469,train
2,2,470,train
2,2,471,train
2,2,472,train
2,2,473,train
2,2,474,train
2,2,475,train
2,2,476,train
2,2,477,train
2,2,479,train
2,2,480,train
2,2,481,train
2,2,483,train
2,2,484,train
2,2,485,train
2,2,486,train
2,2,487,train
2,2,488,train
2,2,489,train
2,2,490,train
2,2,492,train
2,2,493,train
2,2,494,train
2,2,496,train
2,2,497,train
2,2,498,train
2,2,499,train
2,2,500,train
2,2,501,train
2,2,502,train
2,2,503,train
2,2,504,train
2,2,505,train
2,2,506,train
2,2,507,train
2,2,508,train
2,2,509,train
2,2,510,train
2,2,511,train
2,2,512,train
2,2,513,train
2,2,514,train
2,2,517,train
2,2,518,train
2,2,519,train
2,2,521,train
2,2,522,train
2,2,523,train
2,2,524,train
2,2,525,train
2,2,526,train
2,2,527,train
2,2,529,train
2,2,530,train
2,2,531,train
2,2,533,train
2,2,534,train
2,2,535,train
2,2,536,train
2,2,538,train
2,2,540,train
2,2,541,train
2,2,543,train
2,2,544,train
2,2,547,train
2,2,548,train
2,2,549,train
2,2,550,train
2,2,551,train
2,2,552,train
2,2,554,train
2,2,555,train
2,2,556,train
2,2,557,train
2,2,558,train
2,2,559,train
2,2,561,train
2,2,562,train
2,2,563,train
2,2,564,train
2,2,565,train
2,2,566,train
2,2,570,train
2,2,571,train
2,2,572,train
2,2,573,train
2,2,574,train
2,2,575,train
2,2,576,train
2,2,578,train
2,2,579,train
2,2,580,train
2,2,581,train
2,2,582,train
2,2,583,train
2,2,584,train
2,2,585,train
2,2,586,train
2,2,587,train
2,2,589,train
2,2,590,train
2,2,591,train
2,2,593,train
2,2,595,train
2,2,596,train
2,2,597,train
2,2,598,train
2,2,599,train
2,2,600,train
2,2,602,train
2,2,603,train
2,2,604,train
2,2,605,train
2,2,606,train
2,2,608,train
2,2,609,train
2,2,610,train
2,2,612,train
2,2,613,train
2,2,614,train
2,2,615,train
2,2,616,train
2,2,617,train
2,2,618,train
2,2,620,train
2,2,625,train
2,2,626,train
2,2,627,train
2,2,628,train
2,2,629,train
2,2,631,train
2,2,632,train
2,2,633,train
2,2,634,train
2,2,635,train
2,2,636,train
2,2,637,train
2,2,638,train
2,2,640,train
2,2,641,train
2,2,642,train
2,2,643,train
2,2,645,train
2,2,646,train
2,2,647,train
2,2,648,train
2,2,649,train
2,2,652,train
2,2,653,train
2,2,654,train
2,2,655,train
2,2,656,train
2,2,657,train
2,2,658,train
2,2,659,train
2,2,660,train
2,2,661,train
2,2,662,train
2,2,663,train
2,2,664,train
2,2,665,train
2,2,667,train
2,2,668,train
2,2,669,train
2,2,671,train
2,2,672,train
2,2,673,train
2,2,674,train
2,2,675,train
2,2,676,train
2,2,678,train
2,2,679,train
2,2,680,train
2,2,681,train
2,2,683,train
2,2,684,train
2,2,685,train
2,2,686,train
2,2,687,train
2,2,688,train
2,2,689,train
2,2,690,train
2,2,692,train
2,2,693,train
2,2,694,train
2,2,695,train
2,2,696,train
2,2,697,train
2,2,698,train
2,2,699,train
2,2,700,train
2,2,702,train
2,2,704,train
2,2,705,train
2,2,707,train
2,2,708,train
2,2,709,train
2,2,710,train
2,2,711,train
2,2,712,train
2,2,713,train
2,2,714,train
2,2,715,train
2,2,716,train
2,2,718,train
2,2,719,train
2,2,720,train
2,2,721,train
2,2,722,train
2,2,723,train
2,2,725,train
2,2,726,train
2,2,727,train
2,2,728,train
2,2,729,train
2,2,730,train
2,2,732,train
2,2,734,train
2,2,736,train
2,2,737,train
2,2,738,train
2,2,739,train
2,2,740,train
2,2,743,train
2,2,744,train
2,2,745,train
2,2,747,train
2,2,748,train
2,2,749,train
2,2,750,train
2,2,751,train
2,2,755,train
2,2,756,train
2,2,758,train
2,2,759,train
2,2,760,train
2,2,761,train
2,2,762,train
2,2,763,train
2,2,765,train
2,2,767,train
2,2,768,train
2,2,770,train
2,2,771,train
2,2,772,train
2,2,773,train
2,2,774,train
2,2,775,train
2,2,777,train
2,2,779,train
2,2,780,train
2,2,781,train
2,2,782,train
2,2,783,train
2,2,784,train
2,2,785,train
2,2,786,train
2,2,787,train
2,2,788,train
2,2,790,train
2,2,791,train
2,2,792,train
2,2,793,train
2,2,794,train
2,2,796,train
2,2,797,train
2,2,799,train
2,2,800,train
2,2,803,train
2,2,804,train
2,2,806,train
2,2,807,train
2,2,808,train
2,2,810,train
2,2,811,train
2,2,812,train
2,2,813,train
2,2,814,train
2,2,815,train
2,2,816,train
2,2,817,train
2,2,818,train
2,2,819,train
2,2,820,train
2,2,821,train
2,2,822,train
2,2,823,train
2,2,824,train
2,2,825,train
2,2,826,train
2,2,827,train
2,2,828,train
2,2,830,train
2,2,831,train
2,2,832,train
2,2,833,train
2,2,835,train
2,2,837,train
2,2,838,train
2,2,839,train
2,2,840,train
2,2,841,train
2,2,842,train
2,2,844,train
2,2,845,train
2,2,846,train
2,2,847,train
2,2,850,train
2,2,851,train
2,2,852,train
2,2,854,train
2,2,855,train
2,2,856,train
2,2,857,train
2,2,858,train
2,2,860,train
2,2,861,train
2,2,862,train
2,2,866,train
2,2,867,train
2,2,868,train
2,2,869,train
2,2,870,train
2,2,871,train
2,2,872,train
2,2,873,train
2,2,874,train
2,2,875,train
2,2,876,train
2,2,878,train
2,2,880,train
2,2,881,train
2,2,882,train
2,2,883,train
2,2,884,train
2,2,887,train
2,2,888,train
2,2,890,train
2,2,892,train
2,2,893,train
2,2,894,train
2,2,895,train
2,2,896,train
2,2,897,train
2,2,898,train
2,2,899,train
2,2,900,train
2,2,901,train
2,2,902,train
2,2,903,train
2,2,904,train
2,2,905,train
2,2,906,train
2,2,907,train
2,2,908,train
2,2,909,train
2,2,911,train
2,2,912,train
2,2,913,train
2,2,914,train
2,2,915,train
2,2,917,train
2,2,918,train
2,2,920,train
2,2,921,train
2,2,922,train
2,2,923,train
2,2,924,train
2,2,926,train
2,2,927,train
2,2,928,train
2,2,929,train
2,2,932,train
2,2,934,train
2,2,935,train
2,2,937,train
2,2,938,train
2,2,939,train
2,2,940,train
2,2,941,train
2,2,942,train
2,2,943,train
2,2,944,train
2,2,945,train
2,2,946,train
2,2,947,train
2,2,948,train
2,2,950,train
2,2,951,train
2,2,953,train
2,2,954,train
2,2,955,train
2,2,958,train
2,2,959,train
2,2,960,train
2,2,962,train
2,2,963,train
2,2,965,train
2,2,966,train
2,2,967,train
2,2,971,train
2,2,972,train
2,2,975,train
2,2,976,train
2,2,977,train
2,2,978,train
2,2,979,train
2,2,983,train
2,2,985,train
2,2,986,train
2,2,987,train
2,2,989,train
2,2,990,train
2,2,991,train
2,2,992,train
2,2,993,train
2,2,994,train
2,2,996,train
2,2,997,train
2,2,1000,train
2,2,1001,train
2,2,1002,train
2,2,1003,train
2,2,1004,train
2,2,1005,train
2,2,1006,train
2,2,1008,train
2,2,1009,train
2,2,1010,train
2,2,1011,train
2,2,1012,train
2,2,1013,train
2,2,1014,train
2,2,1015,train
2,2,1016,train
2,2,1017,train
2,2,1018,train
2,2,1020,train
2,2,1021,train
2,2,1022,train
2,2,1023,train
2,2,1024,train
2,2,1025,train
2,2,1026,train
2,2,1027,train
2,2,1030,train
2,2,1031,train
2,2,1032,train
2,2,1033,train
2,2,1034,train
2,2,1035,train
2,2,1037,train
2,2,1038,train
2,2,1039,train
2,2,1040,train
2,2,1041,train
2,2,1044,train
2,2,1045,train
2,2,1048,train
2,2,1049,train
2,2,1050,train
2,2,1051,train
2,2,1052,train
2,2,1053,train
2,2,1054,train
2,2,1055,train
2,2,1056,train
2,2,1057,train
2,2,1058,train
2,2,1059,train
2,2,1062,train
2,2,1063,train
2,2,1065,train
2,2,1066,train
2,2,1068,train
2,2,1069,train
2,2,1070,train
2,2,1072,train
2,2,1073,train
2,2,1074,train
2,2,1075,train
2,2,1076,train
2,2,1077,train
2,2,1078,train
2,2,1079,train
2,2,1080,train
2,2,1081,train
2,2,1083,train
2,2,1084,train
2,2,1085,train
2,2,1086,train
2,2,1087,train
2,2,1089,train
2,2,1090,train
2,2,1091,train
2,2,1092,train
2,2,1093,train
2,2,1094,train
2,2,1095,train
2,2,1096,train
2,2,1097,train
2,2,1098,train
2,2,1099,train
2,2,4,valid
2,2,12,valid
2,2,18,valid
2,2,25,valid
2,2,27,valid
2,2,35,valid
2,2,38,valid
2,2,39,valid
2,2,59,valid
2,2,70,valid
2,2,77,valid
2,2,79,valid
2,2,83,valid
2,2,107,valid
2,2,115,valid
2,2,118,valid
2,2,121,valid
2,2,123,valid
2,2,126,valid
2,2,129,valid
2,2,133,valid
2,2,137,valid
2,2,138,valid
2,2,140,valid
2,2,148,valid
2,2,151,valid
2,2,155,valid
2,2,161,valid
2,2,162,valid
2,2,167,valid
2,2,173,valid
2,2,177,valid
2,2,178,valid
2,2,186,valid
2,2,188,valid
2,2,192,valid
2,2,202,valid
2,2,208,valid
2,2,212,valid
2,2,214,valid
2,2,216,valid
2,2,229,valid
2,2,231,valid
2,2,242,valid
2,2,247,valid
2,2,249,valid
2,2,260,valid
2,2,264,valid
2,2,266,valid
2,2,267,valid
2,2,270,valid
2,2,271,valid
2,2,272,valid
2,2,278,valid
2,2,282,valid
2,2,290,valid
2,2,291,valid
2,2,296,valid
2,2,310,valid
2,2,315,valid
2,2,316,valid
2,2,324,valid
2,2,325,valid
2,2,326,valid
2,2,327,valid
2,2,343,valid
2,2,350,valid
2,2,351,valid
2,2,352,valid
2,2,357,valid
2,2,358,valid
2,2,367,valid
2,2,385,valid
2,2,391,valid
2,2,392,valid
2,2,397,valid
2,2,401,valid
2,2,403,valid
2,2,409,valid
2,2,411,valid
2,2,414,valid
2,2,421,valid
2,2,423,valid
2,2,424,valid
2,2,430,valid
2,2,434,valid
2,2,439,valid
2,2,442,valid
2,2,443,valid
2,2,445,valid
2,2,460,valid
2,2,462,valid
2,2,466,valid
2,2,467,valid
2,2,478,valid
2,2,482,valid
2,2,491,valid
2,2,495,valid
2,2,515,valid
2,2,516,valid
2,2,520,valid
2,2,528,valid
2,2,532,valid
2,2,537,valid
2,2,539,valid
2,2,542,valid
2,2,545,valid
2,2,546,valid
2,2,553,valid
2,2,560,valid
2,2,567,valid
2,2,568,valid
2,2,569,valid
2,2,577,valid
2,2,588,valid
2,2,592,valid
2,2,594,valid
2,2,601,valid
2,2,607,valid
2,2,611,valid
2,2,619,valid
2,2,621,valid
2,2,622,valid
2,2,623,valid
2,2,624,valid
2,2,630,valid
2,2,639,valid
2,2,644,valid
2,2,650,valid
2,2,651,valid
2,2,666,valid
2,2,670,valid
2,2,677,valid
2,2,682,valid
2,2,691,valid
2,2,701,valid
2,2,703,valid
2,2,706,valid
2,2,717,valid
2,2,724,valid
2,2,731,valid
2,2,733,valid
2,2,735,valid
2,2,741,valid
2,2,742,valid
2,2,746,valid
2,2,752,valid
2,2,753,valid
2,2,754,valid
2,2,757,valid
2,2,764,valid
2,2,766,valid
2,2,769,valid
2,2,776,valid
2,2,778,valid
2,2,789,valid
2,2,795,valid
2,2,798,valid
2,2,801,valid
2,2,802,valid
2,2,809,valid
2,2,829,valid
2,2,834,valid
2,2,836,valid
2,2,843,valid
2,2,848,valid
2,2,849,valid
2,2,853,valid
2,2,859,valid
2,2,863,valid
2,2,864,valid
2,2,865,valid
2,2,877,valid
2,2,879,valid
2,2,885,valid
2,2,886,valid
2,2,891,valid
2,2,910,valid
2,2,916,valid
2,2,919,valid
2,2,925,valid
2,2,930,valid
2,2,931,valid
2,2,933,valid
2,2,936,valid
2,2,949,valid
2,2,952,valid
2,2,956,valid
2,2,957,valid
2,2,961,valid
2,2,964,valid
2,2,968,valid
2,2,969,valid
2,2,970,valid
2,2,973,valid
2,2,974,valid
2,2,980,valid
2,2,981,valid
2,2,982,valid
2,2,984,valid
2,2,988,valid
2,2,995,valid
2,2,998,valid
2,2,999,valid
2,2,1007,valid
2,2,1019,valid
2,2,1028,valid
2,2,1029,valid
2,2,1036,valid
2,2,1042,valid
2,2,1043,valid
2,2,1046,valid
2,2,1047,valid
2,2,1060,valid
2,2,1061,valid
2,2,1064,valid
2,2,1067,valid
2,2,1071,valid
2,2,1082,valid
2,2,1088,valid
2,3,0,train
2,3,1,train
2,3,2,train
2,3,3,train
2,3,4,train
2,3,6,train
2,3,7,train
2,3,9,train
2,3,10,train
2,3,12,train
2,3,14,train
2,3,17,train
2,3,18,train
2,3,19,train
2,3,21,train
2,3,22,train
2,3,24,train
2,3,25,train
2,3,26,train
2,3,27,train
2,3,28,train
2,3,29,train
2,3,31,train
2,3,32,train
2,3,34,train
2,3,35,train
2,3,36,train
2,3,37,train
2,3,38,train
2,3,39,train
2,3,41,train
2,3,42,train
2,3,43,train
2,3,44,train
2,3,46,train
2,3,47,train
2,3,48,train
2,3,49,train
2,3,50,train
2,3,51,train
2,3,52,train
2,3,55,train
2,3,56,train
2,3,57,train
2,3,58,train
2,3,59,train
2,3,60,train
2,3,62,train
2,3,63,train
2,3,64,train
2,3,66,train
2,3,67,train
2,3,68,train
2,3,69,train
2,3,70,train
2,3,71,train
2,3,72,train
2,3,74,train
2,3,76,train
2,3,77,train
2,3,79,train
2,3,82,train
2,3,83,train
2,3,84,train
2,3,85,train
2,3,86,train
2,3,87,train
2,3,88,train
2,3,89,train
2,3,90,train
2,3,92,train
2,3,93,train
2,3,94,train
2,3,95,train
2,3,96,train
2,3,97,train
2,3,98,train
2,3,99,train
2,3,100,train
2,3,102,train
2,3,103,train
2,3,104,train
2,3,105,train
2,3,106,train
2,3,107,train
2,3,108,train
2,3,109,train
2,3,110,train
2,3,111,train
2,3,112,train
2,3,113,train
2,3,114,train
2,3,115,train
2,3,116,train
2,3,117,train
2,3,118,train
2,3,119,train
2,3,120,train
2,3,121,train
2,3,122,train
2,3,123,train
2,3,124,train
2,3,126,train
2,3,128,train
2,3,129,train
2,3,131,train
2,3,132,train
2,3,133,train
2,3,134,train
2,3,135,train
2,3,136,train
2,3,137,train
2,3,138,train
2,3,139,train
2,3,140,train
2,3,141,train
2,3,142,train
2,3,143,train
2,3,146,train
2,3,147,train
2,3,148,train
2,3,149,train
2,3,151,train
2,3,152,train
2,3,153,train
2,3,154,train
2,3,155,train
2,3,156,train
2,3,157,train
2,3,158,train
2,3,159,train
2,3,160,train
2,3,161,train
2,3,162,train
2,3,163,train
2,3,165,train
2,3,166,train
2,3,167,train
2,3,170,train
2,3,171,train
2,3,172,train
2,3,173,train
2,3,174,train
2,3,175,train
2,3,176,train
2,3,177,train
2,3,178,train
2,3,179,train
2,3,180,train
2,3,181,train
2,3,184,train
2,3,185,train
2,3,186,train
2,3,187,train
2,3,188,train
2,3,189,train
2,3,191,train
2,3,192,train
2,3,193,train
2,3,196,train
2,3,197,train
2,3,198,train
2,3,199,train
2,3,202,train
2,3,203,train
2,3,204,train
2,3,205,train
2,3,208,train
2,3,209,train
2,3,210,train
2,3,211,train
2,3,212,train
2,3,213,train
2,3,214,train
2,3,215,train
2,3,216,train
2,3,218,train
2,3,219,train
2,3,221,train
2,3,223,train
2,3,226,train
2,3,227,train
2,3,228,train
2,3,229,train
2,3,231,train
2,3,232,train
2,3,233,train
2,3,234,train
2,3,235,train
2,3,236,train
2,3,237,train
2,3,238,train
2,3,240,train
2,3,241,train
2,3,242,train
2,3,243,train
2,3,245,train
2,3,246,train
2,3,247,train
2,3,249,train
2,3,251,train
2,3,252,train
2,3,253,train
2,3,254,train
2,3,256,train
2,3,257,train
2,3,258,train
2,3,259,train
2,3,260,train
2,3,261,train
2,3,264,train
2,3,266,train
2,3,267,train
2,3,268,train
2,3,270,train
2,3,271,train
2,3,272,train
2,3,275,train
2,3,276,train
2,3,277,train
2,3,278,train
2,3,279,train
2,3,280,train
2,3,281,train
2,3,282,train
2,3,285,train
2,3,287,train
2,3,288,train
2,3,289,train
2,3,290,train
2,3,291,train
2,3,293,train
2,3,294,train
2,3,295,train
2,3,296,train
2,3,297,train
2,3,298,train
2,3,299,train
2,3,301,train
2,3,302,train
2,3,303,train
2,3,304,train
2,3,305,train
2,3,309,train
2,3,310,train
2,3,311,train
2,3,312,train
2,3,313,train
2,3,314,train
2,3,315,train
2,3,316,train
2,3,318,train
2,3,319,train
2,3,320,train
2,3,321,train
2,3,322,train
2,3,324,train
2,3,325,train
2,3,326,train
2,3,327,train
2,3,329,train
2,3,330,train
2,3,331,train
2,3,332,train
2,3,333,train
2,3,336,train
2,3,337,train
2,3,338,train
2,3,341,train
2,3,342,train
2,3,343,train
2,3,344,train
2,3,345,train
2,3,347,train
2,3,348,train
2,3,350,train
2,3,351,train
2,3,352,train
2,3,354,train
2,3,356,train
2,3,357,train
2,3,358,train
2,3,359,train
2,3,360,train
2,3,362,train
2,3,363,train
2,3,364,train
2,3,365,train
2,3,366,train
2,3,367,train
2,3,368,train
2,3,369,train
2,3,370,train
2,3,373,train
2,3,374,train
2,3,375,train
2,3,376,train
2,3,378,train
2,3,379,train
2,3,380,train
2,3,382,train
2,3,383,train
2,3,384,train
2,3,385,train
2,3,389,train
2,3,390,train
2,3,391,train
2,3,392,train
2,3,396,train
2,3,397,train
2,3,398,train
2,3,401,train
2,3,403,train
2,3,404,train
2,3,405,train
2,3,406,train
2,3,407,train
2,3,408,train
2,3,409,train
2,3,410,train
2,3,411,train
2,3,412,train
2,3,414,train
2,3,415,train
2,3,416,train
2,3,417,train
2,3,418,train
2,3,419,train
2,3,420,train
2,3,421,train
2,3,423,train
2,3,424,train
2,3,426,train
2,3,427,train
2,3,428,train
2,3,430,train
2,3,431,train
2,3,434,train
2,3,437,train
2,3,438,train
2,3,439,train
2,3,440,train
2,3,441,train
2,3,442,train
2,3,443,train
2,3,444,train
2,3,445,train
2,3,447,train
2,3,449,train
2,3,450,train
2,3,451,train
2,3,453,train
2,3,454,train
2,3,455,train
2,3,456,train
2,3,457,train
2,3,458,train
2,3,459,train
2,3,460,train
2,3,461,train
2,3,462,train
2,3,463,train
2,3,464,train
2,3,465,train
2,3,466,train
2,3,467,train
2,3,468,train
2,3,469,train
2,3,470,train
2,3,471,train
2,3,472,train
2,3,473,train
2,3,474,train
2,3,475,train
2,3,477,train
2,3,478,train
2,3,479,train
2,3,481,train
2,3,482,train
2,3,483,train
2,3,484,train
2,3,485,train
2,3,487,train
2,3,490,train
2,3,491,train
2,3,492,train
2,3,493,train
2,3,494,train
2,3,495,train
2,3,496,train
2,3,498,train
2,3,500,train
2,3,501,train
2,3,502,train
2,3,503,train
2,3,506,train
2,3,507,train
2,3,508,train
2,3,509,train
2,3,510,train
2,3,511,train
2,3,512,train
2,3,513,train
2,3,514,train
2,3,515,train
2,3,516,train
2,3,518,train
2,3,520,train
2,3,521,train
2,3,525,train
2,3,527,train
2,3,528,train
2,3,529,train
2,3,530,train
2,3,531,train
2,3,532,train
2,3,534,train
2,3,535,train
2,3,536,train
2,3,537,train
2,3,539,train
2,3,540,train
2,3,542,train
2,3,543,train
2,3,544,train
2,3,545,train
2,3,546,train
2,3,547,train
2,3,548,train
2,3,549,train
2,3,552,train
2,3,553,train
2,3,554,train
2,3,555,train
2,3,556,train
2,3,557,train
2,3,558,train
2,3,559,train
2,3,560,train
2,3,562,train
2,3,563,train
2,3,565,train
2,3,566,train
2,3,567,train
2,3,568,train
2,3,569,train
2,3,571,train
2,3,573,train
2,3,574,train
2,3,576,train
2,3,577,train
2,3,578,train
2,3,580,train
2,3,583,train
2,3,584,train
2,3,585,train
2,3,586,train
2,3,587,train
2,3,588,train
2,3,590,train
2,3,591,train
2,3,592,train
2,3,594,train
2,3,596,train
2,3,597,train
2,3,598,train
2,3,599,train
2,3,600,train
2,3,601,train
2,3,602,train
2,3,603,train
2,3,604,train
2,3,605,train
2,3,606,train
2,3,607,train
2,3,608,train
2,3,609,train
2,3,610,train
2,3,611,train
2,3,612,train
2,3,613,train
2,3,614,train
2,3,615,train
2,3,616,train
2,3,617,train
2,3,618,train
2,3,619,train
2,3,620,train
2,3,621,train
2,3,622,train
2,3,623,train
2,3,624,train
2,3,625,train
2,3,627,train
2,3,630,train
2,3,631,train
2,3,632,train
2,3,633,train
2,3,634,train
2,3,635,train
2,3,636,train
2,3,637,train
2,3,639,train
2,3,640,train
2,3,641,train
2,3,642,train
2,3,643,train
2,3,644,train
2,3,645,train
2,3,646,train
2,3,648,train
2,3,649,train
2,3,650,train
2,3,651,train
2,3,652,train
2,3,653,train
2,3,654,train
2,3,655,train
2,3,656,train
2,3,659,train
2,3,662,train
2,3,663,train
2,3,664,train
2,3,665,train
2,3,666,train
2,3,667,train
2,3,669,train
2,3,670,train
2,3,672,train
2,3,673,train
2,3,674,train
2,3,675,train
2,3,676,train
2,3,677,train
2,3,678,train
2,3,680,train
2,3,681,train
2,3,682,train
2,3,684,train
2,3,685,train
2,3,686,train
2,3,687,train
2,3,690,train
2,3,691,train
2,3,692,train
2,3,693,train
2,3,697,train
2,3,698,train
2,3,699,train
2,3,700,train
2,3,701,train
2,3,702,train
2,3,703,train
2,3,704,train
2,3,705,train
2,3,706,train
2,3,707,train
2,3,709,train
2,3,711,train
2,3,712,train
2,3,713,train
2,3,714,train
2,3,715,train
2,3,717,train
2,3,718,train
2,3,720,train
2,3,721,train
2,3,722,train
2,3,724,train
2,3,725,train
2,3,726,train
2,3,727,train
2,3,728,train
2,3,729,train
2,3,730,train
2,3,731,train
2,3,732,train
2,3,733,train
2,3,734,train
2,3,735,train
2,3,738,train
2,3,739,train
2,3,740,train
2,3,741,train
2,3,742,train
2,3,743,train
2,3,744,train
2,3,746,train
2,3,747,train
2,3,748,train
2,3,749,train
2,3,750,train
2,3,751,train
2,3,752,train
2,3,753,train
2,3,754,train
2,3,755,train
2,3,756,train
2,3,757,train
2,3,758,train
2,3,759,train
2,3,760,train
2,3,762,train
2,3,763,train
2,3,764,train
2,3,765,train
2,3,766,train
2,3,769,train
2,3,770,train
2,3,772,train
2,3,773,train
2,3,774,train
2,3,775,train
2,3,776,train
2,3,778,train
2,3,779,train
2,3,782,train
2,3,783,train
2,3,784,train
2,3,785,train
2,3,787,train
2,3,788,train
2,3,789,train
2,3,790,train
2,3,791,train
2,3,793,train
2,3,794,train
2,3,795,train
2,3,798,train
2,3,799,train
2,3,800,train
2,3,801,train
2,3,802,train
2,3,803,train
2,3,804,train
2,3,808,train
2,3,809,train
2,3,810,train
2,3,812,train
2,3,813,train
2,3,814,train
2,3,815,train
2,3,816,train
2,3,817,train
2,3,818,train
2,3,819,train
2,3,820,train
2,3,821,train
2,3,822,train
2,3,823,train
2,3,826,train
2,3,827,train
2,3,828,train
2,3,829,train
2,3,831,train
2,3,833,train
2,3,834,train
2,3,835,train
2,3,836,train
2,3,838,train
2,3,839,train
2,3,840,train
2,3,841,train
2,3,842,train
2,3,843,train
2,3,844,train
2,3,845,train
2,3,846,train
2,3,847,train
2,3,848,train
2,3,849,train
2,3,850,train
2,3,852,train
2,3,853,train
2,3,854,train
2,3,855,train
2,3,856,train
2,3,857,train
2,3,858,train
2,3,859,train
2,3,860,train
2,3,861,train
2,3,862,train
2,3,863,train
2,3,864,train
2,3,865,train
2,3,867,train
2,3,868,train
2,3,870,train
2,3,871,train
2,3,873,train
2,3,874,train
2,3,875,train
2,3,876,train
2,3,877,train
2,3,878,train
2,3,879,train
2,3,880,train
2,3,881,train
2,3,882,train
2,3,883,train
2,3,884,train
2,3,885,train
2,3,886,train
2,3,887,train
2,3,888,train
2,3,890,train
2,3,891,train
2,3,892,train
2,3,893,train
2,3,894,train
2,3,895,train
2,3,896,train
2,3,897,train
2,3,898,train
2,3,899,train
2,3,901,train
2,3,902,train
2,3,904,train
2,3,906,train
2,3,908,train
2,3,909,train
2,3,910,train
2,3,911,train
2,3,912,train
2,3,913,train
2,3,914,train
2,3,915,train
2,3,916,train
2,3,919,train
2,3,920,train
2,3,922,train
2,3,923,train
2,3,924,train
2,3,925,train
2,3,926,train
2,3,928,train
2,3,929,train
2,3,930,train
2,3,931,train
2,3,932,train
2,3,933,train
2,3,935,train
2,3,936,train
2,3,937,train
2,3,938,train
2,3,939,train
2,3,940,train
2,3,941,train
2,3,942,train
2,3,943,train
2,3,944,train
2,3,945,train
2,3,946,train
2,3,947,train
2,3,948,train
2,3,949,train
2,3,950,train
2,3,951,train
2,3,952,train
2,3,954,train
2,3,956,train
2,3,957,train
2,3,958,train
2,3,959,train
2,3,961,train
2,3,963,train
2,3,964,train
2,3,965,train
2,3,966,train
2,3,967,train
2,3,968,train
2,3,969,train
2,3,970,train
2,3,971,train
2,3,973,train
2,3,974,train
2,3,976,train
2,3,977,train
2,3,978,train
2,3,979,train
2,3,980,train
2,3,981,train
2,3,982,train
2,3,983,train
2,3,984,train
2,3,985,train
2,3,987,train
2,3,988,train
2,3,989,train
2,3,991,train
2,3,992,train
2,3,993,train
2,3,995,train
2,3,996,train
2,3,997,train
2,3,998,train
2,3,999,train
2,3,1001,train
2,3,1002,train
2,3,1003,train
2,3,1004,train
2,3,1005,train
2,3,1006,train
2,3,1007,train
2,3,1009,train
2,3,1010,train
2,3,1011,train
2,3,1012,train
2,3,1013,train
2,3,1014,train
2,3,1015,train
2,3,1016,train
2,3,1017,train
2,3,1019,train
2,3,1020,train
2,3,1021,train
2,3,1022,train
2,3,1023,train
2,3,1025,train
2,3,1027,train
2,3,1028,train
2,3,1029,train
2,3,1030,train
2,3,1032,train
2,3,1033,train
2,3,1034,train
2,3,1035,train
2,3,1036,train
2,3,1037,train
2,3,1039,train
2,3,1040,train
2,3,1041,train
2,3,1042,train
2,3,1043,train
2,3,1045,train
2,3,1046,train
2,3,1047,train
2,3,1048,train
2,3,1049,train
2,3,1050,train
2,3,1051,train
2,3,1052,train
2,3,1053,train
2,3,1054,train
2,3,1055,train
2,3,1056,train
2,3,1057,train
2,3,1058,train
2,3,1059,train
2,3,1060,train
2,3,1061,train
2,3,1062,train
2,3,1063,train
2,3,1064,train
2,3,1065,train
2,3,1066,train
2,3,1067,train
2,3,1070,train
2,3,1071,train
2,3,1072,train
2,3,1073,train
2,3,1078,train
2,3,1080,train
2,3,1082,train
2,3,1083,train
2,3,1084,train
2,3,1085,train
2,3,1086,train
2,3,1087,train
2,3,1088,train
2,3,1090,train
2,3,1091,train
2,3,1092,train
2,3,1093,train
2,3,1095,train
2,3,1097,train
2,3,1098,train
2,3,1099,train
2,3,5,valid
2,3,8,valid
2,3,11,valid
2,3,13,valid
2,3,15,valid
2,3,16,valid
2,3,20,valid
2,3,23,valid
2,3,30,valid
2,3,33,valid
2,3,40,valid
2,3,45,valid
2,3,53,valid
2,3,54,valid
2,3,61,valid
2,3,65,valid
2,3,73,valid
2,3,75,valid
2,3,78,valid
2,3,80,valid
2,3,81,valid
2,3,91,valid
2,3,101,valid
2,3,125,valid
2,3,127,valid
2,3,130,valid
2,3,144,valid
2,3,145,valid
2,3,150,valid
2,3,164,valid
2,3,168,valid
2,3,169,valid
2,3,182,valid
2,3,183,valid
2,3,190,valid
2,3,194,valid
2,3,195,valid
2,3,200,valid
2,3,201,valid
2,3,206,valid
2,3,207,valid
2,3,217,valid
2,3,220,valid
2,3,222,valid
2,3,224,valid
2,3,225,valid
2,3,230,valid
2,3,239,valid
2,3,244,valid
2,3,248,valid
2,3,250,valid
2,3,255,valid
2,3,262,valid
2,3,263,valid
2,3,265,valid
2,3,269,valid
2,3,273,valid
2,3,274,valid
2,3,283,valid
2,3,284,valid
2,3,286,valid
2,3,292,valid
2,3,300,valid
2,3,306,valid
2,3,307,valid
2,3,308,valid
2,3,317,valid
2,3,323,valid
2,3,328,valid
2,3,334,valid
2,3,335,valid
2,3,339,valid
2,3,340,valid
2,3,346,valid
2,3,349,valid
2,3,353,valid
2,3,355,valid
2,3,361,valid
2,3,371,valid
2,3,372,valid
2,3,377,valid
2,3,381,valid
2,3,386,valid
2,3,387,valid
2,3,388,valid
2,3,393,valid
2,3,394,valid
2,3,395,valid
2,3,399,valid
2,3,400,valid
2,3,402,valid
2,3,413,valid
2,3,422,valid
2,3,425,valid
2,3,429,valid
2,3,432,valid
2,3,433,valid
2,3,435,valid
2,3,436,valid
2,3,446,valid
2,3,448,valid
2,3,452,valid
2,3,476,valid
2,3,480,valid
2,3,486,valid
2,3,488,valid
2,3,489,valid
2,3,497,valid
2,3,499,valid
2,3,504,valid
2,3,505,valid
2,3,517,valid
2,3,519,valid
2,3,522,valid
2,3,523,valid
2,3,524,valid
2,3,526,valid
2,3,533,valid
2,3,538,valid
2,3,541,valid
2,3,550,valid
2,3,551,valid
2,3,561,valid
2,3,564,valid
2,3,570,valid
2,3,572,valid
2,3,575,valid
2,3,579,valid
2,3,581,valid
2,3,582,valid
2,3,589,valid
2,3,593,valid
2,3,595,valid
2,3,626,valid
2,3,628,valid
2,3,629,valid
2,3,638,valid
2,3,647,valid
2,3,657,valid
2,3,658,valid
2,3,660,valid
2,3,661,valid
2,3,668,valid
2,3,671,valid
2,3,679,valid
2,3,683,valid
2,3,688,valid
2,3,689,valid
2,3,694,valid
2,3,695,valid
2,3,696,valid
2,3,708,valid
2,3,710,valid
2,3,716,valid
2,3,719,valid
2,3,723,valid
2,3,736,valid
2,3,737,valid
2,3,745,valid
2,3,761,valid
2,3,767,valid
2,3,768,valid
2,3,771,valid
2,3,777,valid
2,3,780,valid
2,3,781,valid
2,3,786,valid
2,3,792,valid
2,3,796,valid
2,3,797,valid
2,3,806,valid
2,3,807,valid
2,3,811,valid
2,3,824,valid
2,3,825,valid
2,3,830,valid
2,3,832,valid
2,3,837,valid
2,3,851,valid
2,3,866,valid
2,3,869,valid
2,3,872,valid
2,3,900,valid
2,3,903,valid
2,3,905,valid
2,3,907,valid
2,3,917,valid
2,3,918,valid
2,3,921,valid
2,3,927,valid
2,3,934,valid
2,3,953,valid
2,3,955,valid
2,3,960,valid
2,3,962,valid
2,3,972,valid
2,3,975,valid
2,3,986,valid
2,3,990,valid
2,3,994,valid
2,3,1000,valid
2,3,1008,valid
2,3,1018,valid
2,3,1024,valid
2,3,1026,valid
2,3,1031,valid
2,3,1038,valid
2,3,1044,valid
2,3,1068,valid
2,3,1069,valid
2,3,1074,valid
2,3,1075,valid
2,3,1076,valid
2,3,1077,valid
2,3,1079,valid
2,3,1081,valid
2,3,1089,valid
2,3,1094,valid
2,3,1096,valid
2,4,0,train
2,4,1,train
2,4,2,train
2,4,4,train
2,4,5,train
2,4,6,train
2,4,7,train
2,4,8,train
2,4,9,train
2,4,11,train
2,4,12,train
2,4,13,train
2,4,14,train
2,4,15,train
2,4,16,train
2,4,18,train
2,4,19,train
2,4,20,train
2,4,21,train
2,4,22,train
2,4,23,train
2,4,25,train
2,4,27,train
2,4,28,train
2,4,29,train
2,4,30,train
2,4,32,train
2,4,33,train
2,4,34,train
2,4,35,train
2,4,37,train
2,4,38,train
2,4,39,train
2,4,40,train
2,4,41,train
2,4,42,train
2,4,45,train
2,4,46,train
2,4,48,train
2,4,49,train
2,4,50,train
2,4,53,train
2,4,54,train
2,4,58,train
2,4,59,train
2,4,61,train
2,4,63,train
2,4,65,train
2,4,68,train
2,4,69,train
2,4,70,train
2,4,71,train
2,4,73,train
2,4,75,train
2,4,76,train
2,4,77,train
2,4,78,train
2,4,79,train
2,4,80,train
2,4,81,train
2,4,82,train
2,4,83,train
2,4,84,train
2,4,85,train
2,4,86,train
2,4,88,train
2,4,91,train
2,4,92,train
2,4,94,train
2,4,95,train
2,4,96,train
2,4,97,train
2,4,99,train
2,4,100,train
2,4,101,train
2,4,102,train
2,4,104,train
2,4,105,train
2,4,107,train
2,4,108,train
2,4,109,train
2,4,110,train
2,4,115,train
2,4,116,train
2,4,117,train
2,4,118,train
2,4,119,train
2,4,120,train
2,4,121,train
2,4,123,train
2,4,125,train
2,4,126,train
2,4,127,train
2,4,128,train
2,4,129,train
2,4,130,train
2,4,131,train
2,4,133,train
2,4,134,train
2,4,135,train
2,4,137,train
2,4,138,train
2,4,139,train
2,4,140,train
2,4,141,train
2,4,142,train
2,4,143,train
2,4,144,train
2,4,145,train
2,4,147,train
2,4,148,train
2,4,149,train
2,4,150,train
2,4,151,train
2,4,152,train
2,4,153,train
2,4,154,train
2,4,155,train
2,4,156,train
2,4,157,train
2,4,158,train
2,4,159,train
2,4,160,train
2,4,161,train
2,4,162,train
2,4,163,train
2,4,164,train
2,4,165,train
2,4,167,train
2,4,168,train
2,4,169,train
2,4,170,train
2,4,171,train
2,4,172,train
2,4,173,train
2,4,175,train
2,4,176,train
2,4,177,train
2,4,178,train
2,4,180,train
2,4,182,train
2,4,183,train
2,4,184,train
2,4,185,train
2,4,186,train
2,4,187,train
2,4,188,train
2,4,189,train
2,4,190,train
2,4,191,train
2,4,192,train
2,4,193,train
2,4,194,train
2,4,195,train
2,4,197,train
2,4,198,train
2,4,200,train
2,4,201,train
2,4,202,train
2,4,203,train
2,4,205,train
2,4,206,train
2,4,207,train
2,4,208,train
2,4,209,train
2,4,211,train
2,4,212,train
2,4,213,train
2,4,214,train
2,4,216,train
2,4,217,train
2,4,218,train
2,4,220,train
2,4,222,train
2,4,223,train
2,4,224,train
2,4,225,train
2,4,227,train
2,4,229,train
2,4,230,train
2,4,231,train
2,4,233,train
2,4,234,train
2,4,236,train
2,4,238,train
2,4,239,train
2,4,240,train
2,4,241,train
2,4,242,train
2,4,244,train
2,4,246,train
2,4,247,train
2,4,248,train
2,4,249,train
2,4,250,train
2,4,253,train
2,4,254,train
2,4,255,train
2,4,256,train
2,4,257,train
2,4,260,train
2,4,261,train
2,4,262,train
2,4,263,train
2,4,264,train
2,4,265,train
2,4,266,train
2,4,267,train
2,4,268,train
2,4,269,train
2,4,270,train
2,4,271,train
2,4,272,train
2,4,273,train
2,4,274,train
2,4,275,train
2,4,276,train
2,4,277,train
2,4,278,train
2,4,279,train
2,4,281,train
2,4,282,train
2,4,283,train
2,4,284,train
2,4,286,train
2,4,287,train
2,4,288,train
2,4,290,train
2,4,291,train
2,4,292,train
2,4,293,train
2,4,294,train
2,4,295,train
2,4,296,train
2,4,297,train
2,4,300,train
2,4,301,train
2,4,303,train
2,4,304,train
2,4,305,train
2,4,306,train
2,4,307,train
2,4,308,train
2,4,309,train
2,4,310,train
2,4,312,train
2,4,315,train
2,4,316,train
2,4,317,train
2,4,318,train
2,4,319,train
2,4,320,train
2,4,323,train
2,4,324,train
2,4,325,train
2,4,326,train
2,4,327,train
2,4,328,train
2,4,329,train
2,4,330,train
2,4,332,train
2,4,334,train
2,4,335,train
2,4,336,train
2,4,338,train
2,4,339,train
2,4,340,train
2,4,341,train
2,4,343,train
2,4,344,train
2,4,345,train
2,4,346,train
2,4,347,train
2,4,348,train
2,4,349,train
2,4,350,train
2,4,351,train
2,4,352,train
2,4,353,train
2,4,354,train
2,4,355,train
2,4,356,train
2,4,357,train
2,4,358,train
2,4,359,train
2,4,360,train
2,4,361,train
2,4,362,train
2,4,363,train
2,4,364,train
2,4,365,train
2,4,366,train
2,4,367,train
2,4,368,train
2,4,369,train
2,4,370,train
2,4,371,train
2,4,372,train
2,4,375,train
2,4,376,train
2,4,377,train
2,4,379,train
2,4,381,train
2,4,382,train
2,4,384,train
2,4,385,train
2,4,386,train
2,4,387,train
2,4,388,train
2,4,389,train
2,4,390,train
2,4,391,train
2,4,392,train
2,4,393,train
2,4,394,train
2,4,395,train
2,4,396,train
2,4,397,train
2,4,398,train
2,4,399,train
2,4,400,train
2,4,401,train
2,4,402,train
2,4,403,train
2,4,404,train
2,4,405,train
2,4,407,train
2,4,409,train
2,4,411,train
2,4,412,train
2,4,413,train
2,4,414,train
2,4,416,train
2,4,417,train
2,4,418,train
2,4,419,train
2,4,420,train
2,4,421,train
2,4,422,train
2,4,423,train
2,4,424,train
2,4,425,train
2,4,426,train
2,4,427,train
2,4,428,train
2,4,429,train
2,4,430,train
2,4,431,train
2,4,432,train
2,4,433,train
2,4,434,train
2,4,435,train
2,4,436,train
2,4,439,train
2,4,440,train
2,4,441,train
2,4,442,train
2,4,443,train
2,4,444,train
2,4,445,train
2,4,446,train
2,4,448,train
2,4,449,train
2,4,450,train
2,4,451,train
2,4,452,train
2,4,455,train
2,4,457,train
2,4,458,train
2,4,460,train
2,4,461,train
2,4,462,train
2,4,465,train
2,4,466,train
2,4,467,train
2,4,468,train
2,4,469,train
2,4,470,train
2,4,472,train
2,4,474,train
2,4,476,train
2,4,477,train
2,4,478,train
2,4,480,train
2,4,482,train
2,4,483,train
2,4,485,train
2,4,486,train
2,4,488,train
2,4,489,train
2,4,490,train
2,4,491,train
2,4,492,train
2,4,493,train
2,4,494,train
2,4,495,train
2,4,496,train
2,4,497,train
2,4,498,train
2,4,499,train
2,4,501,train
2,4,502,train
2,4,503,train
2,4,504,train
2,4,505,train
2,4,506,train
2,4,507,train
2,4,508,train
2,4,509,train
2,4,510,train
2,4,513,train
2,4,514,train
2,4,515,train
2,4,516,train
2,4,517,train
2,4,519,train
2,4,520,train
2,4,522,train
2,4,523,train
2,4,524,train
2,4,526,train
2,4,527,train
2,4,528,train
2,4,529,train
2,4,530,train
2,4,531,train
2,4,532,train
2,4,533,train
2,4,534,train
2,4,537,train
2,4,538,train
2,4,539,train
2,4,541,train
2,4,542,train
2,4,543,train
2,4,544,train
2,4,545,train
2,4,546,train
2,4,547,train
2,4,548,train
2,4,550,train
2,4,551,train
2,4,553,train
2,4,554,train
2,4,555,train
2,4,557,train
2,4,558,train
2,4,560,train
2,4,561,train
2,4,562,train
2,4,563,train
2,4,564,train
2,4,566,train
2,4,567,train
2,4,568,train
2,4,569,train
2,4,570,train
2,4,572,train
2,4,573,train
2,4,574,train
2,4,575,train
2,4,576,train
2,4,577,train
2,4,578,train
2,4,579,train
2,4,580,train
2,4,581,train
2,4,582,train
2,4,584,train
2,4,586,train
2,4,588,train
2,4,589,train
2,4,590,train
2,4,592,train
2,4,593,train
2,4,594,train
2,4,595,train
2,4,596,train
2,4,599,train
2,4,600,train
2,4,601,train
2,4,602,train
2,4,603,train
2,4,604,train
2,4,605,train
2,4,607,train
2,4,608,train
2,4,609,train
2,4,610,train
2,4,611,train
2,4,614,train
2,4,616,train
2,4,617,train
2,4,618,train
2,4,619,train
2,4,620,train
2,4,621,train
2,4,622,train
2,4,623,train
2,4,624,train
2,4,625,train
2,4,626,train
2,4,628,train
2,4,629,train
2,4,630,train
2,4,631,train
2,4,632,train
2,4,633,train
2,4,634,train
2,4,635,train
2,4,636,train
2,4,637,train
2,4,638,train
2,4,639,train
2,4,642,train
2,4,644,train
2,4,645,train
2,4,647,train
2,4,648,train
2,4,649,train
2,4,650,train
2,4,651,train
2,4,653,train
2,4,656,train
2,4,657,train
2,4,658,train
2,4,659,train
2,4,660,train
2,4,661,train
2,4,663,train
2,4,666,train
2,4,667,train
2,4,668,train
2,4,670,train
2,4,671,train
2,4,672,train
2,4,673,train
2,4,674,train
2,4,675,train
2,4,676,train
2,4,677,train
2,4,678,train
2,4,679,train
2,4,680,train
2,4,681,train
2,4,682,train
2,4,683,train
2,4,687,train
2,4,688,train
2,4,689,train
2,4,690,train
2,4,691,train
2,4,692,train
2,4,694,train
2,4,695,train
2,4,696,train
2,4,699,train
2,4,701,train
2,4,702,train
2,4,703,train
2,4,705,train
2,4,706,train
2,4,707,train
2,4,708,train
2,4,710,train
2,4,712,train
2,4,715,train
2,4,716,train
2,4,717,train
2,4,718,train
2,4,719,train
2,4,720,train
2,4,721,train
2,4,722,train
2,4,723,train
2,4,724,train
2,4,725,train
2,4,726,train
2,4,728,train
2,4,729,train
2,4,730,train
2,4,731,train
2,4,732,train
2,4,733,train
2,4,735,train
2,4,736,train
2,4,737,train
2,4,738,train
2,4,741,train
2,4,742,train
2,4,745,train
2,4,746,train
2,4,747,train
2,4,748,train
2,4,750,train
2,4,751,train
2,4,752,train
2,4,753,train
2,4,754,train
2,4,757,train
2,4,758,train
2,4,759,train
2,4,761,train
2,4,764,train
2,4,765,train
2,4,766,train
2,4,767,train
2,4,768,train
2,4,769,train
2,4,771,train
2,4,772,train
2,4,773,train
2,4,774,train
2,4,775,train
2,4,776,train
2,4,777,train
2,4,778,train
2,4,779,train
2,4,780,train
2,4,781,train
2,4,783,train
2,4,784,train
2,4,786,train
2,4,787,train
2,4,788,train
2,4,789,train
2,4,790,train
2,4,791,train
2,4,792,train
2,4,793,train
2,4,794,train
2,4,795,train
2,4,796,train
2,4,797,train
2,4,798,train
2,4,800,train
2,4,801,train
2,4,802,train
2,4,803,train
2,4,806,train
2,4,807,train
2,4,808,train
2,4,809,train
2,4,810,train
2,4,811,train
2,4,812,train
2,4,813,train
2,4,814,train
2,4,816,train
2,4,817,train
2,4,818,train
2,4,819,train
2,4,820,train
2,4,823,train
2,4,824,train
2,4,825,train
2,4,829,train
2,4,830,train
2,4,832,train
2,4,834,train
2,4,835,train
2,4,836,train
2,4,837,train
2,4,838,train
2,4,839,train
2,4,840,train
2,4,843,train
2,4,846,train
2,4,848,train
2,4,849,train
2,4,850,train
2,4,851,train
2,4,852,train
2,4,853,train
2,4,855,train
2,4,856,train
2,4,857,train
2,4,858,train
2,4,859,train
2,4,860,train
2,4,861,train
2,4,862,train
2,4,863,train
2,4,864,train
2,4,865,train
2,4,866,train
2,4,867,train
2,4,869,train
2,4,870,train
2,4,872,train
2,4,873,train
2,4,874,train
2,4,876,train
2,4,877,train
2,4,879,train
2,4,880,train
2,4,883,train
2,4,885,train
2,4,886,train
2,4,887,train
2,4,890,train
2,4,891,train
2,4,892,train
2,4,893,train
2,4,894,train
2,4,895,train
2,4,896,train
2,4,897,train
2,4,898,train
2,4,899,train
2,4,900,train
2,4,901,train
2,4,902,train
2,4,903,train
2,4,905,train
2,4,906,train
2,4,907,train
2,4,908,train
2,4,909,train
2,4,910,train
2,4,912,train
2,4,913,train
2,4,915,train
2,4,916,train
2,4,917,train
2,4,918,train
2,4,919,train
2,4,920,train
2,4,921,train
2,4,922,train
2,4,923,train
2,4,924,train
2,4,925,train
2,4,926,train
2,4,927,train
2,4,929,train
2,4,930,train
2,4,931,train
2,4,933,train
2,4,934,train
2,4,936,train
2,4,938,train
2,4,940,train
2,4,941,train
2,4,942,train
2,4,943,train
2,4,944,train
2,4,948,train
2,4,949,train
2,4,950,train
2,4,951,train
2,4,952,train
2,4,953,train
2,4,954,train
2,4,955,train
2,4,956,train
2,4,957,train
2,4,958,train
2,4,959,train
2,4,960,train
2,4,961,train
2,4,962,train
2,4,963,train
2,4,964,train
2,4,965,train
2,4,966,train
2,4,967,train
2,4,968,train
2,4,969,train
2,4,970,train
2,4,971,train
2,4,972,train
2,4,973,train
2,4,974,train
2,4,975,train
2,4,976,train
2,4,977,train
2,4,978,train
2,4,979,train
2,4,980,train
2,4,981,train
2,4,982,train
2,4,983,train
2,4,984,train
2,4,985,train
2,4,986,train
2,4,987,train
2,4,988,train
2,4,990,train
2,4,991,train
2,4,992,train
2,4,993,train
2,4,994,train
2,4,995,train
2,4,996,train
2,4,997,train
2,4,998,train
2,4,999,train
2,4,1000,train
2,4,1002,train
2,4,1005,train
2,4,1006,train
2,4,1007,train
2,4,1008,train
2,4,1009,train
2,4,1010,train
2,4,1011,train
2,4,1012,train
2,4,1013,train
2,4,1016,train
2,4,1017,train
2,4,1018,train
2,4,1019,train
2,4,1021,train
2,4,1022,train
2,4,1024,train
2,4,1025,train
2,4,1026,train
2,4,1027,train
2,4,1028,train
2,4,1029,train
2,4,1031,train
2,4,1032,train
2,4,1033,train
2,4,1035,train
2,4,1036,train
2,4,1037,train
2,4,1038,train
2,4,1039,train
2,4,1040,train
2,4,1042,train
2,4,1043,train
2,4,1044,train
2,4,1045,train
2,4,1046,train
2,4,1047,train
2,4,1048,train
2,4,1049,train
2,4,1051,train
2,4,1052,train
2,4,1053,train
2,4,1054,train
2,4,1057,train
2,4,1059,train
2,4,1060,train
2,4,1061,train
2,4,1062,train
2,4,1063,train
2,4,1064,train
2,4,1065,train
2,4,1067,train
2,4,1068,train
2,4,1069,train
2,4,1070,train
2,4,1071,train
2,4,1072,train
2,4,1073,train
2,4,1074,train
2,4,1075,train
2,4,1076,train
2,4,1077,train
2,4,1078,train
2,4,1079,train
2,4,1080,train
2,4,1081,train
2,4,1082,train
2,4,1084,train
2,4,1086,train
2,4,1087,train
2,4,1088,train
2,4,1089,train
2,4,1090,train
2,4,1091,train
2,4,1092,train
2,4,1094,train
2,4,1096,train
2,4,1097,train
2,4,1098,train
2,4,1099,train
2,4,3,valid
2,4,10,valid
2,4,17,valid
2,4,24,valid
2,4,26,valid
2,4,31,valid
2,4,36,valid
2,4,43,valid
2,4,44,valid
2,4,47,valid
2,4,51,valid
2,4,52,valid
2,4,55,valid
2,4,56,valid
2,4,57,valid
2,4,60,valid
2,4,62,valid
2,4,64,valid
2,4,66,valid
2,4,67,valid
2,4,72,valid
2,4,74,valid
2,4,87,valid
2,4,89,valid
2,4,90,valid
2,4,93,valid
2,4,98,valid
2,4,103,valid
2,4,106,valid
2,4,111,valid
2,4,112,valid
2,4,113,valid
2,4,114,valid
2,4,122,valid
2,4,124,valid
2,4,132,valid
2,4,136,valid
2,4,146,valid
2,4,166,valid
2,4,174,valid
2,4,179,valid
2,4,181,valid
2,4,196,valid
2,4,199,valid
2,4,204,valid
2,4,210,valid
2,4,215,valid
2,4,219,valid
2,4,221,valid
2,4,226,valid
2,4,228,valid
2,4,232,valid
2,4,235,valid
2,4,237,valid
2,4,243,valid
2,4,245,valid
2,4,251,valid
2,4,252,valid
2,4,258,valid
2,4,259,valid
2,4,280,valid
2,4,285,valid
2,4,289,valid
2,4,298,valid
2,4,299,valid
2,4,302,valid
2,4,311,valid
2,4,313,valid
2,4,314,valid
2,4,321,valid
2,4,322,valid
2,4,331,valid
2,4,333,valid
2,4,337,valid
2,4,342,valid
2,4,373,valid
2,4,374,valid
2,4,378,valid
2,4,380,valid
2,4,383,valid
2,4,406,valid
2,4,408,valid
2,4,410,valid
2,4,415,valid
2,4,437,valid
2,4,438,valid
2,4,447,valid
2,4,453,valid
2,4,454,valid
2,4,456,valid
2,4,459,valid
2,4,463,valid
2,4,464,valid
2,4,471,valid
2,4,473,valid
2,4,475,valid
2,4,479,valid
2,4,481,valid
2,4,484,valid
2,4,487,valid
2,4,500,valid
2,4,511,valid
2,4,512,valid
2,4,518,valid
2,4,521,valid
2,4,525,valid
2,4,535,valid
2,4,536,valid
2,4,540,valid
2,4,549,valid
2,4,552,valid
2,4,556,valid
2,4,559,valid
2,4,565,valid
2,4,571,valid
2,4,583,valid
2,4,585,valid
2,4,587,valid
2,4,591,valid
2,4,597,valid
2,4,598,valid
2,4,606,valid
2,4,612,valid
2,4,613,valid
2,4,615,valid
2,4,627,valid
2,4,640,valid
2,4,641,valid
2,4,643,valid
2,4,646,valid
2,4,652,valid
2,4,654,valid
2,4,655,valid
2,4,662,valid
2,4,664,valid
2,4,665,valid
2,4,669,valid
2,4,684,valid
2,4,685,valid
2,4,686,valid
2,4,693,valid
2,4,697,valid
2,4,698,valid
2,4,700,valid
2,4,704,valid
2,4,709,valid
2,4,711,valid
2,4,713,valid
2,4,714,valid
2,4,727,valid
2,4,734,valid
2,4,739,valid
2,4,740,valid
2,4,743,valid
2,4,744,valid
2,4,749,valid
2,4,755,valid
2,4,756,valid
2,4,760,valid
2,4,762,valid
2,4,763,valid
2,4,770,valid
2,4,782,valid
2,4,785,valid
2,4,799,valid
2,4,804,valid
2,4,815,valid
2,4,821,valid
2,4,822,valid
2,4,826,valid
2,4,827,valid
2,4,828,valid
2,4,831,valid
2,4,833,valid
2,4,841,valid
2,4,842,valid
2,4,844,valid
2,4,845,valid
2,4,847,valid
2,4,854,valid
2,4,868,valid
2,4,871,valid
2,4,875,valid
2,4,878,valid
2,4,881,valid
2,4,882,valid
2,4,884,valid
2,4,888,valid
2,4,904,valid
2,4,911,valid
2,4,914,valid
2,4,928,valid
2,4,932,valid
2,4,935,valid
2,4,937,valid
2,4,939,valid
2,4,945,valid
2,4,946,valid
2,4,947,valid
2,4,989,valid
2,4,1001,valid
2,4,1003,valid
2,4,1004,valid
2,4,1014,valid
2,4,1015,valid
2,4,1020,valid
2,4,1023,valid
2,4,1030,valid
2,4,1034,valid
2,4,1041,valid
2,4,1050,valid
2,4,1055,valid
2,4,1056,valid
2,4,1058,valid
2,4,1066,valid
2,4,1083,valid
2,4,1085,valid
2,4,1093,valid
2,4,1095,valid
3,0,0,train
3,0,1,train
3,0,2,train
3,0,3,train
3,0,5,train
3,0,6,train
3,0,7,train
3,0,8,train
3,0,10,train
3,0,11,train
3,0,12,train
3,0,13,train
3,0,14,train
3,0,16,train
3,0,17,train
3,0,18,train
3,0,21,train
3,0,22,train
3,0,23,train
3,0,24,train
3,0,25,train
3,0,26,train
3,0,27,train
3,0,28,train
3,0,29,train
3,0,30,train
3,0,31,train
3,0,32,train
3,0,34,train
3,0,35,train
3,0,38,train
3,0,39,train
3,0,40,train
3,0,41,train
3,0,43,train
3,0,44,train
3,0,45,train
3,0,47,train
3,0,48,train
3,0,49,train
3,0,50,train
3,0,51,train
3,0,53,train
3,0,54,train
3,0,55,train
3,0,56,train
3,0,57,train
3,0,58,train
3,0,59,train
3,0,61,train
3,0,62,train
3,0,63,train
3,0,64,train
3,0,65,train
3,0,66,train
3,0,67,train
3,0,68,train
3,0,69,train
3,0,70,train
3,0,71,train
3,0,72,train
3,0,73,train
3,0,74,train
3,0,75,train
3,0,76,train
3,0,79,train
3,0,80,train
3,0,82,train
3,0,83,train
3,0,84,train
3,0,85,train
3,0,86,train
3,0,87,train
3,0,88,train
3,0,89,train
3,0,90,train
3,0,91,train
3,0,92,train
3,0,93,train
3,0,94,train
3,0,95,train
3,0,96,train
3,0,98,train
3,0,99,train
3,0,100,train
3,0,101,train
3,0,102,train
3,0,103,train
3,0,104,train
3,0,105,train
3,0,107,train
3,0,108,train
3,0,110,train
3,0,111,train
3,0,112,train
3,0,117,train
3,0,119,train
3,0,120,train
3,0,121,train
3,0,122,train
3,0,123,train
3,0,124,train
3,0,126,train
3,0,128,train
3,0,129,train
3,0,130,train
3,0,132,train
3,0,133,train
3,0,135,train
3,0,136,train
3,0,137,train
3,0,138,train
3,0,139,train
3,0,140,train
3,0,142,train
3,0,143,train
3,0,144,train
3,0,146,train
3,0,148,train
3,0,149,train
3,0,151,train
3,0,152,train
3,0,153,train
3,0,155,train
3,0,156,train
3,0,157,train
3,0,158,train
3,0,159,train
3,0,160,train
3,0,161,train
3,0,162,train
3,0,163,train
3,0,164,train
3,0,165,train
3,0,167,train
3,0,169,train
3,0,170,train
3,0,171,train
3,0,172,train
3,0,173,train
3,0,175,train
3,0,176,train
3,0,177,train
3,0,178,train
3,0,181,train
3,0,182,train
3,0,183,train
3,0,184,train
3,0,186,train
3,0,189,train
3,0,190,train
3,0,191,train
3,0,193,train
3,0,194,train
3,0,195,train
3,0,196,train
3,0,197,train
3,0,198,train
3,0,199,train
3,0,200,train
3,0,201,train
3,0,202,train
3,0,203,train
3,0,204,train
3,0,205,train
3,0,206,train
3,0,207,train
3,0,208,train
3,0,209,train
3,0,210,train
3,0,211,train
3,0,212,train
3,0,213,train
3,0,214,train
3,0,215,train
3,0,216,train
3,0,217,train
3,0,218,train
3,0,220,train
3,0,221,train
3,0,222,train
3,0,223,train
3,0,224,train
3,0,225,train
3,0,226,train
3,0,228,train
3,0,229,train
3,0,230,train
3,0,231,train
3,0,232,train
3,0,233,train
3,0,234,train
3,0,235,train
3,0,236,train
3,0,239,train
3,0,240,train
3,0,241,train
3,0,242,train
3,0,243,train
3,0,244,train
3,0,245,train
3,0,246,train
3,0,247,train
3,0,248,train
3,0,249,train
3,0,250,train
3,0,252,train
3,0,254,train
3,0,256,train
3,0,258,train
3,0,259,train
3,0,260,train
3,0,261,train
3,0,262,train
3,0,264,train
3,0,265,train
3,0,267,train
3,0,268,train
3,0,269,train
3,0,270,train
3,0,272,train
3,0,275,train
3,0,276,train
3,0,277,train
3,0,278,train
3,0,279,train
3,0,281,train
3,0,283,train
3,0,284,train
3,0,285,train
3,0,286,train
3,0,287,train
3,0,289,train
3,0,290,train
3,0,291,train
3,0,292,train
3,0,293,train
3,0,295,train
3,0,298,train
3,0,299,train
3,0,300,train
3,0,301,train
3,0,302,train
3,0,303,train
3,0,304,train
3,0,306,train
3,0,307,train
3,0,309,train
3,0,310,train
3,0,311,train
3,0,312,train
3,0,313,train
3,0,315,train
3,0,316,train
3,0,317,train
3,0,318,train
3,0,319,train
3,0,320,train
3,0,321,train
3,0,322,train
3,0,323,train
3,0,325,train
3,0,326,train
3,0,327,train
3,0,328,train
3,0,330,train
3,0,331,train
3,0,333,train
3,0,334,train
3,0,335,train
3,0,336,train
3,0,337,train
3,0,338,train
3,0,340,train
3,0,341,train
3,0,342,train
3,0,344,train
3,0,345,train
3,0,346,train
3,0,347,train
3,0,348,train
3,0,350,train
3,0,352,train
3,0,353,train
3,0,354,train
3,0,357,train
3,0,358,train
3,0,359,train
3,0,360,train
3,0,361,train
3,0,362,train
3,0,364,train
3,0,365,train
3,0,366,train
3,0,367,train
3,0,368,train
3,0,369,train
3,0,370,train
3,0,372,train
3,0,373,train
3,0,374,train
3,0,376,train
3,0,377,train
3,0,378,train
3,0,379,train
3,0,380,train
3,0,381,train
3,0,382,train
3,0,383,train
3,0,384,train
3,0,385,train
3,0,387,train
3,0,388,train
3,0,389,train
3,0,391,train
3,0,393,train
3,0,394,train
3,0,395,train
3,0,396,train
3,0,397,train
3,0,398,train
3,0,400,train
3,0,401,train
3,0,402,train
3,0,403,train
3,0,404,train
3,0,406,train
3,0,407,train
3,0,408,train
3,0,409,train
3,0,410,train
3,0,411,train
3,0,412,train
3,0,413,train
3,0,414,train
3,0,415,train
3,0,416,train
3,0,417,train
3,0,418,train
3,0,419,train
3,0,420,train
3,0,422,train
3,0,423,train
3,0,424,train
3,0,426,train
3,0,427,train
3,0,428,train
3,0,429,train
3,0,430,train
3,0,432,train
3,0,434,train
3,0,435,train
3,0,436,train
3,0,438,train
3,0,439,train
3,0,440,train
3,0,441,train
3,0,442,train
3,0,443,train
3,0,445,train
3,0,446,train
3,0,447,train
3,0,449,train
3,0,450,train
3,0,451,train
3,0,452,train
3,0,453,train
3,0,454,train
3,0,455,train
3,0,456,train
3,0,457,train
3,0,458,train
3,0,459,train
3,0,460,train
3,0,461,train
3,0,462,train
3,0,464,train
3,0,465,train
3,0,466,train
3,0,467,train
3,0,468,train
3,0,469,train
3,0,470,train
3,0,471,train
3,0,472,train
3,0,473,train
3,0,474,train
3,0,475,train
3,0,476,train
3,0,478,train
3,0,480,train
3,0,481,train
3,0,482,train
3,0,483,train
3,0,487,train
3,0,488,train
3,0,489,train
3,0,490,train
3,0,491,train
3,0,495,train
3,0,496,train
3,0,497,train
3,0,498,train
3,0,500,train
3,0,501,train
3,0,502,train
3,0,503,train
3,0,504,train
3,0,505,train
3,0,506,train
3,0,508,train
3,0,509,train
3,0,510,train
3,0,511,train
3,0,512,train
3,0,513,train
3,0,514,train
3,0,515,train
3,0,516,train
3,0,517,train
3,0,518,train
3,0,519,train
3,0,520,train
3,0,521,train
3,0,522,train
3,0,523,train
3,0,524,train
3,0,526,train
3,0,527,train
3,0,528,train
3,0,529,train
3,0,530,train
3,0,531,train
3,0,532,train
3,0,533,train
3,0,534,train
3,0,536,train
3,0,537,train
3,0,538,train
3,0,539,train
3,0,540,train
3,0,541,train
3,0,544,train
3,0,545,train
3,0,546,train
3,0,547,train
3,0,548,train
3,0,549,train
3,0,551,train
3,0,553,train
3,0,554,train
3,0,557,train
3,0,558,train
3,0,559,train
3,0,560,train
3,0,562,train
3,0,563,train
3,0,564,train
3,0,565,train
3,0,568,train
3,0,569,train
3,0,571,train
3,0,573,train
3,0,574,train
3,0,575,train
3,0,577,train
3,0,578,train
3,0,579,train
3,0,580,train
3,0,581,train
3,0,582,train
3,0,583,train
3,0,585,train
3,0,588,train
3,0,589,train
3,0,590,train
3,0,591,train
3,0,592,train
3,0,594,train
3,0,595,train
3,0,597,train
3,0,598,train
3,0,599,train
3,0,600,train
3,0,601,train
3,0,603,train
3,0,604,train
3,0,605,train
3,0,606,train
3,0,607,train
3,0,608,train
3,0,609,train
3,0,611,train
3,0,612,train
3,0,613,train
3,0,614,train
3,0,616,train
3,0,617,train
3,0,619,train
3,0,620,train
3,0,622,train
3,0,623,train
3,0,625,train
3,0,627,train
3,0,628,train
3,0,629,train
3,0,630,train
3,0,631,train
3,0,633,train
3,0,634,train
3,0,635,train
3,0,636,train
3,0,637,train
3,0,638,train
3,0,639,train
3,0,641,train
3,0,642,train
3,0,645,train
3,0,646,train
3,0,647,train
3,0,648,train
3,0,650,train
3,0,652,train
3,0,653,train
3,0,654,train
3,0,656,train
3,0,657,train
3,0,658,train
3,0,659,train
3,0,661,train
3,0,662,train
3,0,663,train
3,0,664,train
3,0,665,train
3,0,666,train
3,0,667,train
3,0,668,train
3,0,669,train
3,0,671,train
3,0,672,train
3,0,673,train
3,0,675,train
3,0,676,train
3,0,679,train
3,0,681,train
3,0,682,train
3,0,684,train
3,0,686,train
3,0,687,train
3,0,689,train
3,0,690,train
3,0,691,train
3,0,692,train
3,0,694,train
3,0,695,train
3,0,696,train
3,0,698,train
3,0,699,train
3,0,700,train
3,0,702,train
3,0,703,train
3,0,704,train
3,0,706,train
3,0,707,train
3,0,708,train
3,0,709,train
3,0,710,train
3,0,711,train
3,0,712,train
3,0,713,train
3,0,714,train
3,0,716,train
3,0,717,train
3,0,719,train
3,0,720,train
3,0,722,train
3,0,723,train
3,0,724,train
3,0,726,train
3,0,727,train
3,0,728,train
3,0,729,train
3,0,730,train
3,0,731,train
3,0,732,train
3,0,734,train
3,0,735,train
3,0,736,train
3,0,739,train
3,0,740,train
3,0,741,train
3,0,742,train
3,0,743,train
3,0,745,train
3,0,747,train
3,0,748,train
3,0,749,train
3,0,750,train
3,0,752,train
3,0,753,train
3,0,755,train
3,0,757,train
3,0,759,train
3,0,760,train
3,0,761,train
3,0,762,train
3,0,763,train
3,0,765,train
3,0,766,train
3,0,767,train
3,0,768,train
3,0,769,train
3,0,770,train
3,0,771,train
3,0,772,train
3,0,775,train
3,0,776,train
3,0,779,train
3,0,780,train
3,0,781,train
3,0,783,train
3,0,784,train
3,0,786,train
3,0,787,train
3,0,788,train
3,0,790,train
3,0,791,train
3,0,793,train
3,0,795,train
3,0,796,train
3,0,797,train
3,0,798,train
3,0,800,train
3,0,802,train
3,0,803,train
3,0,804,train
3,0,806,train
3,0,807,train
3,0,808,train
3,0,809,train
3,0,810,train
3,0,812,train
3,0,813,train
3,0,814,train
3,0,816,train
3,0,817,train
3,0,818,train
3,0,819,train
3,0,820,train
3,0,821,train
3,0,822,train
3,0,823,train
3,0,824,train
3,0,825,train
3,0,826,train
3,0,828,train
3,0,829,train
3,0,830,train
3,0,831,train
3,0,832,train
3,0,834,train
3,0,835,train
3,0,836,train
3,0,837,train
3,0,842,train
3,0,843,train
3,0,844,train
3,0,845,train
3,0,846,train
3,0,847,train
3,0,848,train
3,0,849,train
3,0,850,train
3,0,851,train
3,0,853,train
3,0,854,train
3,0,855,train
3,0,856,train
3,0,857,train
3,0,858,train
3,0,859,train
3,0,860,train
3,0,861,train
3,0,862,train
3,0,863,train
3,0,864,train
3,0,865,train
3,0,869,train
3,0,870,train
3,0,871,train
3,0,872,train
3,0,873,train
3,0,874,train
3,0,875,train
3,0,877,train
3,0,878,train
3,0,879,train
3,0,880,train
3,0,881,train
3,0,882,train
3,0,883,train
3,0,884,train
3,0,885,train
3,0,886,train
3,0,887,train
3,0,888,train
3,0,890,train
3,0,891,train
3,0,892,train
3,0,893,train
3,0,894,train
3,0,895,train
3,0,896,train
3,0,897,train
3,0,898,train
3,0,899,train
3,0,901,train
3,0,902,train
3,0,904,train
3,0,905,train
3,0,906,train
3,0,907,train
3,0,909,train
3,0,910,train
3,0,911,train
3,0,912,train
3,0,915,train
3,0,916,train
3,0,917,train
3,0,919,train
3,0,920,train
3,0,921,train
3,0,922,train
3,0,923,train
3,0,924,train
3,0,926,train
3,0,927,train
3,0,929,train
3,0,930,train
3,0,931,train
3,0,932,train
3,0,933,train
3,0,934,train
3,0,935,train
3,0,936,train
3,0,938,train
3,0,939,train
3,0,940,train
3,0,941,train
3,0,943,train
3,0,944,train
3,0,945,train
3,0,946,train
3,0,947,train
3,0,948,train
3,0,949,train
3,0,950,train
3,0,952,train
3,0,953,train
3,0,954,train
3,0,955,train
3,0,956,train
3,0,957,train
3,0,958,train
3,0,959,train
3,0,960,train
3,0,962,train
3,0,963,train
3,0,964,train
3,0,965,train
3,0,967,train
3,0,969,train
3,0,970,train
3,0,972,train
3,0,973,train
3,0,974,train
3,0,976,train
3,0,977,train
3,0,978,train
3,0,979,train
3,0,981,train
3,0,982,train
3,0,984,train
3,0,985,train
3,0,986,train
3,0,987,train
3,0,988,train
3,0,989,train
3,0,990,train
3,0,991,train
3,0,992,train
3,0,993,train
3,0,994,train
3,0,995,train
3,0,996,train
3,0,997,train
3,0,998,train
3,0,999,train
3,0,1000,train
3,0,1001,train
3,0,1003,train
3,0,1004,train
3,0,1005,train
3,0,1007,train
3,0,1008,train
3,0,1009,train
3,0,1010,train
3,0,1011,train
3,0,1013,train
3,0,1014,train
3,0,1015,train
3,0,1016,train
3,0,1017,train
3,0,1018,train
3,0,1019,train
3,0,1020,train
3,0,1021,train
3,0,1022,train
3,0,1023,train
3,0,1024,train
3,0,1025,train
3,0,1026,train
3,0,1027,train
3,0,1028,train
3,0,1029,train
3,0,1030,train
3,0,1034,train
3,0,1036,train
3,0,1037,train
3,0,1038,train
3,0,1039,train
3,0,1042,train
3,0,1043,train
3,0,1044,train
3,0,1045,train
3,0,1046,train
3,0,1047,train
3,0,1048,train
3,0,1049,train
3,0,1050,train
3,0,1052,train
3,0,1053,train
3,0,1055,train
3,0,1056,train
3,0,1057,train
3,0,1058,train
3,0,1059,train
3,0,1060,train
3,0,1061,train
3,0,1062,train
3,0,1063,train
3,0,1064,train
3,0,1065,train
3,0,1066,train
3,0,1067,train
3,0,1070,train
3,0,1071,train
3,0,1072,train
3,0,1073,train
3,0,1074,train
3,0,1075,train
3,0,1076,train
3,0,1078,train
3,0,1079,train
3,0,1081,train
3,0,1084,train
3,0,1085,train
3,0,1086,train
3,0,1087,train
3,0,1089,train
3,0,1090,train
3,0,1092,train
3,0,1093,train
3,0,1094,train
3,0,1095,train
3,0,1096,train
3,0,1098,train
3,0,1099,train
3,0,4,valid
3,0,9,valid
3,0,15,valid
3,0,19,valid
3,0,20,valid
3,0,33,valid
3,0,36,valid
3,0,37,valid
3,0,42,valid
3,0,46,valid
3,0,52,valid
3,0,60,valid
3,0,77,valid
3,0,78,valid
3,0,81,valid
3,0,97,valid
3,0,106,valid
3,0,109,valid
3,0,113,valid
3,0,114,valid
3,0,115,valid
3,0,116,valid
3,0,118,valid
3,0,125,valid
3,0,127,valid
3,0,131,valid
3,0,134,valid
3,0,141,valid
3,0,145,valid
3,0,147,valid
3,0,150,valid
3,0,154,valid
3,0,166,valid
3,0,168,valid
3,0,174,valid
3,0,179,valid
3,0,180,valid
3,0,185,valid
3,0,187,valid
3,0,188,valid
3,0,192,valid
3,0,219,valid
3,0,227,valid
3,0,237,valid
3,0,238,valid
3,0,251,valid
3,0,253,valid
3,0,255,valid
3,0,257,valid
3,0,263,valid
3,0,266,valid
3,0,271,valid
3,0,273,valid
3,0,274,valid
3,0,280,valid
3,0,282,valid
3,0,288,valid
3,0,294,valid
3,0,296,valid
3,0,297,valid
3,0,305,valid
3,0,308,valid
3,0,314,valid
3,0,324,valid
3,0,329,valid
3,0,332,valid
3,0,339,valid
3,0,343,valid
3,0,349,valid
3,0,351,valid
3,0,355,valid
3,0,356,valid
3,0,363,valid
3,0,371,valid
3,0,375,valid
3,0,386,valid
3,0,390,valid
3,0,392,valid
3,0,399,valid
3,0,405,valid
3,0,421,valid
3,0,425,valid
3,0,431,valid
3,0,433,valid
3,0,437,valid
3,0,444,valid
3,0,448,valid
3,0,463,valid
3,0,477,valid
3,0,479,valid
3,0,484,valid
3,0,485,valid
3,0,486,valid
3,0,492,valid
3,0,493,valid
3,0,494,valid
3,0,499,valid
3,0,507,valid
3,0,525,valid
3,0,535,valid
3,0,542,valid
3,0,543,valid
3,0,550,valid
3,0,552,valid
3,0,555,valid
3,0,556,valid
3,0,561,valid
3,0,566,valid
3,0,567,valid
3,0,570,valid
3,0,572,valid
3,0,576,valid
3,0,584,valid
3,0,586,valid
3,0,587,valid
3,0,593,valid
3,0,596,valid
3,0,602,valid
3,0,610,valid
3,0,615,valid
3,0,618,valid
3,0,621,valid
3,0,624,valid
3,0,626,valid
3,0,632,valid
3,0,640,valid
3,0,643,valid
3,0,644,valid
3,0,649,valid
3,0,651,valid
3,0,655,valid
3,0,660,valid
3,0,670,valid
3,0,674,valid
3,0,677,valid
3,0,678,valid
3,0,680,valid
3,0,683,valid
3,0,685,valid
3,0,688,valid
3,0,693,valid
3,0,697,valid
3,0,701,valid
3,0,705,valid
3,0,715,valid
3,0,718,valid
3,0,721,valid
3,0,725,valid
3,0,733,valid
3,0,737,valid
3,0,738,valid
3,0,744,valid
3,0,746,valid
3,0,751,valid
3,0,754,valid
3,0,756,valid
3,0,758,valid
3,0,764,valid
3,0,773,valid
3,0,774,valid
3,0,777,valid
3,0,778,valid
3,0,782,valid
3,0,785,valid
3,0,789,valid
3,0,792,valid
3,0,794,valid
3,0,799,valid
3,0,801,valid
3,0,811,valid
3,0,815,valid
3,0,827,valid
3,0,833,valid
3,0,838,valid
3,0,839,valid
3,0,840,valid
3,0,841,valid
3,0,852,valid
3,0,866,valid
3,0,867,valid
3,0,868,valid
3,0,876,valid
3,0,900,valid
3,0,903,valid
3,0,908,valid
3,0,913,valid
3,0,914,valid
3,0,918,valid
3,0,925,valid
3,0,928,valid
3,0,937,valid
3,0,942,valid
3,0,951,valid
3,0,961,valid
3,0,966,valid
3,0,968,valid
3,0,971,valid
3,0,975,valid
3,0,980,valid
3,0,983,valid
3,0,1002,valid
3,0,1006,valid
3,0,1012,valid
3,0,1031,valid
3,0,1032,valid
3,0,1033,valid
3,0,1035,valid
3,0,1040,valid
3,0,1041,valid
3,0,1051,valid
3,0,1054,valid
3,0,1068,valid
3,0,1069,valid
3,0,1077,valid
3,0,1080,valid
3,0,1082,valid
3,0,1083,valid
3,0,1088,valid
3,0,1091,valid
3,0,1097,valid
3,1,1,train
3,1,2,train
3,1,3,train
3,1,4,train
3,1,5,train
3,1,6,train
3,1,8,train
3,1,9,train
3,1,10,train
3,1,11,train
3,1,13,train
3,1,14,train
3,1,15,train
3,1,19,train
3,1,20,train
3,1,21,train
3,1,22,train
3,1,24,train
3,1,25,train
3,1,28,train
3,1,30,train
3,1,33,train
3,1,34,train
3,1,35,train
3,1,36,train
3,1,37,train
3,1,39,train
3,1,40,train
3,1,42,train
3,1,43,train
3,1,44,train
3,1,45,train
3,1,46,train
3,1,47,train
3,1,49,train
3,1,50,train
3,1,51,train
3,1,52,train
3,1,54,train
3,1,55,train
3,1,56,train
3,1,57,train
3,1,59,train
3,1,60,train
3,1,62,train
3,1,64,train
3,1,67,train
3,1,68,train
3,1,71,train
3,1,72,train
3,1,73,train
3,1,74,train
3,1,76,train
3,1,77,train
3,1,78,train
3,1,80,train
3,1,81,train
3,1,82,train
3,1,85,train
3,1,86,train
3,1,88,train
3,1,91,train
3,1,92,train
3,1,93,train
3,1,94,train
3,1,95,train
3,1,96,train
3,1,97,train
3,1,98,train
3,1,99,train
3,1,100,train
3,1,101,train
3,1,102,train
3,1,103,train
3,1,104,train
3,1,105,train
3,1,106,train
3,1,107,train
3,1,108,train
3,1,109,train
3,1,110,train
3,1,111,train
3,1,112,train
3,1,113,train
3,1,114,train
3,1,115,train
3,1,116,train
3,1,117,train
3,1,118,train
3,1,119,train
3,1,120,train
3,1,121,train
3,1,122,train
3,1,125,train
3,1,126,train
3,1,127,train
3,1,131,train
3,1,132,train
3,1,133,train
3,1,134,train
3,1,136,train
3,1,138,train
3,1,139,train
3,1,140,train
3,1,141,train
3,1,142,train
3,1,145,train
3,1,146,train
3,1,147,train
3,1,148,train
3,1,149,train
3,1,150,train
3,1,153,train
3,1,154,train
3,1,155,train
3,1,156,train
3,1,157,train
3,1,158,train
3,1,159,train
3,1,160,train
3,1,161,train
3,1,162,train
3,1,163,train
3,1,164,train
3,1,165,train
3,1,166,train
3,1,167,train
3,1,168,train
3,1,169,train
3,1,170,train
3,1,171,train
3,1,173,train
3,1,174,train
3,1,175,train
3,1,176,train
3,1,177,train
3,1,179,train
3,1,180,train
3,1,182,train
3,1,184,train
3,1,185,train
3,1,186,train
3,1,187,train
3,1,188,train
3,1,189,train
3,1,190,train
3,1,191,train
3,1,192,train
3,1,193,train
3,1,194,train
3,1,195,train
3,1,196,train
3,1,197,train
3,1,198,train
3,1,200,train
3,1,201,train
3,1,202,train
3,1,203,train
3,1,205,train
3,1,206,train
3,1,207,train
3,1,208,train
3,1,209,train
3,1,213,train
3,1,216,train
3,1,217,train
3,1,219,train
3,1,221,train
3,1,222,train
3,1,224,train
3,1,225,train
3,1,226,train
3,1,227,train
3,1,228,train
3,1,229,train
3,1,230,train
3,1,231,train
3,1,232,train
3,1,233,train
3,1,234,train
3,1,237,train
3,1,238,train
3,1,239,train
3,1,240,train
3,1,241,train
3,1,242,train
3,1,244,train
3,1,245,train
3,1,247,train
3,1,248,train
3,1,250,train
3,1,251,train
3,1,252,train
3,1,253,train
3,1,254,train
3,1,255,train
3,1,257,train
3,1,260,train
3,1,262,train
3,1,263,train
3,1,264,train
3,1,265,train
3,1,266,train
3,1,267,train
3,1,268,train
3,1,269,train
3,1,270,train
3,1,271,train
3,1,273,train
3,1,274,train
3,1,275,train
3,1,276,train
3,1,277,train
3,1,278,train
3,1,279,train
3,1,280,train
3,1,282,train
3,1,283,train
3,1,285,train
3,1,286,train
3,1,287,train
3,1,288,train
3,1,289,train
3,1,290,train
3,1,291,train
3,1,292,train
3,1,294,train
3,1,295,train
3,1,296,train
3,1,297,train
3,1,298,train
3,1,299,train
3,1,300,train
3,1,301,train
3,1,303,train
3,1,304,train
3,1,305,train
3,1,307,train
3,1,308,train
3,1,311,train
3,1,312,train
3,1,313,train
3,1,314,train
3,1,316,train
3,1,318,train
3,1,319,train
3,1,321,train
3,1,323,train
3,1,324,train
3,1,325,train
3,1,326,train
3,1,327,train
3,1,328,train
3,1,329,train
3,1,330,train
3,1,331,train
3,1,332,train
3,1,333,train
3,1,334,train
3,1,335,train
3,1,336,train
3,1,337,train
3,1,338,train
3,1,339,train
3,1,340,train
3,1,342,train
3,1,343,train
3,1,345,train
3,1,346,train
3,1,347,train
3,1,348,train
3,1,349,train
3,1,350,train
3,1,351,train
3,1,352,train
3,1,353,train
3,1,354,train
3,1,355,train
3,1,356,train
3,1,358,train
3,1,360,train
3,1,361,train
3,1,363,train
3,1,366,train
3,1,368,train
3,1,371,train
3,1,372,train
3,1,373,train
3,1,374,train
3,1,375,train
3,1,378,train
3,1,379,train
3,1,381,train
3,1,382,train
3,1,383,train
3,1,384,train
3,1,386,train
3,1,387,train
3,1,388,train
3,1,389,train
3,1,390,train
3,1,391,train
3,1,392,train
3,1,394,train
3,1,395,train
3,1,397,train
3,1,398,train
3,1,399,train
3,1,400,train
3,1,401,train
3,1,402,train
3,1,403,train
3,1,404,train
3,1,405,train
3,1,406,train
3,1,407,train
3,1,408,train
3,1,411,train
3,1,412,train
3,1,413,train
3,1,414,train
3,1,415,train
3,1,416,train
3,1,417,train
3,1,419,train
3,1,421,train
3,1,422,train
3,1,424,train
3,1,425,train
3,1,429,train
3,1,430,train
3,1,431,train
3,1,433,train
3,1,434,train
3,1,436,train
3,1,437,train
3,1,439,train
3,1,440,train
3,1,441,train
3,1,442,train
3,1,443,train
3,1,444,train
3,1,445,train
3,1,446,train
3,1,448,train
3,1,450,train
3,1,451,train
3,1,452,train
3,1,453,train
3,1,454,train
3,1,455,train
3,1,456,train
3,1,458,train
3,1,459,train
3,1,461,train
3,1,462,train
3,1,463,train
3,1,465,train
3,1,466,train
3,1,467,train
3,1,468,train
3,1,470,train
3,1,471,train
3,1,474,train
3,1,475,train
3,1,477,train
3,1,478,train
3,1,479,train
3,1,480,train
3,1,481,train
3,1,482,train
3,1,483,train
3,1,484,train
3,1,485,train
3,1,486,train
3,1,488,train
3,1,489,train
3,1,490,train
3,1,492,train
3,1,493,train
3,1,494,train
3,1,495,train
3,1,496,train
3,1,497,train
3,1,498,train
3,1,499,train
3,1,500,train
3,1,501,train
3,1,503,train
3,1,504,train
3,1,505,train
3,1,507,train
3,1,509,train
3,1,510,train
3,1,511,train
3,1,512,train
3,1,514,train
3,1,515,train
3,1,516,train
3,1,517,train
3,1,518,train
3,1,519,train
3,1,520,train
3,1,521,train
3,1,522,train
3,1,523,train
3,1,524,train
3,1,525,train
3,1,526,train
3,1,527,train
3,1,528,train
3,1,529,train
3,1,530,train
3,1,531,train
3,1,532,train
3,1,533,train
3,1,535,train
3,1,536,train
3,1,537,train
3,1,538,train
3,1,539,train
3,1,541,train
3,1,542,train
3,1,543,train
3,1,545,train
3,1,547,train
3,1,548,train
3,1,549,train
3,1,550,train
3,1,552,train
3,1,553,train
3,1,555,train
3,1,556,train
3,1,557,train
3,1,560,train
3,1,561,train
3,1,563,train
3,1,564,train
3,1,565,train
3,1,566,train
3,1,567,train
3,1,568,train
3,1,570,train
3,1,571,train
3,1,572,train
3,1,573,train
3,1,574,train
3,1,575,train
3,1,576,train
3,1,577,train
3,1,578,train
3,1,580,train
3,1,581,train
3,1,582,train
3,1,583,train
3,1,584,train
3,1,585,train
3,1,586,train
3,1,587,train
3,1,588,train
3,1,590,train
3,1,591,train
3,1,593,train
3,1,595,train
3,1,596,train
3,1,597,train
3,1,599,train
3,1,600,train
3,1,602,train
3,1,603,train
3,1,605,train
3,1,606,train
3,1,607,train
3,1,608,train
3,1,610,train
3,1,611,train
3,1,612,train
3,1,613,train
3,1,614,train
3,1,615,train
3,1,616,train
3,1,617,train
3,1,618,train
3,1,619,train
3,1,620,train
3,1,621,train
3,1,622,train
3,1,624,train
3,1,625,train
3,1,626,train
3,1,627,train
3,1,628,train
3,1,629,train
3,1,631,train
3,1,632,train
3,1,633,train
3,1,634,train
3,1,635,train
3,1,636,train
3,1,638,train
3,1,639,train
3,1,640,train
3,1,641,train
3,1,642,train
3,1,643,train
3,1,644,train
3,1,645,train
3,1,646,train
3,1,649,train
3,1,650,train
3,1,651,train
3,1,653,train
3,1,654,train
3,1,655,train
3,1,657,train
3,1,659,train
3,1,660,train
3,1,661,train
3,1,662,train
3,1,663,train
3,1,665,train
3,1,666,train
3,1,667,train
3,1,668,train
3,1,669,train
3,1,670,train
3,1,671,train
3,1,672,train
3,1,673,train
3,1,674,train
3,1,675,train
3,1,676,train
3,1,677,train
3,1,678,train
3,1,680,train
3,1,681,train
3,1,683,train
3,1,684,train
3,1,685,train
3,1,686,train
3,1,687,train
3,1,688,train
3,1,689,train
3,1,690,train
3,1,691,train
3,1,693,train
3,1,694,train
3,1,696,train
3,1,697,train
3,1,698,train
3,1,700,train
3,1,701,train
3,1,702,train
3,1,704,train
3,1,705,train
3,1,706,train
3,1,708,train
3,1,710,train
3,1,711,train
3,1,712,train
3,1,713,train
3,1,714,train
3,1,715,train
3,1,716,train
3,1,717,train
3,1,718,train
3,1,719,train
3,1,720,train
3,1,721,train
3,1,722,train
3,1,723,train
3,1,724,train
3,1,725,train
3,1,726,train
3,1,729,train
3,1,730,train
3,1,731,train
3,1,732,train
3,1,733,train
3,1,734,train
3,1,735,train
3,1,736,train
3,1,737,train
3,1,738,train
3,1,740,train
3,1,741,train
3,1,742,train
3,1,744,train
3,1,746,train
3,1,747,train
3,1,749,train
3,1,750,train
3,1,751,train
3,1,752,train
3,1,753,train
3,1,754,train
3,1,755,train
3,1,756,train
3,1,758,train
3,1,760,train
3,1,761,train
3,1,762,train
3,1,763,train
3,1,764,train
3,1,765,train
3,1,766,train
3,1,768,train
3,1,769,train
3,1,771,train
3,1,772,train
3,1,773,train
3,1,774,train
3,1,776,train
3,1,777,train
3,1,778,train
3,1,779,train
3,1,780,train
3,1,781,train
3,1,782,train
3,1,783,train
3,1,784,train
3,1,785,train
3,1,787,train
3,1,788,train
3,1,789,train
3,1,791,train
3,1,792,train
3,1,793,train
3,1,794,train
3,1,796,train
3,1,798,train
3,1,799,train
3,1,800,train
3,1,801,train
3,1,803,train
3,1,804,train
3,1,809,train
3,1,811,train
3,1,814,train
3,1,815,train
3,1,816,train
3,1,817,train
3,1,819,train
3,1,820,train
3,1,821,train
3,1,822,train
3,1,823,train
3,1,824,train
3,1,825,train
3,1,826,train
3,1,827,train
3,1,829,train
3,1,830,train
3,1,831,train
3,1,833,train
3,1,835,train
3,1,837,train
3,1,838,train
3,1,839,train
3,1,840,train
3,1,841,train
3,1,842,train
3,1,843,train
3,1,844,train
3,1,845,train
3,1,846,train
3,1,847,train
3,1,849,train
3,1,851,train
3,1,852,train
3,1,853,train
3,1,854,train
3,1,855,train
3,1,856,train
3,1,857,train
3,1,858,train
3,1,860,train
3,1,861,train
3,1,862,train
3,1,863,train
3,1,864,train
3,1,865,train
3,1,866,train
3,1,867,train
3,1,868,train
3,1,871,train
3,1,872,train
3,1,873,train
3,1,874,train
3,1,875,train
3,1,876,train
3,1,877,train
3,1,879,train
3,1,880,train
3,1,881,train
3,1,882,train
3,1,883,train
3,1,884,train
3,1,885,train
3,1,886,train
3,1,887,train
3,1,888,train
3,1,890,train
3,1,891,train
3,1,892,train
3,1,893,train
3,1,894,train
3,1,895,train
3,1,896,train
3,1,897,train
3,1,899,train
3,1,900,train
3,1,902,train
3,1,903,train
3,1,904,train
3,1,905,train
3,1,906,train
3,1,907,train
3,1,908,train
3,1,909,train
3,1,911,train
3,1,912,train
3,1,913,train
3,1,914,train
3,1,916,train
3,1,917,train
3,1,918,train
3,1,919,train
3,1,920,train
3,1,922,train
3,1,923,train
3,1,924,train
3,1,925,train
3,1,926,train
3,1,927,train
3,1,928,train
3,1,929,train
3,1,930,train
3,1,931,train
3,1,933,train
3,1,934,train
3,1,935,train
3,1,936,train
3,1,937,train
3,1,939,train
3,1,940,train
3,1,942,train
3,1,943,train
3,1,945,train
3,1,946,train
3,1,947,train
3,1,948,train
3,1,949,train
3,1,950,train
3,1,951,train
3,1,952,train
3,1,953,train
3,1,954,train
3,1,955,train
3,1,956,train
3,1,957,train
3,1,958,train
3,1,959,train
3,1,960,train
3,1,961,train
3,1,962,train
3,1,966,train
3,1,967,train
3,1,968,train
3,1,971,train
3,1,972,train
3,1,974,train
3,1,975,train
3,1,976,train
3,1,977,train
3,1,979,train
3,1,980,train
3,1,981,train
3,1,983,train
3,1,984,train
3,1,985,train
3,1,986,train
3,1,987,train
3,1,988,train
3,1,989,train
3,1,990,train
3,1,991,train
3,1,992,train
3,1,993,train
3,1,994,train
3,1,995,train
3,1,996,train
3,1,998,train
3,1,999,train
3,1,1000,train
3,1,1001,train
3,1,1002,train
3,1,1003,train
3,1,1005,train
3,1,1006,train
3,1,1007,train
3,1,1008,train
3,1,1009,train
3,1,1010,train
3,1,1011,train
3,1,1012,train
3,1,1013,train
3,1,1014,train
3,1,1015,train
3,1,1016,train
3,1,1017,train
3,1,1018,train
3,1,1019,train
3,1,1020,train
3,1,1021,train
3,1,1022,train
3,1,1024,train
3,1,1025,train
3,1,1026,train
3,1,1027,train
3,1,1028,train
3,1,1029,train
3,1,1030,train
3,1,1031,train
3,1,1032,train
3,1,1033,train
3,1,1034,train
3,1,1035,train
3,1,1036,train
3,1,1038,train
3,1,1039,train
3,1,1040,train
3,1,1041,train
3,1,1042,train
3,1,1043,train
3,1,1044,train
3,1,1045,train
3,1,1047,train
3,1,1048,train
3,1,1050,train
3,1,1051,train
3,1,1052,train
3,1,1053,train
3,1,1054,train
3,1,1055,train
3,1,1056,train
3,1,1058,train
3,1,1060,train
3,1,1061,train
3,1,1062,train
3,1,1063,train
3,1,1065,train
3,1,1067,train
3,1,1068,train
3,1,1069,train
3,1,1070,train
3,1,1071,train
3,1,1072,train
3,1,1073,train
3,1,1076,train
3,1,1077,train
3,1,1078,train
3,1,1079,train
3,1,1080,train
3,1,1081,train
3,1,1082,train
3,1,1083,train
3,1,1084,train
3,1,1086,train
3,1,1087,train
3,1,1088,train
3,1,1089,train
3,1,1090,train
3,1,1091,train
3,1,1092,train
3,1,1096,train
3,1,1097,train
3,1,1098,train
3,1,0,valid
3,1,7,valid
3,1,12,valid
3,1,16,valid
3,1,17,valid
3,1,18,valid
3,1,23,valid
3,1,26,valid
3,1,27,valid
3,1,29,valid
3,1,31,valid
3,1,32,valid
3,1,38,valid
3,1,41,valid
3,1,48,valid
3,1,53,valid
3,1,58,valid
3,1,61,valid
3,1,63,valid
3,1,65,valid
3,1,66,valid
3,1,69,valid
3,1,70,valid
3,1,75,valid
3,1,79,valid
3,1,83,valid
3,1,84,valid
3,1,87,valid
3,1,89,valid
3,1,90,valid
3,1,123,valid
3,1,124,valid
3,1,128,valid
3,1,129,valid
3,1,130,valid
3,1,135,valid
3,1,137,valid
3,1,143,valid
3,1,144,valid
3,1,151,valid
3,1,152,valid
3,1,172,valid
3,1,178,valid
3,1,181,valid
3,1,183,valid
3,1,199,valid
3,1,204,valid
3,1,210,valid
3,1,211,valid
3,1,212,valid
3,1,214,valid
3,1,215,valid
3,1,218,valid
3,1,220,valid
3,1,223,valid
3,1,235,valid
3,1,236,valid
3,1,243,valid
3,1,246,valid
3,1,249,valid
3,1,256,valid
3,1,258,valid
3,1,259,valid
3,1,261,valid
3,1,272,valid
3,1,281,valid
3,1,284,valid
3,1,293,valid
3,1,302,valid
3,1,306,valid
3,1,309,valid
3,1,310,valid
3,1,315,valid
3,1,317,valid
3,1,320,valid
3,1,322,valid
3,1,341,valid
3,1,344,valid
3,1,357,valid
3,1,359,valid
3,1,362,valid
3,1,364,valid
3,1,365,valid
3,1,367,valid
3,1,369,valid
3,1,370,valid
3,1,376,valid
3,1,377,valid
3,1,380,valid
3,1,385,valid
3,1,393,valid
3,1,396,valid
3,1,409,valid
3,1,410,valid
3,1,418,valid
3,1,420,valid
3,1,423,valid
3,1,426,valid
3,1,427,valid
3,1,428,valid
3,1,432,valid
3,1,435,valid
3,1,438,valid
3,1,447,valid
3,1,449,valid
3,1,457,valid
3,1,460,valid
3,1,464,valid
3,1,469,valid
3,1,472,valid
3,1,473,valid
3,1,476,valid
3,1,487,valid
3,1,491,valid
3,1,502,valid
3,1,506,valid
3,1,508,valid
3,1,513,valid
3,1,534,valid
3,1,540,valid
3,1,544,valid
3,1,546,valid
3,1,551,valid
3,1,554,valid
3,1,558,valid
3,1,559,valid
3,1,562,valid
3,1,569,valid
3,1,579,valid
3,1,589,valid
3,1,592,valid
3,1,594,valid
3,1,598,valid
3,1,601,valid
3,1,604,valid
3,1,609,valid
3,1,623,valid
3,1,630,valid
3,1,637,valid
3,1,647,valid
3,1,648,valid
3,1,652,valid
3,1,656,valid
3,1,658,valid
3,1,664,valid
3,1,679,valid
3,1,682,valid
3,1,692,valid
3,1,695,valid
3,1,699,valid
3,1,703,valid
3,1,707,valid
3,1,709,valid
3,1,727,valid
3,1,728,valid
3,1,739,valid
3,1,743,valid
3,1,745,valid
3,1,748,valid
3,1,757,valid
3,1,759,valid
3,1,767,valid
3,1,770,valid
3,1,775,valid
3,1,786,valid
3,1,790,valid
3,1,795,valid
3,1,797,valid
3,1,802,valid
3,1,806,valid
3,1,807,valid
3,1,808,valid
3,1,810,valid
3,1,812,valid
3,1,813,valid
3,1,818,valid
3,1,828,valid
3,1,832,valid
3,1,834,valid
3,1,836,valid
3,1,848,valid
3,1,850,valid
3,1,859,valid
3,1,869,valid
3,1,870,valid
3,1,878,valid
3,1,898,valid
3,1,901,valid
3,1,910,valid
3,1,915,valid
3,1,921,valid
3,1,932,valid
3,1,938,valid
3,1,941,valid
3,1,944,valid
3,1,963,valid
3,1,964,valid
3,1,965,valid
3,1,969,valid
3,1,970,valid
3,1,973,valid
3,1,978,valid
3,1,982,valid
3,1,997,valid
3,1,1004,valid
3,1,1023,valid
3,1,1037,valid
3,1,1046,valid
3,1,1049,valid
3,1,1057,valid
3,1,1059,valid
3,1,1064,valid
3,1,1066,valid
3,1,1074,valid
3,1,1075,valid
3,1,1085,valid
3,1,1093,valid
3,1,1094,valid
3,1,1095,valid
3,1,1099,valid
3,2,0,train
3,2,1,train
3,2,3,train
3,2,4,train
3,2,5,train
3,2,6,train
3,2,7,train
3,2,8,train
3,2,9,train
3,2,11,train
3,2,12,train
3,2,13,train
3,2,15,train
3,2,16,train
3,2,17,train
3,2,18,train
3,2,19,train
3,2,20,train
3,2,22,train
3,2,23,train
3,2,24,train
3,2,25,train
3,2,26,train
3,2,27,train
3,2,29,train
3,2,30,train
3,2,31,train
3,2,32,train
3,2,33,train
3,2,35,train
3,2,36,train
3,2,37,train
3,2,38,train
3,2,40,train
3,2,41,train
3,2,42,train
3,2,45,train
3,2,46,train
3,2,47,train
3,2,48,train
3,2,49,train
3,2,52,train
3,2,53,train
3,2,55,train
3,2,56,train
3,2,57,train
3,2,58,train
3,2,59,train
3,2,60,train
3,2,61,train
3,2,63,train
3,2,65,train
3,2,66,train
3,2,69,train
3,2,70,train
3,2,72,train
3,2,74,train
3,2,75,train
3,2,76,train
3,2,77,train
3,2,78,train
3,2,79,train
3,2,80,train
3,2,81,train
3,2,82,train
3,2,83,train
3,2,84,train
3,2,85,train
3,2,87,train
3,2,88,train
3,2,89,train
3,2,90,train
3,2,92,train
3,2,93,train
3,2,94,train
3,2,96,train
3,2,97,train
3,2,100,train
3,2,101,train
3,2,102,train
3,2,103,train
3,2,106,train
3,2,107,train
3,2,108,train
3,2,109,train
3,2,113,train
3,2,114,train
3,2,115,train
3,2,116,train
3,2,117,train
3,2,118,train
3,2,119,train
3,2,120,train
3,2,122,train
3,2,123,train
3,2,124,train
3,2,125,train
3,2,126,train
3,2,127,train
3,2,128,train
3,2,129,train
3,2,130,train
3,2,131,train
3,2,132,train
3,2,133,train
3,2,134,train
3,2,135,train
3,2,137,train
3,2,138,train
3,2,139,train
3,2,140,train
3,2,141,train
3,2,143,train
3,2,144,train
3,2,145,train
3,2,146,train
3,2,147,train
3,2,148,train
3,2,149,train
3,2,150,train
3,2,151,train
3,2,152,train
3,2,153,train
3,2,154,train
3,2,155,train
3,2,156,train
3,2,157,train
3,2,158,train
3,2,163,train
3,2,164,train
3,2,166,train
3,2,168,train
3,2,169,train
3,2,172,train
3,2,174,train
3,2,175,train
3,2,176,train
3,2,178,train
3,2,179,train
3,2,180,train
3,2,181,train
3,2,182,train
3,2,183,train
3,2,184,train
3,2,185,train
3,2,186,train
3,2,187,train
3,2,188,train
3,2,189,train
3,2,191,train
3,2,192,train
3,2,194,train
3,2,196,train
3,2,197,train
3,2,199,train
3,2,200,train
3,2,201,train
3,2,202,train
3,2,204,train
3,2,206,train
3,2,207,train
3,2,210,train
3,2,211,train
3,2,212,train
3,2,214,train
3,2,215,train
3,2,217,train
3,2,218,train
3,2,219,train
3,2,220,train
3,2,221,train
3,2,222,train
3,2,223,train
3,2,224,train
3,2,225,train
3,2,227,train
3,2,230,train
3,2,231,train
3,2,232,train
3,2,234,train
3,2,235,train
3,2,236,train
3,2,237,train
3,2,238,train
3,2,240,train
3,2,242,train
3,2,243,train
3,2,245,train
3,2,246,train
3,2,247,train
3,2,248,train
3,2,249,train
3,2,251,train
3,2,253,train
3,2,254,train
3,2,255,train
3,2,256,train
3,2,257,train
3,2,258,train
3,2,259,train
3,2,260,train
3,2,261,train
3,2,262,train
3,2,263,train
3,2,265,train
3,2,266,train
3,2,267,train
3,2,269,train
3,2,271,train
3,2,272,train
3,2,273,train
3,2,274,train
3,2,275,train
3,2,276,train
3,2,277,train
3,2,279,train
3,2,280,train
3,2,281,train
3,2,282,train
3,2,283,train
3,2,284,train
3,2,285,train
3,2,286,train
3,2,288,train
3,2,289,train
3,2,291,train
3,2,293,train
3,2,294,train
3,2,296,train
3,2,297,train
3,2,298,train
3,2,299,train
3,2,300,train
3,2,301,train
3,2,302,train
3,2,303,train
3,2,305,train
3,2,306,train
3,2,307,train
3,2,308,train
3,2,309,train
3,2,310,train
3,2,311,train
3,2,312,train
3,2,313,train
3,2,314,train
3,2,315,train
3,2,316,train
3,2,317,train
3,2,319,train
3,2,320,train
3,2,321,train
3,2,322,train
3,2,323,train
3,2,324,train
3,2,325,train
3,2,326,train
3,2,327,train
3,2,328,train
3,2,329,train
3,2,330,train
3,2,331,train
3,2,332,train
3,2,334,train
3,2,336,train
3,2,339,train
3,2,340,train
3,2,341,train
3,2,342,train
3,2,343,train
3,2,344,train
3,2,346,train
3,2,347,train
3,2,349,train
3,2,350,train
3,2,351,train
3,2,354,train
3,2,355,train
3,2,356,train
3,2,357,train
3,2,358,train
3,2,359,train
3,2,360,train
3,2,361,train
3,2,362,train
3,2,363,train
3,2,364,train
3,2,365,train
3,2,367,train
3,2,368,train
3,2,369,train
3,2,370,train
3,2,371,train
3,2,375,train
3,2,376,train
3,2,377,train
3,2,378,train
3,2,379,train
3,2,380,train
3,2,382,train
3,2,384,train
3,2,385,train
3,2,386,train
3,2,388,train
3,2,390,train
3,2,392,train
3,2,393,train
3,2,395,train
3,2,396,train
3,2,397,train
3,2,398,train
3,2,399,train
3,2,400,train
3,2,401,train
3,2,403,train
3,2,404,train
3,2,405,train
3,2,407,train
3,2,408,train
3,2,409,train
3,2,410,train
3,2,411,train
3,2,412,train
3,2,415,train
3,2,416,train
3,2,417,train
3,2,418,train
3,2,419,train
3,2,420,train
3,2,421,train
3,2,423,train
3,2,424,train
3,2,425,train
3,2,426,train
3,2,427,train
3,2,428,train
3,2,429,train
3,2,430,train
3,2,431,train
3,2,432,train
3,2,433,train
3,2,434,train
3,2,435,train
3,2,436,train
3,2,437,train
3,2,438,train
3,2,439,train
3,2,441,train
3,2,443,train
3,2,444,train
3,2,445,train
3,2,446,train
3,2,447,train
3,2,448,train
3,2,449,train
3,2,450,train
3,2,451,train
3,2,452,train
3,2,454,train
3,2,457,train
3,2,458,train
3,2,459,train
3,2,460,train
3,2,462,train
3,2,463,train
3,2,464,train
3,2,465,train
3,2,467,train
3,2,468,train
3,2,469,train
3,2,470,train
3,2,472,train
3,2,473,train
3,2,474,train
3,2,476,train
3,2,477,train
3,2,479,train
3,2,480,train
3,2,481,train
3,2,482,train
3,2,483,train
3,2,484,train
3,2,485,train
3,2,486,train
3,2,487,train
3,2,490,train
3,2,491,train
3,2,492,train
3,2,493,train
3,2,494,train
3,2,495,train
3,2,496,train
3,2,497,train
3,2,498,train
3,2,499,train
3,2,502,train
3,2,503,train
3,2,504,train
3,2,505,train
3,2,506,train
3,2,507,train
3,2,508,train
3,2,509,train
3,2,511,train
3,2,513,train
3,2,514,train
3,2,516,train
3,2,517,train
3,2,518,train
3,2,519,train
3,2,521,train
3,2,522,train
3,2,524,train
3,2,525,train
3,2,526,train
3,2,528,train
3,2,530,train
3,2,531,train
3,2,532,train
3,2,533,train
3,2,534,train
3,2,535,train
3,2,536,train
3,2,539,train
3,2,540,train
3,2,541,train
3,2,542,train
3,2,543,train
3,2,544,train
3,2,545,train
3,2,546,train
3,2,547,train
3,2,550,train
3,2,551,train
3,2,552,train
3,2,553,train
3,2,554,train
3,2,555,train
3,2,556,train
3,2,558,train
3,2,559,train
3,2,560,train
3,2,561,train
3,2,562,train
3,2,565,train
3,2,566,train
3,2,567,train
3,2,568,train
3,2,569,train
3,2,570,train
3,2,571,train
3,2,572,train
3,2,573,train
3,2,574,train
3,2,575,train
3,2,576,train
3,2,577,train
3,2,579,train
3,2,580,train
3,2,581,train
3,2,582,train
3,2,584,train
3,2,586,train
3,2,587,train
3,2,589,train
3,2,590,train
3,2,591,train
3,2,592,train
3,2,593,train
3,2,594,train
3,2,595,train
3,2,596,train
3,2,597,train
3,2,598,train
3,2,600,train
3,2,601,train
3,2,602,train
3,2,604,train
3,2,605,train
3,2,607,train
3,2,608,train
3,2,609,train
3,2,610,train
3,2,612,train
3,2,613,train
3,2,614,train
3,2,615,train
3,2,616,train
3,2,617,train
3,2,618,train
3,2,619,train
3,2,620,train
3,2,621,train
3,2,622,train
3,2,623,train
3,2,624,train
3,2,625,train
3,2,626,train
3,2,628,train
3,2,630,train
3,2,632,train
3,2,635,train
3,2,636,train
3,2,637,train
3,2,638,train
3,2,639,train
3,2,640,train
3,2,642,train
3,2,643,train
3,2,644,train
3,2,647,train
3,2,648,train
3,2,649,train
3,2,650,train
3,2,651,train
3,2,652,train
3,2,653,train
3,2,654,train
3,2,655,train
3,2,656,train
3,2,657,train
3,2,658,train
3,2,659,train
3,2,660,train
3,2,663,train
3,2,664,train
3,2,665,train
3,2,666,train
3,2,667,train
3,2,668,train
3,2,669,train
3,2,670,train
3,2,672,train
3,2,673,train
3,2,674,train
3,2,675,train
3,2,677,train
3,2,678,train
3,2,679,train
3,2,680,train
3,2,681,train
3,2,682,train
3,2,683,train
3,2,684,train
3,2,685,train
3,2,686,train
3,2,687,train
3,2,688,train
3,2,689,train
3,2,690,train
3,2,691,train
3,2,692,train
3,2,693,train
3,2,694,train
3,2,695,train
3,2,697,train
3,2,699,train
3,2,700,train
3,2,701,train
3,2,702,train
3,2,703,train
3,2,705,train
3,2,707,train
3,2,708,train
3,2,709,train
3,2,710,train
3,2,711,train
3,2,712,train
3,2,714,train
3,2,715,train
3,2,718,train
3,2,719,train
3,2,720,train
3,2,721,train
3,2,722,train
3,2,723,train
3,2,724,train
3,2,725,train
3,2,727,train
3,2,728,train
3,2,729,train
3,2,731,train
3,2,732,train
3,2,733,train
3,2,735,train
3,2,737,train
3,2,738,train
3,2,739,train
3,2,740,train
3,2,742,train
3,2,743,train
3,2,744,train
3,2,745,train
3,2,746,train
3,2,747,train
3,2,748,train
3,2,750,train
3,2,751,train
3,2,752,train
3,2,753,train
3,2,754,train
3,2,755,train
3,2,756,train
3,2,757,train
3,2,758,train
3,2,759,train
3,2,760,train
3,2,762,train
3,2,763,train
3,2,764,train
3,2,765,train
3,2,766,train
3,2,767,train
3,2,768,train
3,2,769,train
3,2,770,train
3,2,771,train
3,2,772,train
3,2,773,train
3,2,774,train
3,2,775,train
3,2,776,train
3,2,777,train
3,2,778,train
3,2,779,train
3,2,780,train
3,2,782,train
3,2,784,train
3,2,785,train
3,2,786,train
3,2,787,train
3,2,789,train
3,2,790,train
3,2,791,train
3,2,792,train
3,2,793,train
3,2,794,train
3,2,795,train
3,2,797,train
3,2,798,train
3,2,799,train
3,2,800,train
3,2,801,train
3,2,802,train
3,2,806,train
3,2,807,train
3,2,808,train
3,2,809,train
3,2,810,train
3,2,811,train
3,2,812,train
3,2,813,train
3,2,814,train
3,2,815,train
3,2,816,train
3,2,817,train
3,2,818,train
3,2,819,train
3,2,820,train
3,2,821,train
3,2,822,train
3,2,824,train
3,2,825,train
3,2,826,train
3,2,827,train
3,2,828,train
3,2,829,train
3,2,831,train
3,2,832,train
3,2,833,train
3,2,834,train
3,2,836,train
3,2,837,train
3,2,838,train
3,2,839,train
3,2,840,train
3,2,841,train
3,2,842,train
3,2,843,train
3,2,845,train
3,2,848,train
3,2,849,train
3,2,850,train
3,2,851,train
3,2,852,train
3,2,853,train
3,2,854,train
3,2,855,train
3,2,858,train
3,2,859,train
3,2,861,train
3,2,862,train
3,2,863,train
3,2,864,train
3,2,865,train
3,2,866,train
3,2,867,train
3,2,868,train
3,2,869,train
3,2,870,train
3,2,871,train
3,2,872,train
3,2,875,train
3,2,876,train
3,2,878,train
3,2,879,train
3,2,880,train
3,2,881,train
3,2,882,train
3,2,884,train
3,2,885,train
3,2,887,train
3,2,888,train
3,2,890,train
3,2,892,train
3,2,894,train
3,2,895,train
3,2,897,train
3,2,898,train
3,2,900,train
3,2,901,train
3,2,903,train
3,2,904,train
3,2,905,train
3,2,907,train
3,2,908,train
3,2,909,train
3,2,910,train
3,2,911,train
3,2,912,train
3,2,913,train
3,2,914,train
3,2,915,train
3,2,916,train
3,2,918,train
3,2,919,train
3,2,920,train
3,2,921,train
3,2,922,train
3,2,923,train
3,2,925,train
3,2,926,train
3,2,927,train
3,2,928,train
3,2,929,train
3,2,930,train
3,2,931,train
3,2,932,train
3,2,933,train
3,2,934,train
3,2,936,train
3,2,937,train
3,2,938,train
3,2,939,train
3,2,940,train
3,2,941,train
3,2,942,train
3,2,943,train
3,2,944,train
3,2,946,train
3,2,947,train
3,2,949,train
3,2,950,train
3,2,951,train
3,2,953,train
3,2,954,train
3,2,955,train
3,2,956,train
3,2,958,train
3,2,959,train
3,2,960,train
3,2,961,train
3,2,963,train
3,2,964,train
3,2,965,train
3,2,966,train
3,2,968,train
3,2,969,train
3,2,970,train
3,2,971,train
3,2,972,train
3,2,973,train
3,2,974,train
3,2,975,train
3,2,977,train
3,2,978,train
3,2,980,train
3,2,981,train
3,2,982,train
3,2,983,train
3,2,984,train
3,2,985,train
3,2,986,train
3,2,987,train
3,2,988,train
3,2,989,train
3,2,991,train
3,2,992,train
3,2,993,train
3,2,995,train
3,2,997,train
3,2,998,train
3,2,1001,train
3,2,1002,train
3,2,1003,train
3,2,1004,train
3,2,1006,train
3,2,1007,train
3,2,1008,train
3,2,1009,train
3,2,1010,train
3,2,1011,train
3,2,1012,train
3,2,1013,train
3,2,1014,train
3,2,1016,train
3,2,1017,train
3,2,1020,train
3,2,1021,train
3,2,1023,train
3,2,1027,train
3,2,1028,train
3,2,1029,train
3,2,1030,train
3,2,1031,train
3,2,1032,train
3,2,1033,train
3,2,1034,train
3,2,1035,train
3,2,1037,train
3,2,1038,train
3,2,1039,train
3,2,1040,train
3,2,1041,train
3,2,1042,train
3,2,1043,train
3,2,1046,train
3,2,1048,train
3,2,1049,train
3,2,1050,train
3,2,1051,train
3,2,1053,train
3,2,1054,train
3,2,1056,train
3,2,1057,train
3,2,1058,train
3,2,1059,train
3,2,1060,train
3,2,1061,train
3,2,1063,train
3,2,1064,train
3,2,1065,train
3,2,1066,train
3,2,1067,train
3,2,1068,train
3,2,1069,train
3,2,1070,train
3,2,1073,train
3,2,1074,train
3,2,1075,train
3,2,1077,train
3,2,1080,train
3,2,1082,train
3,2,1083,train
3,2,1084,train
3,2,1085,train
3,2,1086,train
3,2,1088,train
3,2,1089,train
3,2,1090,train
3,2,1091,train
3,2,1092,train
3,2,1093,train
3,2,1094,train
3,2,1095,train
3,2,1096,train
3,2,1097,train
3,2,1099,train
3,2,2,valid
3,2,10,valid
3,2,14,valid
3,2,21,valid
3,2,28,valid
3,2,34,valid
3,2,39,valid
3,2,43,valid
3,2,44,valid
3,2,50,valid
3,2,51,valid
3,2,54,valid
3,2,62,valid
3,2,64,valid
3,2,67,valid
3,2,68,valid
3,2,71,valid
3,2,73,valid
3,2,86,valid
3,2,91,valid
3,2,95,valid
3,2,98,valid
3,2,99,valid
3,2,104,valid
3,2,105,valid
3,2,110,valid
3,2,111,valid
3,2,112,valid
3,2,121,valid
3,2,136,valid
3,2,142,valid
3,2,159,valid
3,2,160,valid
3,2,161,valid
3,2,162,valid
3,2,165,valid
3,2,167,valid
3,2,170,valid
3,2,171,valid
3,2,173,valid
3,2,177,valid
3,2,190,valid
3,2,193,valid
3,2,195,valid
3,2,198,valid
3,2,203,valid
3,2,205,valid
3,2,208,valid
3,2,209,valid
3,2,213,valid
3,2,216,valid
3,2,226,valid
3,2,228,valid
3,2,229,valid
3,2,233,valid
3,2,239,valid
3,2,241,valid
3,2,244,valid
3,2,250,valid
3,2,252,valid
3,2,264,valid
3,2,268,valid
3,2,270,valid
3,2,278,valid
3,2,287,valid
3,2,290,valid
3,2,292,valid
3,2,295,valid
3,2,304,valid
3,2,318,valid
3,2,333,valid
3,2,335,valid
3,2,337,valid
3,2,338,valid
3,2,345,valid
3,2,348,valid
3,2,352,valid
3,2,353,valid
3,2,366,valid
3,2,372,valid
3,2,373,valid
3,2,374,valid
3,2,381,valid
3,2,383,valid
3,2,387,valid
3,2,389,valid
3,2,391,valid
3,2,394,valid
3,2,402,valid
3,2,406,valid
3,2,413,valid
3,2,414,valid
3,2,422,valid
3,2,440,valid
3,2,442,valid
3,2,453,valid
3,2,455,valid
3,2,456,valid
3,2,461,valid
3,2,466,valid
3,2,471,valid
3,2,475,valid
3,2,478,valid
3,2,488,valid
3,2,489,valid
3,2,500,valid
3,2,501,valid
3,2,510,valid
3,2,512,valid
3,2,515,valid
3,2,520,valid
3,2,523,valid
3,2,527,valid
3,2,529,valid
3,2,537,valid
3,2,538,valid
3,2,548,valid
3,2,549,valid
3,2,557,valid
3,2,563,valid
3,2,564,valid
3,2,578,valid
3,2,583,valid
3,2,585,valid
3,2,588,valid
3,2,599,valid
3,2,603,valid
3,2,606,valid
3,2,611,valid
3,2,627,valid
3,2,629,valid
3,2,631,valid
3,2,633,valid
3,2,634,valid
3,2,641,valid
3,2,645,valid
3,2,646,valid
3,2,661,valid
3,2,662,valid
3,2,671,valid
3,2,676,valid
3,2,696,valid
3,2,698,valid
3,2,704,valid
3,2,706,valid
3,2,713,valid
3,2,716,valid
3,2,717,valid
3,2,726,valid
3,2,730,valid
3,2,734,valid
3,2,736,valid
3,2,741,valid
3,2,749,valid
3,2,761,valid
3,2,781,valid
3,2,783,valid
3,2,788,valid
3,2,796,valid
3,2,803,valid
3,2,804,valid
3,2,823,valid
3,2,830,valid
3,2,835,valid
3,2,844,valid
3,2,846,valid
3,2,847,valid
3,2,856,valid
3,2,857,valid
3,2,860,valid
3,2,873,valid
3,2,874,valid
3,2,877,valid
3,2,883,valid
3,2,886,valid
3,2,891,valid
3,2,893,valid
3,2,896,valid
3,2,899,valid
3,2,902,valid
3,2,906,valid
3,2,917,valid
3,2,924,valid
3,2,935,valid
3,2,945,valid
3,2,948,valid
3,2,952,valid
3,2,957,valid
3,2,962,valid
3,2,967,valid
3,2,976,valid
3,2,979,valid
3,2,990,valid
3,2,994,valid
3,2,996,valid
3,2,999,valid
3,2,1000,valid
3,2,1005,valid
3,2,1015,valid
3,2,1018,valid
3,2,1019,valid
3,2,1022,valid
3,2,1024,valid
3,2,1025,valid
3,2,1026,valid
3,2,1036,valid
3,2,1044,valid
3,2,1045,valid
3,2,1047,valid
3,2,1052,valid
3,2,1055,valid
3,2,1062,valid
3,2,1071,valid
3,2,1072,valid
3,2,1076,valid
3,2,1078,valid
3,2,1079,valid
3,2,1081,valid
3,2,1087,valid
3,2,1098,valid
3,3,0,train
3,3,2,train
3,3,3,train
3,3,4,train
3,3,5,train
3,3,6,train
3,3,7,train
3,3,8,train
3,3,9,train
3,3,10,train
3,3,12,train
3,3,13,train
3,3,14,train
3,3,15,train
3,3,16,train
3,3,17,train
3,3,18,train
3,3,19,train
3,3,20,train
3,3,21,train
3,3,23,train
3,3,24,train
3,3,26,train
3,3,27,train
3,3,28,train
3,3,29,train
3,3,31,train
3,3,32,train
3,3,33,train
3,3,34,train
3,3,35,train
3,3,36,train
3,3,37,train
3,3,38,train
3,3,39,train
3,3,41,train
3,3,42,train
3,3,43,train
3,3,44,train
3,3,46,train
3,3,47,train
3,3,48,train
3,3,50,train
3,3,51,train
3,3,52,train
3,3,53,train
3,3,54,train
3,3,58,train
3,3,59,train
3,3,60,train
3,3,61,train
3,3,62,train
3,3,63,train
3,3,64,train
3,3,65,train
3,3,66,train
3,3,67,train
3,3,68,train
3,3,69,train
3,3,70,train
3,3,71,train
3,3,73,train
3,3,74,train
3,3,75,train
3,3,76,train
3,3,77,train
3,3,78,train
3,3,79,train
3,3,80,train
3,3,81,train
3,3,82,train
3,3,83,train
3,3,84,train
3,3,85,train
3,3,86,train
3,3,87,train
3,3,88,train
3,3,89,train
3,3,90,train
3,3,91,train
3,3,92,train
3,3,95,train
3,3,96,train
3,3,97,train
3,3,98,train
3,3,99,train
3,3,102,train
3,3,104,train
3,3,105,train
3,3,106,train
3,3,109,train
3,3,110,train
3,3,111,train
3,3,112,train
3,3,113,train
3,3,114,train
3,3,115,train
3,3,116,train
3,3,117,train
3,3,118,train
3,3,121,train
3,3,123,train
3,3,124,train
3,3,125,train
3,3,127,train
3,3,128,train
3,3,129,train
3,3,130,train
3,3,131,train
3,3,134,train
3,3,135,train
3,3,136,train
3,3,137,train
3,3,140,train
3,3,141,train
3,3,142,train
3,3,143,train
3,3,144,train
3,3,145,train
3,3,147,train
3,3,150,train
3,3,151,train
3,3,152,train
3,3,153,train
3,3,154,train
3,3,155,train
3,3,156,train
3,3,158,train
3,3,159,train
3,3,160,train
3,3,161,train
3,3,162,train
3,3,165,train
3,3,166,train
3,3,167,train
3,3,168,train
3,3,169,train
3,3,170,train
3,3,171,train
3,3,172,train
3,3,173,train
3,3,174,train
3,3,177,train
3,3,178,train
3,3,179,train
3,3,180,train
3,3,181,train
3,3,183,train
3,3,184,train
3,3,185,train
3,3,186,train
3,3,187,train
3,3,188,train
3,3,190,train
3,3,191,train
3,3,192,train
3,3,193,train
3,3,195,train
3,3,197,train
3,3,198,train
3,3,199,train
3,3,203,train
3,3,204,train
3,3,205,train
3,3,208,train
3,3,209,train
3,3,210,train
3,3,211,train
3,3,212,train
3,3,213,train
3,3,214,train
3,3,215,train
3,3,216,train
3,3,217,train
3,3,218,train
3,3,219,train
3,3,220,train
3,3,221,train
3,3,223,train
3,3,225,train
3,3,226,train
3,3,227,train
3,3,228,train
3,3,229,train
3,3,231,train
3,3,233,train
3,3,234,train
3,3,235,train
3,3,236,train
3,3,237,train
3,3,238,train
3,3,239,train
3,3,240,train
3,3,241,train
3,3,242,train
3,3,243,train
3,3,244,train
3,3,246,train
3,3,247,train
3,3,248,train
3,3,249,train
3,3,250,train
3,3,251,train
3,3,252,train
3,3,253,train
3,3,255,train
3,3,256,train
3,3,257,train
3,3,258,train
3,3,259,train
3,3,261,train
3,3,263,train
3,3,264,train
3,3,265,train
3,3,266,train
3,3,267,train
3,3,268,train
3,3,269,train
3,3,270,train
3,3,271,train
3,3,272,train
3,3,273,train
3,3,274,train
3,3,275,train
3,3,278,train
3,3,280,train
3,3,281,train
3,3,282,train
3,3,283,train
3,3,284,train
3,3,286,train
3,3,287,train
3,3,288,train
3,3,290,train
3,3,292,train
3,3,293,train
3,3,294,train
3,3,295,train
3,3,296,train
3,3,297,train
3,3,298,train
3,3,300,train
3,3,301,train
3,3,302,train
3,3,303,train
3,3,304,train
3,3,305,train
3,3,306,train
3,3,308,train
3,3,309,train
3,3,310,train
3,3,313,train
3,3,314,train
3,3,315,train
3,3,317,train
3,3,318,train
3,3,319,train
3,3,320,train
3,3,322,train
3,3,324,train
3,3,327,train
3,3,329,train
3,3,330,train
3,3,331,train
3,3,332,train
3,3,333,train
3,3,334,train
3,3,335,train
3,3,337,train
3,3,338,train
3,3,339,train
3,3,341,train
3,3,342,train
3,3,343,train
3,3,344,train
3,3,345,train
3,3,346,train
3,3,347,train
3,3,348,train
3,3,349,train
3,3,350,train
3,3,351,train
3,3,352,train
3,3,353,train
3,3,354,train
3,3,355,train
3,3,356,train
3,3,357,train
3,3,358,train
3,3,359,train
3,3,360,train
3,3,361,train
3,3,362,train
3,3,363,train
3,3,364,train
3,3,365,train
3,3,366,train
3,3,367,train
3,3,369,train
3,3,370,train
3,3,371,train
3,3,372,train
3,3,373,train
3,3,374,train
3,3,375,train
3,3,376,train
3,3,377,train
3,3,378,train
3,3,380,train
3,3,381,train
3,3,383,train
3,3,385,train
3,3,386,train
3,3,387,train
3,3,389,train
3,3,390,train
3,3,391,train
3,3,392,train
3,3,393,train
3,3,394,train
3,3,396,train
3,3,397,train
3,3,399,train
3,3,400,train
3,3,401,train
3,3,402,train
3,3,403,train
3,3,404,train
3,3,405,train
3,3,406,train
3,3,409,train
3,3,410,train
3,3,411,train
3,3,412,train
3,3,413,train
3,3,414,train
3,3,415,train
3,3,416,train
3,3,418,train
3,3,419,train
3,3,420,train
3,3,421,train
3,3,422,train
3,3,423,train
3,3,424,train
3,3,425,train
3,3,426,train
3,3,427,train
3,3,428,train
3,3,431,train
3,3,432,train
3,3,433,train
3,3,435,train
3,3,436,train
3,3,437,train
3,3,438,train
3,3,440,train
3,3,441,train
3,3,442,train
3,3,443,train
3,3,444,train
3,3,445,train
3,3,447,train
3,3,448,train
3,3,449,train
3,3,450,train
3,3,452,train
3,3,453,train
3,3,455,train
3,3,456,train
3,3,457,train
3,3,460,train
3,3,461,train
3,3,463,train
3,3,464,train
3,3,466,train
3,3,467,train
3,3,468,train
3,3,469,train
3,3,471,train
3,3,472,train
3,3,473,train
3,3,474,train
3,3,475,train
3,3,476,train
3,3,477,train
3,3,478,train
3,3,479,train
3,3,480,train
3,3,481,train
3,3,482,train
3,3,484,train
3,3,485,train
3,3,486,train
3,3,487,train
3,3,488,train
3,3,489,train
3,3,490,train
3,3,491,train
3,3,492,train
3,3,493,train
3,3,494,train
3,3,497,train
3,3,499,train
3,3,500,train
3,3,501,train
3,3,502,train
3,3,503,train
3,3,505,train
3,3,506,train
3,3,507,train
3,3,508,train
3,3,509,train
3,3,510,train
3,3,511,train
3,3,512,train
3,3,513,train
3,3,515,train
3,3,517,train
3,3,520,train
3,3,521,train
3,3,523,train
3,3,524,train
3,3,525,train
3,3,526,train
3,3,527,train
3,3,528,train
3,3,529,train
3,3,532,train
3,3,534,train
3,3,535,train
3,3,536,train
3,3,537,train
3,3,538,train
3,3,540,train
3,3,542,train
3,3,543,train
3,3,544,train
3,3,545,train
3,3,546,train
3,3,548,train
3,3,549,train
3,3,550,train
3,3,551,train
3,3,552,train
3,3,554,train
3,3,555,train
3,3,556,train
3,3,557,train
3,3,558,train
3,3,559,train
3,3,561,train
3,3,562,train
3,3,563,train
3,3,564,train
3,3,565,train
3,3,566,train
3,3,567,train
3,3,568,train
3,3,569,train
3,3,570,train
3,3,572,train
3,3,573,train
3,3,576,train
3,3,577,train
3,3,578,train
3,3,579,train
3,3,580,train
3,3,581,train
3,3,583,train
3,3,584,train
3,3,585,train
3,3,586,train
3,3,587,train
3,3,588,train
3,3,589,train
3,3,591,train
3,3,592,train
3,3,593,train
3,3,594,train
3,3,595,train
3,3,596,train
3,3,597,train
3,3,598,train
3,3,599,train
3,3,600,train
3,3,601,train
3,3,602,train
3,3,603,train
3,3,604,train
3,3,606,train
3,3,607,train
3,3,609,train
3,3,610,train
3,3,611,train
3,3,614,train
3,3,615,train
3,3,616,train
3,3,618,train
3,3,619,train
3,3,621,train
3,3,622,train
3,3,623,train
3,3,624,train
3,3,626,train
3,3,627,train
3,3,628,train
3,3,629,train
3,3,630,train
3,3,631,train
3,3,632,train
3,3,633,train
3,3,634,train
3,3,636,train
3,3,637,train
3,3,638,train
3,3,639,train
3,3,640,train
3,3,641,train
3,3,642,train
3,3,643,train
3,3,644,train
3,3,645,train
3,3,646,train
3,3,647,train
3,3,648,train
3,3,649,train
3,3,650,train
3,3,651,train
3,3,652,train
3,3,653,train
3,3,654,train
3,3,655,train
3,3,656,train
3,3,657,train
3,3,658,train
3,3,660,train
3,3,661,train
3,3,662,train
3,3,663,train
3,3,664,train
3,3,668,train
3,3,669,train
3,3,670,train
3,3,671,train
3,3,672,train
3,3,673,train
3,3,674,train
3,3,676,train
3,3,677,train
3,3,678,train
3,3,679,train
3,3,680,train
3,3,682,train
3,3,683,train
3,3,685,train
3,3,686,train
3,3,688,train
3,3,689,train
3,3,690,train
3,3,691,train
3,3,692,train
3,3,693,train
3,3,695,train
3,3,696,train
3,3,697,train
3,3,698,train
3,3,699,train
3,3,700,train
3,3,701,train
3,3,703,train
3,3,704,train
3,3,705,train
3,3,706,train
3,3,707,train
3,3,709,train
3,3,713,train
3,3,715,train
3,3,716,train
3,3,717,train
3,3,718,train
3,3,721,train
3,3,723,train
3,3,724,train
3,3,725,train
3,3,726,train
3,3,727,train
3,3,728,train
3,3,730,train
3,3,732,train
3,3,733,train
3,3,734,train
3,3,736,train
3,3,737,train
3,3,738,train
3,3,739,train
3,3,741,train
3,3,743,train
3,3,744,train
3,3,745,train
3,3,746,train
3,3,747,train
3,3,748,train
3,3,749,train
3,3,751,train
3,3,753,train
3,3,754,train
3,3,756,train
3,3,757,train
3,3,758,train
3,3,759,train
3,3,761,train
3,3,764,train
3,3,765,train
3,3,767,train
3,3,770,train
3,3,773,train
3,3,774,train
3,3,775,train
3,3,776,train
3,3,777,train
3,3,778,train
3,3,779,train
3,3,781,train
3,3,782,train
3,3,783,train
3,3,784,train
3,3,785,train
3,3,786,train
3,3,788,train
3,3,789,train
3,3,790,train
3,3,791,train
3,3,792,train
3,3,794,train
3,3,795,train
3,3,796,train
3,3,797,train
3,3,799,train
3,3,800,train
3,3,801,train
3,3,802,train
3,3,803,train
3,3,804,train
3,3,806,train
3,3,807,train
3,3,808,train
3,3,809,train
3,3,810,train
3,3,811,train
3,3,812,train
3,3,813,train
3,3,815,train
3,3,816,train
3,3,818,train
3,3,820,train
3,3,821,train
3,3,823,train
3,3,824,train
3,3,825,train
3,3,827,train
3,3,828,train
3,3,829,train
3,3,830,train
3,3,832,train
3,3,833,train
3,3,834,train
3,3,835,train
3,3,836,train
3,3,837,train
3,3,838,train
3,3,839,train
3,3,840,train
3,3,841,train
3,3,844,train
3,3,846,train
3,3,847,train
3,3,848,train
3,3,849,train
3,3,850,train
3,3,852,train
3,3,853,train
3,3,856,train
3,3,857,train
3,3,858,train
3,3,859,train
3,3,860,train
3,3,861,train
3,3,862,train
3,3,863,train
3,3,864,train
3,3,865,train
3,3,866,train
3,3,867,train
3,3,868,train
3,3,869,train
3,3,870,train
3,3,872,train
3,3,873,train
3,3,874,train
3,3,875,train
3,3,876,train
3,3,877,train
3,3,878,train
3,3,879,train
3,3,880,train
3,3,881,train
3,3,883,train
3,3,884,train
3,3,886,train
3,3,890,train
3,3,891,train
3,3,893,train
3,3,895,train
3,3,896,train
3,3,897,train
3,3,898,train
3,3,899,train
3,3,900,train
3,3,901,train
3,3,902,train
3,3,903,train
3,3,905,train
3,3,906,train
3,3,907,train
3,3,908,train
3,3,909,train
3,3,910,train
3,3,911,train
3,3,912,train
3,3,913,train
3,3,914,train
3,3,915,train
3,3,916,train
3,3,917,train
3,3,918,train
3,3,919,train
3,3,921,train
3,3,924,train
3,3,925,train
3,3,926,train
3,3,927,train
3,3,928,train
3,3,929,train
3,3,931,train
3,3,932,train
3,3,933,train
3,3,935,train
3,3,937,train
3,3,938,train
3,3,939,train
3,3,941,train
3,3,942,train
3,3,944,train
3,3,945,train
3,3,947,train
3,3,948,train
3,3,949,train
3,3,951,train
3,3,952,train
3,3,953,train
3,3,954,train
3,3,955,train
3,3,957,train
3,3,958,train
3,3,961,train
3,3,962,train
3,3,963,train
3,3,964,train
3,3,965,train
3,3,966,train
3,3,967,train
3,3,968,train
3,3,969,train
3,3,970,train
3,3,971,train
3,3,973,train
3,3,975,train
3,3,976,train
3,3,978,train
3,3,979,train
3,3,980,train
3,3,982,train
3,3,983,train
3,3,984,train
3,3,986,train
3,3,987,train
3,3,988,train
3,3,990,train
3,3,991,train
3,3,992,train
3,3,993,train
3,3,994,train
3,3,995,train
3,3,996,train
3,3,997,train
3,3,999,train
3,3,1000,train
3,3,1001,train
3,3,1002,train
3,3,1004,train
3,3,1005,train
3,3,1006,train
3,3,1008,train
3,3,1009,train
3,3,1010,train
3,3,1012,train
3,3,1014,train
3,3,1015,train
3,3,1017,train
3,3,1018,train
3,3,1019,train
3,3,1020,train
3,3,1021,train
3,3,1022,train
3,3,1023,train
3,3,1024,train
3,3,1025,train
3,3,1026,train
3,3,1030,train
3,3,1031,train
3,3,1032,train
3,3,1033,train
3,3,1034,train
3,3,1035,train
3,3,1036,train
3,3,1037,train
3,3,1038,train
3,3,1040,train
3,3,1041,train
3,3,1042,train
3,3,1044,train
3,3,1045,train
3,3,1046,train
3,3,1047,train
3,3,1048,train
3,3,1049,train
3,3,1050,train
3,3,1051,train
3,3,1052,train
3,3,1054,train
3,3,1055,train
3,3,1056,train
3,3,1057,train
3,3,1058,train
3,3,1059,train
3,3,1062,train
3,3,1063,train
3,3,1064,train
3,3,1066,train
3,3,1068,train
3,3,1069,train
3,3,1071,train
3,3,1072,train
3,3,1073,train
3,3,1074,train
3,3,1075,train
3,3,1076,train
3,3,1077,train
3,3,1078,train
3,3,1079,train
3,3,1080,train
3,3,1081,train
3,3,1082,train
3,3,1083,train
3,3,1084,train
3,3,1085,train
3,3,1087,train
3,3,1088,train
3,3,1089,train
3,3,1090,train
3,3,1091,train
3,3,1092,train
3,3,1093,train
3,3,1094,train
3,3,1095,train
3,3,1097,train
3,3,1098,train
3,3,1099,train
3,3,1,valid
3,3,11,valid
3,3,22,valid
3,3,25,valid
3,3,30,valid
3,3,40,valid
3,3,45,valid
3,3,49,valid
3,3,55,valid
3,3,56,valid
3,3,57,valid
3,3,72,valid
3,3,93,valid
3,3,94,valid
3,3,100,valid
3,3,101,valid
3,3,103,valid
3,3,107,valid
3,3,108,valid
3,3,119,valid
3,3,120,valid
3,3,122,valid
3,3,126,valid
3,3,132,valid
3,3,133,valid
3,3,138,valid
3,3,139,valid
3,3,146,valid
3,3,148,valid
3,3,149,valid
3,3,157,valid
3,3,163,valid
3,3,164,valid
3,3,175,valid
3,3,176,valid
3,3,182,valid
3,3,189,valid
3,3,194,valid
3,3,196,valid
3,3,200,valid
3,3,201,valid
3,3,202,valid
3,3,206,valid
3,3,207,valid
3,3,222,valid
3,3,224,valid
3,3,230,valid
3,3,232,valid
3,3,245,valid
3,3,254,valid
3,3,260,valid
3,3,262,valid
3,3,276,valid
3,3,277,valid
3,3,279,valid
3,3,285,valid
3,3,289,valid
3,3,291,valid
3,3,299,valid
3,3,307,valid
3,3,311,valid
3,3,312,valid
3,3,316,valid
3,3,321,valid
3,3,323,valid
3,3,325,valid
3,3,326,valid
3,3,328,valid
3,3,336,valid
3,3,340,valid
3,3,368,valid
3,3,379,valid
3,3,382,valid
3,3,384,valid
3,3,388,valid
3,3,395,valid
3,3,398,valid
3,3,407,valid
3,3,408,valid
3,3,417,valid
3,3,429,valid
3,3,430,valid
3,3,434,valid
3,3,439,valid
3,3,446,valid
3,3,451,valid
3,3,454,valid
3,3,458,valid
3,3,459,valid
3,3,462,valid
3,3,465,valid
3,3,470,valid
3,3,483,valid
3,3,495,valid
3,3,496,valid
3,3,498,valid
3,3,504,valid
3,3,514,valid
3,3,516,valid
3,3,518,valid
3,3,519,valid
3,3,522,valid
3,3,530,valid
3,3,531,valid
3,3,533,valid
3,3,539,valid
3,3,541,valid
3,3,547,valid
3,3,553,valid
3,3,560,valid
3,3,571,valid
3,3,574,valid
3,3,575,valid
3,3,582,valid
3,3,590,valid
3,3,605,valid
3,3,608,valid
3,3,612,valid
3,3,613,valid
3,3,617,valid
3,3,620,valid
3,3,625,valid
3,3,635,valid
3,3,659,valid
3,3,665,valid
3,3,666,valid
3,3,667,valid
3,3,675,valid
3,3,681,valid
3,3,684,valid
3,3,687,valid
3,3,694,valid
3,3,702,valid
3,3,708,valid
3,3,710,valid
3,3,711,valid
3,3,712,valid
3,3,714,valid
3,3,719,valid
3,3,720,valid
3,3,722,valid
3,3,729,valid
3,3,731,valid
3,3,735,valid
3,3,740,valid
3,3,742,valid
3,3,750,valid
3,3,752,valid
3,3,755,valid
3,3,760,valid
3,3,762,valid
3,3,763,valid
3,3,766,valid
3,3,768,valid
3,3,769,valid
3,3,771,valid
3,3,772,valid
3,3,780,valid
3,3,787,valid
3,3,793,valid
3,3,798,valid
3,3,814,valid
3,3,817,valid
3,3,819,valid
3,3,822,valid
3,3,826,valid
3,3,831,valid
3,3,842,valid
3,3,843,valid
3,3,845,valid
3,3,851,valid
3,3,854,valid
3,3,855,valid
3,3,871,valid
3,3,882,valid
3,3,885,valid
3,3,887,valid
3,3,888,valid
3,3,892,valid
3,3,894,valid
3,3,904,valid
3,3,920,valid
3,3,922,valid
3,3,923,valid
3,3,930,valid
3,3,934,valid
3,3,936,valid
3,3,940,valid
3,3,943,valid
3,3,946,valid
3,3,950,valid
3,3,956,valid
3,3,959,valid
3,3,960,valid
3,3,972,valid
3,3,974,valid
3,3,977,valid
3,3,981,valid
3,3,985,valid
3,3,989,valid
3,3,998,valid
3,3,1003,valid
3,3,1007,valid
3,3,1011,valid
3,3,1013,valid
3,3,1016,valid
3,3,1027,valid
3,3,1028,valid
3,3,1029,valid
3,3,1039,valid
3,3,1043,valid
3,3,1053,valid
3,3,1060,valid
3,3,1061,valid
3,3,1065,valid
3,3,1067,valid
3,3,1070,valid
3,3,1086,valid
3,3,1096,valid
3,4,0,train
3,4,1,train
3,4,2,train
3,4,4,train
3,4,7,train
3,4,9,train
3,4,10,train
3,4,11,train
3,4,12,train
3,4,14,train
3,4,15,train
3,4,16,train
3,4,17,train
3,4,18,train
3,4,19,train
3,4,20,train
3,4,21,train
3,4,22,train
3,4,23,train
3,4,25,train
3,4,26,train
3,4,27,train
3,4,28,train
3,4,29,train
3,4,30,train
3,4,31,train
3,4,32,train
3,4,33,train
3,4,34,train
3,4,36,train
3,4,37,train
3,4,38,train
3,4,39,train
3,4,40,train
3,4,41,train
3,4,42,train
3,4,43,train
3,4,44,train
3,4,45,train
3,4,46,train
3,4,48,train
3,4,49,train
3,4,50,train
3,4,51,train
3,4,52,train
3,4,53,train
3,4,54,train
3,4,55,train
3,4,56,train
3,4,57,train
3,4,58,train
3,4,60,train
3,4,61,train
3,4,62,train
3,4,63,train
3,4,64,train
3,4,65,train
3,4,66,train
3,4,67,train
3,4,68,train
3,4,69,train
3,4,70,train
3,4,71,train
3,4,72,train
3,4,73,train
3,4,75,train
3,4,77,train
3,4,78,train
3,4,79,train
3,4,81,train
3,4,83,train
3,4,84,train
3,4,86,train
3,4,87,train
3,4,89,train
3,4,90,train
3,4,91,train
3,4,93,train
3,4,94,train
3,4,95,train
3,4,97,train
3,4,98,train
3,4,99,train
3,4,100,train
3,4,101,train
3,4,103,train
3,4,104,train
3,4,105,train
3,4,106,train
3,4,107,train
3,4,108,train
3,4,109,train
3,4,110,train
3,4,111,train
3,4,112,train
3,4,113,train
3,4,114,train
3,4,115,train
3,4,116,train
3,4,118,train
3,4,119,train
3,4,120,train
3,4,121,train
3,4,122,train
3,4,123,train
3,4,124,train
3,4,125,train
3,4,126,train
3,4,127,train
3,4,128,train
3,4,129,train
3,4,130,train
3,4,131,train
3,4,132,train
3,4,133,train
3,4,134,train
3,4,135,train
3,4,136,train
3,4,137,train
3,4,138,train
3,4,139,train
3,4,141,train
3,4,142,train
3,4,143,train
3,4,144,train
3,4,145,train
3,4,146,train
3,4,147,train
3,4,148,train
3,4,149,train
3,4,150,train
3,4,151,train
3,4,152,train
3,4,154,train
3,4,157,train
3,4,159,train
3,4,160,train
3,4,161,train
3,4,162,train
3,4,163,train
3,4,164,train
3,4,165,train
3,4,166,train
3,4,167,train
3,4,168,train
3,4,170,train
3,4,171,train
3,4,172,train
3,4,173,train
3,4,174,train
3,4,175,train
3,4,176,train
3,4,177,train
3,4,178,train
3,4,179,train
3,4,180,train
3,4,181,train
3,4,182,train
3,4,183,train
3,4,185,train
3,4,187,train
3,4,188,train
3,4,189,train
3,4,190,train
3,4,192,train
3,4,193,train
3,4,194,train
3,4,195,train
3,4,196,train
3,4,198,train
3,4,199,train
3,4,200,train
3,4,201,train
3,4,202,train
3,4,203,train
3,4,204,train
3,4,205,train
3,4,206,train
3,4,207,train
3,4,208,train
3,4,209,train
3,4,210,train
3,4,211,train
3,4,212,train
3,4,213,train
3,4,214,train
3,4,215,train
3,4,216,train
3,4,218,train
3,4,219,train
3,4,220,train
3,4,222,train
3,4,223,train
3,4,224,train
3,4,226,train
3,4,227,train
3,4,228,train
3,4,229,train
3,4,230,train
3,4,232,train
3,4,233,train
3,4,235,train
3,4,236,train
3,4,237,train
3,4,238,train
3,4,239,train
3,4,241,train
3,4,243,train
3,4,244,train
3,4,245,train
3,4,246,train
3,4,249,train
3,4,250,train
3,4,251,train
3,4,252,train
3,4,253,train
3,4,254,train
3,4,255,train
3,4,256,train
3,4,257,train
3,4,258,train
3,4,259,train
3,4,260,train
3,4,261,train
3,4,262,train
3,4,263,train
3,4,264,train
3,4,266,train
3,4,268,train
3,4,270,train
3,4,271,train
3,4,272,train
3,4,273,train
3,4,274,train
3,4,276,train
3,4,277,train
3,4,278,train
3,4,279,train
3,4,280,train
3,4,281,train
3,4,282,train
3,4,284,train
3,4,285,train
3,4,287,train
3,4,288,train
3,4,289,train
3,4,290,train
3,4,291,train
3,4,292,train
3,4,293,train
3,4,294,train
3,4,295,train
3,4,296,train
3,4,297,train
3,4,299,train
3,4,302,train
3,4,304,train
3,4,305,train
3,4,306,train
3,4,307,train
3,4,308,train
3,4,309,train
3,4,310,train
3,4,311,train
3,4,312,train
3,4,314,train
3,4,315,train
3,4,316,train
3,4,317,train
3,4,318,train
3,4,320,train
3,4,321,train
3,4,322,train
3,4,323,train
3,4,324,train
3,4,325,train
3,4,326,train
3,4,328,train
3,4,329,train
3,4,332,train
3,4,333,train
3,4,335,train
3,4,336,train
3,4,337,train
3,4,338,train
3,4,339,train
3,4,340,train
3,4,341,train
3,4,343,train
3,4,344,train
3,4,345,train
3,4,348,train
3,4,349,train
3,4,351,train
3,4,352,train
3,4,353,train
3,4,355,train
3,4,356,train
3,4,357,train
3,4,359,train
3,4,362,train
3,4,363,train
3,4,364,train
3,4,365,train
3,4,366,train
3,4,367,train
3,4,368,train
3,4,369,train
3,4,370,train
3,4,371,train
3,4,372,train
3,4,373,train
3,4,374,train
3,4,375,train
3,4,376,train
3,4,377,train
3,4,379,train
3,4,380,train
3,4,381,train
3,4,382,train
3,4,383,train
3,4,384,train
3,4,385,train
3,4,386,train
3,4,387,train
3,4,388,train
3,4,389,train
3,4,390,train
3,4,391,train
3,4,392,train
3,4,393,train
3,4,394,train
3,4,395,train
3,4,396,train
3,4,398,train
3,4,399,train
3,4,402,train
3,4,405,train
3,4,406,train
3,4,407,train
3,4,408,train
3,4,409,train
3,4,410,train
3,4,413,train
3,4,414,train
3,4,417,train
3,4,418,train
3,4,420,train
3,4,421,train
3,4,422,train
3,4,423,train
3,4,425,train
3,4,426,train
3,4,427,train
3,4,428,train
3,4,429,train
3,4,430,train
3,4,431,train
3,4,432,train
3,4,433,train
3,4,434,train
3,4,435,train
3,4,437,train
3,4,438,train
3,4,439,train
3,4,440,train
3,4,442,train
3,4,444,train
3,4,446,train
3,4,447,train
3,4,448,train
3,4,449,train
3,4,451,train
3,4,453,train
3,4,454,train
3,4,455,train
3,4,456,train
3,4,457,train
3,4,458,train
3,4,459,train
3,4,460,train
3,4,461,train
3,4,462,train
3,4,463,train
3,4,464,train
3,4,465,train
3,4,466,train
3,4,469,train
3,4,470,train
3,4,471,train
3,4,472,train
3,4,473,train
3,4,475,train
3,4,476,train
3,4,477,train
3,4,478,train
3,4,479,train
3,4,483,train
3,4,484,train
3,4,485,train
3,4,486,train
3,4,487,train
3,4,488,train
3,4,489,train
3,4,491,train
3,4,492,train
3,4,493,train
3,4,494,train
3,4,495,train
3,4,496,train
3,4,498,train
3,4,499,train
3,4,500,train
3,4,501,train
3,4,502,train
3,4,504,train
3,4,506,train
3,4,507,train
3,4,508,train
3,4,510,train
3,4,512,train
3,4,513,train
3,4,514,train
3,4,515,train
3,4,516,train
3,4,518,train
3,4,519,train
3,4,520,train
3,4,522,train
3,4,523,train
3,4,525,train
3,4,527,train
3,4,529,train
3,4,530,train
3,4,531,train
3,4,533,train
3,4,534,train
3,4,535,train
3,4,537,train
3,4,538,train
3,4,539,train
3,4,540,train
3,4,541,train
3,4,542,train
3,4,543,train
3,4,544,train
3,4,546,train
3,4,547,train
3,4,548,train
3,4,549,train
3,4,550,train
3,4,551,train
3,4,552,train
3,4,553,train
3,4,554,train
3,4,555,train
3,4,556,train
3,4,557,train
3,4,558,train
3,4,559,train
3,4,560,train
3,4,561,train
3,4,562,train
3,4,563,train
3,4,564,train
3,4,566,train
3,4,567,train
3,4,569,train
3,4,570,train
3,4,571,train
3,4,572,train
3,4,574,train
3,4,575,train
3,4,576,train
3,4,578,train
3,4,579,train
3,4,582,train
3,4,583,train
3,4,584,train
3,4,585,train
3,4,586,train
3,4,587,train
3,4,588,train
3,4,589,train
3,4,590,train
3,4,592,train
3,4,593,train
3,4,594,train
3,4,596,train
3,4,598,train
3,4,599,train
3,4,601,train
3,4,602,train
3,4,603,train
3,4,604,train
3,4,605,train
3,4,606,train
3,4,608,train
3,4,609,train
3,4,610,train
3,4,611,train
3,4,612,train
3,4,613,train
3,4,615,train
3,4,617,train
3,4,618,train
3,4,620,train
3,4,621,train
3,4,623,train
3,4,624,train
3,4,625,train
3,4,626,train
3,4,627,train
3,4,629,train
3,4,630,train
3,4,631,train
3,4,632,train
3,4,633,train
3,4,634,train
3,4,635,train
3,4,637,train
3,4,640,train
3,4,641,train
3,4,643,train
3,4,644,train
3,4,645,train
3,4,646,train
3,4,647,train
3,4,648,train
3,4,649,train
3,4,651,train
3,4,652,train
3,4,655,train
3,4,656,train
3,4,658,train
3,4,659,train
3,4,660,train
3,4,661,train
3,4,662,train
3,4,664,train
3,4,665,train
3,4,666,train
3,4,667,train
3,4,670,train
3,4,671,train
3,4,674,train
3,4,675,train
3,4,676,train
3,4,677,train
3,4,678,train
3,4,679,train
3,4,680,train
3,4,681,train
3,4,682,train
3,4,683,train
3,4,684,train
3,4,685,train
3,4,687,train
3,4,688,train
3,4,692,train
3,4,693,train
3,4,694,train
3,4,695,train
3,4,696,train
3,4,697,train
3,4,698,train
3,4,699,train
3,4,701,train
3,4,702,train
3,4,703,train
3,4,704,train
3,4,705,train
3,4,706,train
3,4,707,train
3,4,708,train
3,4,709,train
3,4,710,train
3,4,711,train
3,4,712,train
3,4,713,train
3,4,714,train
3,4,715,train
3,4,716,train
3,4,717,train
3,4,718,train
3,4,719,train
3,4,720,train
3,4,721,train
3,4,722,train
3,4,725,train
3,4,726,train
3,4,727,train
3,4,728,train
3,4,729,train
3,4,730,train
3,4,731,train
3,4,733,train
3,4,734,train
3,4,735,train
3,4,736,train
3,4,737,train
3,4,738,train
3,4,739,train
3,4,740,train
3,4,741,train
3,4,742,train
3,4,743,train
3,4,744,train
3,4,745,train
3,4,746,train
3,4,748,train
3,4,749,train
3,4,750,train
3,4,751,train
3,4,752,train
3,4,754,train
3,4,755,train
3,4,756,train
3,4,757,train
3,4,758,train
3,4,759,train
3,4,760,train
3,4,761,train
3,4,762,train
3,4,763,train
3,4,764,train
3,4,766,train
3,4,767,train
3,4,768,train
3,4,769,train
3,4,770,train
3,4,771,train
3,4,772,train
3,4,773,train
3,4,774,train
3,4,775,train
3,4,777,train
3,4,778,train
3,4,780,train
3,4,781,train
3,4,782,train
3,4,783,train
3,4,785,train
3,4,786,train
3,4,787,train
3,4,788,train
3,4,789,train
3,4,790,train
3,4,792,train
3,4,793,train
3,4,794,train
3,4,795,train
3,4,796,train
3,4,797,train
3,4,798,train
3,4,799,train
3,4,801,train
3,4,802,train
3,4,803,train
3,4,804,train
3,4,806,train
3,4,807,train
3,4,808,train
3,4,810,train
3,4,811,train
3,4,812,train
3,4,813,train
3,4,814,train
3,4,815,train
3,4,817,train
3,4,818,train
3,4,819,train
3,4,822,train
3,4,823,train
3,4,826,train
3,4,827,train
3,4,828,train
3,4,830,train
3,4,831,train
3,4,832,train
3,4,833,train
3,4,834,train
3,4,835,train
3,4,836,train
3,4,838,train
3,4,839,train
3,4,840,train
3,4,841,train
3,4,842,train
3,4,843,train
3,4,844,train
3,4,845,train
3,4,846,train
3,4,847,train
3,4,848,train
3,4,850,train
3,4,851,train
3,4,852,train
3,4,854,train
3,4,855,train
3,4,856,train
3,4,857,train
3,4,859,train
3,4,860,train
3,4,866,train
3,4,867,train
3,4,868,train
3,4,869,train
3,4,870,train
3,4,871,train
3,4,873,train
3,4,874,train
3,4,876,train
3,4,877,train
3,4,878,train
3,4,882,train
3,4,883,train
3,4,885,train
3,4,886,train
3,4,887,train
3,4,888,train
3,4,891,train
3,4,892,train
3,4,893,train
3,4,894,train
3,4,896,train
3,4,898,train
3,4,899,train
3,4,900,train
3,4,901,train
3,4,902,train
3,4,903,train
3,4,904,train
3,4,906,train
3,4,908,train
3,4,910,train
3,4,913,train
3,4,914,train
3,4,915,train
3,4,917,train
3,4,918,train
3,4,920,train
3,4,921,train
3,4,922,train
3,4,923,train
3,4,924,train
3,4,925,train
3,4,928,train
3,4,930,train
3,4,932,train
3,4,934,train
3,4,935,train
3,4,936,train
3,4,937,train
3,4,938,train
3,4,940,train
3,4,941,train
3,4,942,train
3,4,943,train
3,4,944,train
3,4,945,train
3,4,946,train
3,4,948,train
3,4,950,train
3,4,951,train
3,4,952,train
3,4,956,train
3,4,957,train
3,4,959,train
3,4,960,train
3,4,961,train
3,4,962,train
3,4,963,train
3,4,964,train
3,4,965,train
3,4,966,train
3,4,967,train
3,4,968,train
3,4,969,train
3,4,970,train
3,4,971,train
3,4,972,train
3,4,973,train
3,4,974,train
3,4,975,train
3,4,976,train
3,4,977,train
3,4,978,train
3,4,979,train
3,4,980,train
3,4,981,train
3,4,982,train
3,4,983,train
3,4,985,train
3,4,989,train
3,4,990,train
3,4,994,train
3,4,996,train
3,4,997,train
3,4,998,train
3,4,999,train
3,4,1000,train
3,4,1002,train
3,4,1003,train
3,4,1004,train
3,4,1005,train
3,4,1006,train
3,4,1007,train
3,4,1011,train
3,4,1012,train
3,4,1013,train
3,4,1015,train
3,4,1016,train
3,4,1018,train
3,4,1019,train
3,4,1022,train
3,4,1023,train
3,4,1024,train
3,4,1025,train
3,4,1026,train
3,4,1027,train
3,4,1028,train
3,4,1029,train
3,4,1031,train
3,4,1032,train
3,4,1033,train
3,4,1035,train
3,4,1036,train
3,4,1037,train
3,4,1039,train
3,4,1040,train
3,4,1041,train
3,4,1043,train
3,4,1044,train
3,4,1045,train
3,4,1046,train
3,4,1047,train
3,4,1049,train
3,4,1051,train
3,4,1052,train
3,4,1053,train
3,4,1054,train
3,4,1055,train
3,4,1057,train
3,4,1059,train
3,4,1060,train
3,4,1061,train
3,4,1062,train
3,4,1064,train
3,4,1065,train
3,4,1066,train
3,4,1067,train
3,4,1068,train
3,4,1069,train
3,4,1070,train
3,4,1071,train
3,4,1072,train
3,4,1074,train
3,4,1075,train
3,4,1076,train
3,4,1077,train
3,4,1078,train
3,4,1079,train
3,4,1080,train
3,4,1081,train
3,4,1082,train
3,4,1083,train
3,4,1085,train
3,4,1086,train
3,4,1087,train
3,4,1088,train
3,4,1091,train
3,4,1093,train
3,4,1094,train
3,4,1095,train
3,4,1096,train
3,4,1097,train
3,4,1098,train
3,4,1099,train
3,4,3,valid
3,4,5,valid
3,4,6,valid
3,4,8,valid
3,4,13,valid
3,4,24,valid
3,4,35,valid
3,4,47,valid
3,4,59,valid
3,4,74,valid
3,4,76,valid
3,4,80,valid
3,4,82,valid
3,4,85,valid
3,4,88,valid
3,4,92,valid
3,4,96,valid
3,4,102,valid
3,4,117,valid
3,4,140,valid
3,4,153,valid
3,4,155,valid
3,4,156,valid
3,4,158,valid
3,4,169,valid
3,4,184,valid
3,4,186,valid
3,4,191,valid
3,4,197,valid
3,4,217,valid
3,4,221,valid
3,4,225,valid
3,4,231,valid
3,4,234,valid
3,4,240,valid
3,4,242,valid
3,4,247,valid
3,4,248,valid
3,4,265,valid
3,4,267,valid
3,4,269,valid
3,4,275,valid
3,4,283,valid
3,4,286,valid
3,4,298,valid
3,4,300,valid
3,4,301,valid
3,4,303,valid
3,4,313,valid
3,4,319,valid
3,4,327,valid
3,4,330,valid
3,4,331,valid
3,4,334,valid
3,4,342,valid
3,4,346,valid
3,4,347,valid
3,4,350,valid
3,4,354,valid
3,4,358,valid
3,4,360,valid
3,4,361,valid
3,4,378,valid
3,4,397,valid
3,4,400,valid
3,4,401,valid
3,4,403,valid
3,4,404,valid
3,4,411,valid
3,4,412,valid
3,4,415,valid
3,4,416,valid
3,4,419,valid
3,4,424,valid
3,4,436,valid
3,4,441,valid
3,4,443,valid
3,4,445,valid
3,4,450,valid
3,4,452,valid
3,4,467,valid
3,4,468,valid
3,4,474,valid
3,4,480,valid
3,4,481,valid
3,4,482,valid
3,4,490,valid
3,4,497,valid
3,4,503,valid
3,4,505,valid
3,4,509,valid
3,4,511,valid
3,4,517,valid
3,4,521,valid
3,4,524,valid
3,4,526,valid
3,4,528,valid
3,4,532,valid
3,4,536,valid
3,4,545,valid
3,4,565,valid
3,4,568,valid
3,4,573,valid
3,4,577,valid
3,4,580,valid
3,4,581,valid
3,4,591,valid
3,4,595,valid
3,4,597,valid
3,4,600,valid
3,4,607,valid
3,4,614,valid
3,4,616,valid
3,4,619,valid
3,4,622,valid
3,4,628,valid
3,4,636,valid
3,4,638,valid
3,4,639,valid
3,4,642,valid
3,4,650,valid
3,4,653,valid
3,4,654,valid
3,4,657,valid
3,4,663,valid
3,4,668,valid
3,4,669,valid
3,4,672,valid
3,4,673,valid
3,4,686,valid
3,4,689,valid
3,4,690,valid
3,4,691,valid
3,4,700,valid
3,4,723,valid
3,4,724,valid
3,4,732,valid
3,4,747,valid
3,4,753,valid
3,4,765,valid
3,4,776,valid
3,4,779,valid
3,4,784,valid
3,4,791,valid
3,4,800,valid
3,4,809,valid
3,4,816,valid
3,4,820,valid
3,4,821,valid
3,4,824,valid
3,4,825,valid
3,4,829,valid
3,4,837,valid
3,4,849,valid
3,4,853,valid
3,4,858,valid
3,4,861,valid
3,4,862,valid
3,4,863,valid
3,4,864,valid
3,4,865,valid
3,4,872,valid
3,4,875,valid
3,4,879,valid
3,4,880,valid
3,4,881,valid
3,4,884,valid
3,4,890,valid
3,4,895,valid
3,4,897,valid
3,4,905,valid
3,4,907,valid
3,4,909,valid
3,4,911,valid
3,4,912,valid
3,4,916,valid
3,4,919,valid
3,4,926,valid
3,4,927,valid
3,4,929,valid
3,4,931,valid
3,4,933,valid
3,4,939,valid
3,4,947,valid
3,4,949,valid
3,4,953,valid
3,4,954,valid
3,4,955,valid
3,4,958,valid
3,4,984,valid
3,4,986,valid
3,4,987,valid
3,4,988,valid
3,4,991,valid
3,4,992,valid
3,4,993,valid
3,4,995,valid
3,4,1001,valid
3,4,1008,valid
3,4,1009,valid
3,4,1010,valid
3,4,1014,valid
3,4,1017,valid
3,4,1020,valid
3,4,1021,valid
3,4,1030,valid
3,4,1034,valid
3,4,1038,valid
3,4,1042,valid
3,4,1048,valid
3,4,1050,valid
3,4,1056,valid
3,4,1058,valid
3,4,1063,valid
3,4,1073,valid
3,4,1084,valid
3,4,1089,valid
3,4,1090,valid
3,4,1092,valid
4,0,0,train
4,0,2,train
4,0,3,train
4,0,5,train
4,0,6,train
4,0,7,train
4,0,8,train
4,0,11,train
4,0,13,train
4,0,14,train
4,0,16,train
4,0,17,train
4,0,18,train
4,0,19,train
4,0,21,train
4,0,22,train
4,0,24,train
4,0,25,train
4,0,26,train
4,0,27,train
4,0,28,train
4,0,29,train
4,0,31,train
4,0,32,train
4,0,33,train
4,0,34,train
4,0,35,train
4,0,36,train
4,0,37,train
4,0,38,train
4,0,39,train
4,0,41,train
4,0,42,train
4,0,43,train
4,0,44,train
4,0,45,train
4,0,46,train
4,0,47,train
4,0,48,train
4,0,50,train
4,0,52,train
4,0,53,train
4,0,54,train
4,0,55,train
4,0,57,train
4,0,58,train
4,0,59,train
4,0,60,train
4,0,61,train
4,0,62,train
4,0,63,train
4,0,64,train
4,0,65,train
4,0,66,train
4,0,67,train
4,0,68,train
4,0,69,train
4,0,70,train
4,0,71,train
4,0,73,train
4,0,74,train
4,0,77,train
4,0,78,train
4,0,79,train
4,0,80,train
4,0,81,train
4,0,83,train
4,0,84,train
4,0,85,train
4,0,86,train
4,0,89,train
4,0,90,train
4,0,91,train
4,0,92,train
4,0,93,train
4,0,94,train
4,0,95,train
4,0,96,train
4,0,98,train
4,0,100,train
4,0,101,train
4,0,102,train
4,0,103,train
4,0,105,train
4,0,106,train
4,0,107,train
4,0,108,train
4,0,109,train
4,0,111,train
4,0,112,train
4,0,113,train
4,0,114,train
4,0,115,train
4,0,117,train
4,0,118,train
4,0,119,train
4,0,120,train
4,0,121,train
4,0,123,train
4,0,124,train
4,0,125,train
4,0,126,train
4,0,128,train
4,0,129,train
4,0,130,train
4,0,131,train
4,0,132,train
4,0,133,train
4,0,134,train
4,0,135,train
4,0,136,train
4,0,138,train
4,0,139,train
4,0,140,train
4,0,141,train
4,0,142,train
4,0,144,train
4,0,145,train
4,0,146,train
4,0,147,train
4,0,148,train
4,0,149,train
4,0,150,train
4,0,151,train
4,0,152,train
4,0,153,train
4,0,154,train
4,0,155,train
4,0,156,train
4,0,157,train
4,0,158,train
4,0,159,train
4,0,160,train
4,0,161,train
4,0,162,train
4,0,164,train
4,0,165,train
4,0,166,train
4,0,167,train
4,0,168,train
4,0,170,train
4,0,171,train
4,0,172,train
4,0,173,train
4,0,174,train
4,0,175,train
4,0,176,train
4,0,177,train
4,0,178,train
4,0,179,train
4,0,180,train
4,0,181,train
4,0,183,train
4,0,184,train
4,0,185,train
4,0,186,train
4,0,187,train
4,0,188,train
4,0,189,train
4,0,192,train
4,0,193,train
4,0,194,train
4,0,195,train
4,0,196,train
4,0,197,train
4,0,198,train
4,0,199,train
4,0,200,train
4,0,201,train
4,0,202,train
4,0,203,train
4,0,205,train
4,0,207,train
4,0,208,train
4,0,209,train
4,0,210,train
4,0,211,train
4,0,212,train
4,0,213,train
4,0,215,train
4,0,216,train
4,0,217,train
4,0,218,train
4,0,219,train
4,0,220,train
4,0,221,train
4,0,222,train
4,0,223,train
4,0,225,train
4,0,226,train
4,0,227,train
4,0,228,train
4,0,229,train
4,0,230,train
4,0,231,train
4,0,232,train
4,0,233,train
4,0,234,train
4,0,235,train
4,0,236,train
4,0,239,train
4,0,240,train
4,0,241,train
4,0,242,train
4,0,243,train
4,0,244,train
4,0,245,train
4,0,246,train
4,0,247,train
4,0,248,train
4,0,249,train
4,0,250,train
4,0,252,train
4,0,255,train
4,0,257,train
4,0,258,train
4,0,260,train
4,0,263,train
4,0,264,train
4,0,265,train
4,0,266,train
4,0,267,train
4,0,268,train
4,0,270,train
4,0,271,train
4,0,272,train
4,0,274,train
4,0,275,train
4,0,276,train
4,0,277,train
4,0,281,train
4,0,282,train
4,0,283,train
4,0,284,train
4,0,285,train
4,0,287,train
4,0,288,train
4,0,289,train
4,0,290,train
4,0,291,train
4,0,292,train
4,0,293,train
4,0,294,train
4,0,295,train
4,0,296,train
4,0,298,train
4,0,299,train
4,0,301,train
4,0,302,train
4,0,303,train
4,0,304,train
4,0,305,train
4,0,307,train
4,0,308,train
4,0,309,train
4,0,312,train
4,0,313,train
4,0,314,train
4,0,315,train
4,0,316,train
4,0,317,train
4,0,318,train
4,0,319,train
4,0,321,train
4,0,323,train
4,0,324,train
4,0,325,train
4,0,326,train
4,0,327,train
4,0,328,train
4,0,329,train
4,0,330,train
4,0,331,train
4,0,332,train
4,0,334,train
4,0,336,train
4,0,337,train
4,0,338,train
4,0,339,train
4,0,340,train
4,0,341,train
4,0,342,train
4,0,343,train
4,0,344,train
4,0,345,train
4,0,346,train
4,0,347,train
4,0,348,train
4,0,349,train
4,0,350,train
4,0,351,train
4,0,352,train
4,0,353,train
4,0,354,train
4,0,355,train
4,0,357,train
4,0,358,train
4,0,359,train
4,0,362,train
4,0,363,train
4,0,365,train
4,0,367,train
4,0,368,train
4,0,369,train
4,0,371,train
4,0,372,train
4,0,373,train
4,0,374,train
4,0,375,train
4,0,376,train
4,0,377,train
4,0,378,train
4,0,379,train
4,0,380,train
4,0,381,train
4,0,382,train
4,0,385,train
4,0,386,train
4,0,387,train
4,0,388,train
4,0,389,train
4,0,390,train
4,0,392,train
4,0,393,train
4,0,395,train
4,0,396,train
4,0,397,train
4,0,398,train
4,0,399,train
4,0,400,train
4,0,401,train
4,0,402,train
4,0,403,train
4,0,404,train
4,0,405,train
4,0,407,train
4,0,408,train
4,0,409,train
4,0,410,train
4,0,411,train
4,0,412,train
4,0,413,train
4,0,414,train
4,0,418,train
4,0,419,train
4,0,420,train
4,0,421,train
4,0,422,train
4,0,423,train
4,0,424,train
4,0,425,train
4,0,426,train
4,0,427,train
4,0,428,train
4,0,429,train
4,0,431,train
4,0,432,train
4,0,435,train
4,0,436,train
4,0,437,train
4,0,438,train
4,0,441,train
4,0,442,train
4,0,443,train
4,0,444,train
4,0,445,train
4,0,446,train
4,0,447,train
4,0,448,train
4,0,450,train
4,0,452,train
4,0,454,train
4,0,455,train
4,0,456,train
4,0,457,train
4,0,458,train
4,0,459,train
4,0,460,train
4,0,462,train
4,0,463,train
4,0,464,train
4,0,465,train
4,0,467,train
4,0,468,train
4,0,471,train
4,0,472,train
4,0,473,train
4,0,474,train
4,0,475,train
4,0,477,train
4,0,478,train
4,0,481,train
4,0,482,train
4,0,484,train
4,0,485,train
4,0,486,train
4,0,487,train
4,0,488,train
4,0,489,train
4,0,490,train
4,0,491,train
4,0,494,train
4,0,495,train
4,0,496,train
4,0,497,train
4,0,498,train
4,0,499,train
4,0,500,train
4,0,501,train
4,0,502,train
4,0,505,train
4,0,506,train
4,0,508,train
4,0,509,train
4,0,510,train
4,0,511,train
4,0,513,train
4,0,514,train
4,0,516,train
4,0,517,train
4,0,518,train
4,0,519,train
4,0,521,train
4,0,522,train
4,0,523,train
4,0,524,train
4,0,525,train
4,0,526,train
4,0,529,train
4,0,530,train
4,0,531,train
4,0,532,train
4,0,533,train
4,0,535,train
4,0,536,train
4,0,537,train
4,0,538,train
4,0,539,train
4,0,541,train
4,0,542,train
4,0,543,train
4,0,544,train
4,0,545,train
4,0,547,train
4,0,549,train
4,0,550,train
4,0,551,train
4,0,552,train
4,0,553,train
4,0,554,train
4,0,555,train
4,0,557,train
4,0,558,train
4,0,559,train
4,0,561,train
4,0,562,train
4,0,563,train
4,0,564,train
4,0,565,train
4,0,566,train
4,0,567,train
4,0,568,train
4,0,569,train
4,0,570,train
4,0,571,train
4,0,572,train
4,0,573,train
4,0,574,train
4,0,575,train
4,0,576,train
4,0,577,train
4,0,579,train
4,0,580,train
4,0,581,train
4,0,582,train
4,0,583,train
4,0,585,train
4,0,586,train
4,0,587,train
4,0,588,train
4,0,591,train
4,0,593,train
4,0,595,train
4,0,598,train
4,0,599,train
4,0,600,train
4,0,601,train
4,0,602,train
4,0,603,train
4,0,604,train
4,0,606,train
4,0,608,train
4,0,609,train
4,0,610,train
4,0,611,train
4,0,612,train
4,0,614,train
4,0,617,train
4,0,619,train
4,0,620,train
4,0,621,train
4,0,622,train
4,0,626,train
4,0,627,train
4,0,628,train
4,0,629,train
4,0,630,train
4,0,631,train
4,0,632,train
4,0,633,train
4,0,634,train
4,0,635,train
4,0,636,train
4,0,638,train
4,0,640,train
4,0,641,train
4,0,643,train
4,0,644,train
4,0,645,train
4,0,646,train
4,0,647,train
4,0,648,train
4,0,649,train
4,0,650,train
4,0,651,train
4,0,652,train
4,0,653,train
4,0,654,train
4,0,655,train
4,0,656,train
4,0,658,train
4,0,659,train
4,0,660,train
4,0,661,train
4,0,662,train
4,0,663,train
4,0,664,train
4,0,667,train
4,0,668,train
4,0,670,train
4,0,671,train
4,0,673,train
4,0,674,train
4,0,675,train
4,0,677,train
4,0,679,train
4,0,680,train
4,0,681,train
4,0,682,train
4,0,683,train
4,0,684,train
4,0,685,train
4,0,686,train
4,0,687,train
4,0,689,train
4,0,691,train
4,0,693,train
4,0,695,train
4,0,696,train
4,0,697,train
4,0,698,train
4,0,699,train
4,0,701,train
4,0,702,train
4,0,703,train
4,0,704,train
4,0,705,train
4,0,706,train
4,0,707,train
4,0,708,train
4,0,710,train
4,0,711,train
4,0,712,train
4,0,713,train
4,0,714,train
4,0,715,train
4,0,718,train
4,0,719,train
4,0,720,train
4,0,722,train
4,0,723,train
4,0,724,train
4,0,726,train
4,0,728,train
4,0,729,train
4,0,730,train
4,0,733,train
4,0,734,train
4,0,737,train
4,0,738,train
4,0,739,train
4,0,741,train
4,0,742,train
4,0,743,train
4,0,744,train
4,0,745,train
4,0,746,train
4,0,748,train
4,0,749,train
4,0,751,train
4,0,754,train
4,0,755,train
4,0,756,train
4,0,757,train
4,0,758,train
4,0,759,train
4,0,760,train
4,0,762,train
4,0,763,train
4,0,764,train
4,0,765,train
4,0,766,train
4,0,767,train
4,0,768,train
4,0,771,train
4,0,772,train
4,0,773,train
4,0,774,train
4,0,775,train
4,0,776,train
4,0,778,train
4,0,779,train
4,0,781,train
4,0,782,train
4,0,784,train
4,0,785,train
4,0,786,train
4,0,787,train
4,0,788,train
4,0,789,train
4,0,790,train
4,0,791,train
4,0,792,train
4,0,793,train
4,0,794,train
4,0,795,train
4,0,797,train
4,0,799,train
4,0,800,train
4,0,801,train
4,0,802,train
4,0,803,train
4,0,804,train
4,0,806,train
4,0,807,train
4,0,808,train
4,0,809,train
4,0,810,train
4,0,811,train
4,0,812,train
4,0,813,train
4,0,814,train
4,0,816,train
4,0,817,train
4,0,821,train
4,0,823,train
4,0,824,train
4,0,825,train
4,0,826,train
4,0,827,train
4,0,828,train
4,0,829,train
4,0,833,train
4,0,834,train
4,0,835,train
4,0,836,train
4,0,837,train
4,0,838,train
4,0,840,train
4,0,841,train
4,0,842,train
4,0,844,train
4,0,846,train
4,0,847,train
4,0,848,train
4,0,849,train
4,0,850,train
4,0,851,train
4,0,852,train
4,0,853,train
4,0,854,train
4,0,856,train
4,0,857,train
4,0,858,train
4,0,861,train
4,0,862,train
4,0,864,train
4,0,865,train
4,0,866,train
4,0,867,train
4,0,868,train
4,0,869,train
4,0,871,train
4,0,872,train
4,0,873,train
4,0,874,train
4,0,875,train
4,0,876,train
4,0,877,train
4,0,878,train
4,0,881,train
4,0,882,train
4,0,883,train
4,0,884,train
4,0,885,train
4,0,887,train
4,0,888,train
4,0,890,train
4,0,891,train
4,0,892,train
4,0,893,train
4,0,895,train
4,0,896,train
4,0,897,train
4,0,898,train
4,0,900,train
4,0,902,train
4,0,904,train
4,0,905,train
4,0,906,train
4,0,907,train
4,0,908,train
4,0,909,train
4,0,910,train
4,0,911,train
4,0,912,train
4,0,913,train
4,0,914,train
4,0,915,train
4,0,916,train
4,0,917,train
4,0,918,train
4,0,919,train
4,0,920,train
4,0,922,train
4,0,924,train
4,0,926,train
4,0,928,train
4,0,929,train
4,0,930,train
4,0,932,train
4,0,933,train
4,0,934,train
4,0,935,train
4,0,936,train
4,0,937,train
4,0,939,train
4,0,940,train
4,0,941,train
4,0,942,train
4,0,943,train
4,0,944,train
4,0,945,train
4,0,946,train
4,0,949,train
4,0,950,train
4,0,952,train
4,0,954,train
4,0,955,train
4,0,956,train
4,0,957,train
4,0,958,train
4,0,959,train
4,0,960,train
4,0,962,train
4,0,963,train
4,0,964,train
4,0,965,train
4,0,966,train
4,0,967,train
4,0,968,train
4,0,970,train
4,0,971,train
4,0,972,train
4,0,973,train
4,0,974,train
4,0,976,train
4,0,977,train
4,0,978,train
4,0,981,train
4,0,985,train
4,0,986,train
4,0,988,train
4,0,989,train
4,0,990,train
4,0,992,train
4,0,995,train
4,0,996,train
4,0,997,train
4,0,998,train
4,0,999,train
4,0,1000,train
4,0,1001,train
4,0,1002,train
4,0,1003,train
4,0,1005,train
4,0,1006,train
4,0,1007,train
4,0,1008,train
4,0,1009,train
4,0,1010,train
4,0,1011,train
4,0,1012,train
4,0,1013,train
4,0,1014,train
4,0,1015,train
4,0,1016,train
4,0,1017,train
4,0,1018,train
4,0,1019,train
4,0,1020,train
4,0,1021,train
4,0,1022,train
4,0,1023,train
4,0,1024,train
4,0,1025,train
4,0,1026,train
4,0,1027,train
4,0,1028,train
4,0,1029,train
4,0,1030,train
4,0,1031,train
4,0,1032,train
4,0,1033,train
4,0,1034,train
4,0,1035,train
4,0,1036,train
4,0,1037,train
4,0,1038,train
4,0,1039,train
4,0,1040,train
4,0,1041,train
4,0,1042,train
4,0,1043,train
4,0,1044,train
4,0,1045,train
4,0,1046,train
4,0,1048,train
4,0,1050,train
4,0,1051,train
4,0,1052,train
4,0,1053,train
4,0,1055,train
4,0,1056,train
4,0,1057,train
4,0,1058,train
4,0,1059,train
4,0,1060,train
4,0,1062,train
4,0,1063,train
4,0,1064,train
4,0,1065,train
4,0,1066,train
4,0,1067,train
4,0,1070,train
4,0,1072,train
4,0,1073,train
4,0,1074,train
4,0,1075,train
4,0,1076,train
4,0,1077,train
4,0,1078,train
4,0,1081,train
4,0,1083,train
4,0,1084,train
4,0,1085,train
4,0,1086,train
4,0,1087,train
4,0,1088,train
4,0,1089,train
4,0,1090,train
4,0,1092,train
4,0,1094,train
4,0,1095,train
4,0,1096,train
4,0,1097,train
4,0,1098,train
4,0,1099,train
4,0,1,valid
4,0,4,valid
4,0,9,valid
4,0,10,valid
4,0,12,valid
4,0,15,valid
4,0,20,valid
4,0,23,valid
4,0,30,valid
4,0,40,valid
4,0,49,valid
4,0,51,valid
4,0,56,valid
4,0,72,valid
4,0,75,valid
4,0,76,valid
4,0,82,valid
4,0,87,valid
4,0,88,valid
4,0,97,valid
4,0,99,valid
4,0,104,valid
4,0,110,valid
4,0,116,valid
4,0,122,valid
4,0,127,valid
4,0,137,valid
4,0,143,valid
4,0,163,valid
4,0,169,valid
4,0,182,valid
4,0,190,valid
4,0,191,valid
4,0,204,valid
4,0,206,valid
4,0,214,valid
4,0,224,valid
4,0,237,valid
4,0,238,valid
4,0,251,valid
4,0,253,valid
4,0,254,valid
4,0,256,valid
4,0,259,valid
4,0,261,valid
4,0,262,valid
4,0,269,valid
4,0,273,valid
4,0,278,valid
4,0,279,valid
4,0,280,valid
4,0,286,valid
4,0,297,valid
4,0,300,valid
4,0,306,valid
4,0,310,valid
4,0,311,valid
4,0,320,valid
4,0,322,valid
4,0,333,valid
4,0,335,valid
4,0,356,valid
4,0,360,valid
4,0,361,valid
4,0,364,valid
4,0,366,valid
4,0,370,valid
4,0,383,valid
4,0,384,valid
4,0,391,valid
4,0,394,valid
4,0,406,valid
4,0,415,valid
4,0,416,valid
4,0,417,valid
4,0,430,valid
4,0,433,valid
4,0,434,valid
4,0,439,valid
4,0,440,valid
4,0,449,valid
4,0,451,valid
4,0,453,valid
4,0,461,valid
4,0,466,valid
4,0,469,valid
4,0,470,valid
4,0,476,valid
4,0,479,valid
4,0,480,valid
4,0,483,valid
4,0,492,valid
4,0,493,valid
4,0,503,valid
4,0,504,valid
4,0,507,valid
4,0,512,valid
4,0,515,valid
4,0,520,valid
4,0,527,valid
4,0,528,valid
4,0,534,valid
4,0,540,valid
4,0,546,valid
4,0,548,valid
4,0,556,valid
4,0,560,valid
4,0,578,valid
4,0,584,valid
4,0,589,valid
4,0,590,valid
4,0,592,valid
4,0,594,valid
4,0,596,valid
4,0,597,valid
4,0,605,valid
4,0,607,valid
4,0,613,valid
4,0,615,valid
4,0,616,valid
4,0,618,valid
4,0,623,valid
4,0,624,valid
4,0,625,valid
4,0,637,valid
4,0,639,valid
4,0,642,valid
4,0,657,valid
4,0,665,valid
4,0,666,valid
4,0,669,valid
4,0,672,valid
4,0,676,valid
4,0,678,valid
4,0,688,valid
4,0,690,valid
4,0,692,valid
4,0,694,valid
4,0,700,valid
4,0,709,valid
4,0,716,valid
4,0,717,valid
4,0,721,valid
4,0,725,valid
4,0,727,valid
4,0,731,valid
4,0,732,valid
4,0,735,valid
4,0,736,valid
4,0,740,valid
4,0,747,valid
4,0,750,valid
4,0,752,valid
4,0,753,valid
4,0,761,valid
4,0,769,valid
4,0,770,valid
4,0,777,valid
4,0,780,valid
4,0,783,valid
4,0,796,valid
4,0,798,valid
4,0,815,valid
4,0,818,valid
4,0,819,valid
4,0,820,valid
4,0,822,valid
4,0,830,valid
4,0,831,valid
4,0,832,valid
4,0,839,valid
4,0,843,valid
4,0,845,valid
4,0,855,valid
4,0,859,valid
4,0,860,valid
4,0,863,valid
4,0,870,valid
4,0,879,valid
4,0,880,valid
4,0,886,valid
4,0,894,valid
4,0,899,valid
4,0,901,valid
4,0,903,valid
4,0,921,valid
4,0,923,valid
4,0,925,valid
4,0,927,valid
4,0,931,valid
4,0,938,valid
4,0,947,valid
4,0,948,valid
4,0,951,valid
4,0,953,valid
4,0,961,valid
4,0,969,valid
4,0,975,valid
4,0,979,valid
4,0,980,valid
4,0,982,valid
4,0,983,valid
4,0,984,valid
4,0,987,valid
4,0,991,valid
4,0,993,valid
4,0,994,valid
4,0,1004,valid
4,0,1047,valid
4,0,1049,valid
4,0,1054,valid
4,0,1061,valid
4,0,1068,valid
4,0,1069,valid
4,0,1071,valid
4,0,1079,valid
4,0,1080,valid
4,0,1082,valid
4,0,1091,valid
4,0,1093,valid
4,1,0,train
4,1,1,train
4,1,2,train
4,1,4,train
4,1,5,train
4,1,6,train
4,1,7,train
4,1,8,train
4,1,9,train
4,1,10,train
4,1,12,train
4,1,13,train
4,1,14,train
4,1,15,train
4,1,16,train
4,1,17,train
4,1,19,train
4,1,20,train
4,1,21,train
4,1,23,train
4,1,25,train
4,1,27,train
4,1,28,train
4,1,29,train
4,1,30,train
4,1,31,train
4,1,33,train
4,1,36,train
4,1,37,train
4,1,38,train
4,1,40,train
4,1,41,train
4,1,43,train
4,1,45,train
4,1,46,train
4,1,47,train
4,1,49,train
4,1,50,train
4,1,51,train
4,1,52,train
4,1,53,train
4,1,54,train
4,1,55,train
4,1,56,train
4,1,57,train
4,1,59,train
4,1,60,train
4,1,63,train
4,1,64,train
4,1,65,train
4,1,69,train
4,1,70,train
4,1,72,train
4,1,73,train
4,1,74,train
4,1,75,train
4,1,76,train
4,1,77,train
4,1,78,train
4,1,79,train
4,1,81,train
4,1,82,train
4,1,83,train
4,1,84,train
4,1,85,train
4,1,86,train
4,1,87,train
4,1,88,train
4,1,89,train
4,1,90,train
4,1,91,train
4,1,92,train
4,1,96,train
4,1,97,train
4,1,98,train
4,1,99,train
4,1,100,train
4,1,101,train
4,1,102,train
4,1,103,train
4,1,104,train
4,1,105,train
4,1,106,train
4,1,107,train
4,1,108,train
4,1,109,train
4,1,110,train
4,1,111,train
4,1,112,train
4,1,114,train
4,1,115,train
4,1,116,train
4,1,117,train
4,1,118,train
4,1,119,train
4,1,120,train
4,1,121,train
4,1,122,train
4,1,123,train
4,1,124,train
4,1,125,train
4,1,127,train
4,1,128,train
4,1,131,train
4,1,132,train
4,1,133,train
4,1,134,train
4,1,136,train
4,1,137,train
4,1,138,train
4,1,139,train
4,1,140,train
4,1,141,train
4,1,142,train
4,1,143,train
4,1,144,train
4,1,145,train
4,1,147,train
4,1,148,train
4,1,149,train
4,1,150,train
4,1,151,train
4,1,152,train
4,1,153,train
4,1,154,train
4,1,155,train
4,1,156,train
4,1,157,train
4,1,158,train
4,1,159,train
4,1,160,train
4,1,161,train
4,1,162,train
4,1,163,train
4,1,164,train
4,1,166,train
4,1,167,train
4,1,168,train
4,1,169,train
4,1,170,train
4,1,171,train
4,1,172,train
4,1,173,train
4,1,174,train
4,1,175,train
4,1,176,train
4,1,177,train
4,1,178,train
4,1,179,train
4,1,180,train
4,1,181,train
4,1,182,train
4,1,183,train
4,1,184,train
4,1,185,train
4,1,188,train
4,1,189,train
4,1,190,train
4,1,191,train
4,1,194,train
4,1,196,train
4,1,197,train
4,1,198,train
4,1,199,train
4,1,201,train
4,1,202,train
4,1,203,train
4,1,204,train
4,1,206,train
4,1,207,train
4,1,208,train
4,1,209,train
4,1,213,train
4,1,214,train
4,1,215,train
4,1,216,train
4,1,218,train
4,1,219,train
4,1,221,train
4,1,222,train
4,1,223,train
4,1,224,train
4,1,225,train
4,1,226,train
4,1,227,train
4,1,228,train
4,1,230,train
4,1,231,train
4,1,232,train
4,1,233,train
4,1,235,train
4,1,236,train
4,1,237,train
4,1,238,train
4,1,239,train
4,1,240,train
4,1,242,train
4,1,243,train
4,1,244,train
4,1,246,train
4,1,247,train
4,1,248,train
4,1,249,train
4,1,251,train
4,1,252,train
4,1,253,train
4,1,254,train
4,1,256,train
4,1,257,train
4,1,258,train
4,1,259,train
4,1,261,train
4,1,262,train
4,1,263,train
4,1,264,train
4,1,265,train
4,1,266,train
4,1,267,train
4,1,268,train
4,1,269,train
4,1,270,train
4,1,271,train
4,1,272,train
4,1,273,train
4,1,274,train
4,1,275,train
4,1,276,train
4,1,277,train
4,1,278,train
4,1,279,train
4,1,280,train
4,1,281,train
4,1,283,train
4,1,284,train
4,1,285,train
4,1,286,train
4,1,287,train
4,1,289,train
4,1,290,train
4,1,291,train
4,1,292,train
4,1,293,train
4,1,294,train
4,1,296,train
4,1,297,train
4,1,298,train
4,1,300,train
4,1,301,train
4,1,303,train
4,1,304,train
4,1,305,train
4,1,306,train
4,1,307,train
4,1,309,train
4,1,310,train
4,1,311,train
4,1,312,train
4,1,313,train
4,1,314,train
4,1,315,train
4,1,316,train
4,1,317,train
4,1,318,train
4,1,319,train
4,1,320,train
4,1,322,train
4,1,324,train
4,1,325,train
4,1,326,train
4,1,327,train
4,1,328,train
4,1,330,train
4,1,331,train
4,1,332,train
4,1,333,train
4,1,334,train
4,1,335,train
4,1,336,train
4,1,337,train
4,1,338,train
4,1,339,train
4,1,340,train
4,1,341,train
4,1,342,train
4,1,344,train
4,1,345,train
4,1,346,train
4,1,347,train
4,1,349,train
4,1,350,train
4,1,352,train
4,1,353,train
4,1,354,train
4,1,355,train
4,1,356,train
4,1,358,train
4,1,359,train
4,1,360,train
4,1,361,train
4,1,362,train
4,1,364,train
4,1,366,train
4,1,367,train
4,1,368,train
4,1,370,train
4,1,371,train
4,1,372,train
4,1,373,train
4,1,374,train
4,1,375,train
4,1,376,train
4,1,382,train
4,1,383,train
4,1,384,train
4,1,385,train
4,1,386,train
4,1,387,train
4,1,389,train
4,1,390,train
4,1,391,train
4,1,392,train
4,1,393,train
4,1,394,train
4,1,395,train
4,1,398,train
4,1,399,train
4,1,400,train
4,1,401,train
4,1,402,train
4,1,403,train
4,1,404,train
4,1,405,train
4,1,406,train
4,1,407,train
4,1,408,train
4,1,409,train
4,1,410,train
4,1,411,train
4,1,412,train
4,1,413,train
4,1,414,train
4,1,415,train
4,1,416,train
4,1,417,train
4,1,418,train
4,1,419,train
4,1,421,train
4,1,424,train
4,1,425,train
4,1,426,train
4,1,428,train
4,1,429,train
4,1,430,train
4,1,432,train
4,1,433,train
4,1,434,train
4,1,435,train
4,1,436,train
4,1,437,train
4,1,439,train
4,1,440,train
4,1,444,train
4,1,445,train
4,1,446,train
4,1,447,train
4,1,448,train
4,1,449,train
4,1,450,train
4,1,451,train
4,1,453,train
4,1,454,train
4,1,455,train
4,1,456,train
4,1,459,train
4,1,460,train
4,1,461,train
4,1,462,train
4,1,463,train
4,1,466,train
4,1,467,train
4,1,469,train
4,1,470,train
4,1,471,train
4,1,472,train
4,1,473,train
4,1,474,train
4,1,475,train
4,1,476,train
4,1,479,train
4,1,480,train
4,1,481,train
4,1,483,train
4,1,485,train
4,1,486,train
4,1,487,train
4,1,489,train
4,1,490,train
4,1,492,train
4,1,493,train
4,1,494,train
4,1,496,train
4,1,498,train
4,1,499,train
4,1,500,train
4,1,501,train
4,1,502,train
4,1,503,train
4,1,504,train
4,1,505,train
4,1,506,train
4,1,507,train
4,1,509,train
4,1,510,train
4,1,512,train
4,1,513,train
4,1,514,train
4,1,515,train
4,1,516,train
4,1,517,train
4,1,518,train
4,1,520,train
4,1,521,train
4,1,522,train
4,1,523,train
4,1,524,train
4,1,526,train
4,1,527,train
4,1,528,train
4,1,529,train
4,1,530,train
4,1,531,train
4,1,533,train
4,1,534,train
4,1,535,train
4,1,536,train
4,1,537,train
4,1,538,train
4,1,539,train
4,1,540,train
4,1,541,train
4,1,542,train
4,1,543,train
4,1,545,train
4,1,546,train
4,1,548,train
4,1,549,train
4,1,550,train
4,1,552,train
4,1,553,train
4,1,554,train
4,1,555,train
4,1,556,train
4,1,558,train
4,1,560,train
4,1,561,train
4,1,563,train
4,1,564,train
4,1,565,train
4,1,566,train
4,1,567,train
4,1,568,train
4,1,569,train
4,1,570,train
4,1,571,train
4,1,572,train
4,1,574,train
4,1,575,train
4,1,576,train
4,1,578,train
4,1,579,train
4,1,580,train
4,1,582,train
4,1,584,train
4,1,588,train
4,1,589,train
4,1,590,train
4,1,592,train
4,1,593,train
4,1,594,train
4,1,596,train
4,1,597,train
4,1,598,train
4,1,600,train
4,1,602,train
4,1,603,train
4,1,604,train
4,1,605,train
4,1,606,train
4,1,607,train
4,1,608,train
4,1,610,train
4,1,611,train
4,1,612,train
4,1,613,train
4,1,615,train
4,1,616,train
4,1,617,train
4,1,618,train
4,1,621,train
4,1,622,train
4,1,623,train
4,1,624,train
4,1,625,train
4,1,626,train
4,1,627,train
4,1,628,train
4,1,629,train
4,1,630,train
4,1,631,train
4,1,632,train
4,1,634,train
4,1,635,train
4,1,637,train
4,1,638,train
4,1,639,train
4,1,640,train
4,1,641,train
4,1,642,train
4,1,644,train
4,1,646,train
4,1,648,train
4,1,651,train
4,1,652,train
4,1,654,train
4,1,655,train
4,1,656,train
4,1,657,train
4,1,659,train
4,1,660,train
4,1,661,train
4,1,662,train
4,1,663,train
4,1,664,train
4,1,665,train
4,1,666,train
4,1,667,train
4,1,668,train
4,1,669,train
4,1,670,train
4,1,671,train
4,1,672,train
4,1,673,train
4,1,674,train
4,1,675,train
4,1,676,train
4,1,678,train
4,1,679,train
4,1,680,train
4,1,681,train
4,1,682,train
4,1,683,train
4,1,685,train
4,1,688,train
4,1,689,train
4,1,690,train
4,1,691,train
4,1,692,train
4,1,694,train
4,1,695,train
4,1,696,train
4,1,697,train
4,1,698,train
4,1,699,train
4,1,700,train
4,1,701,train
4,1,704,train
4,1,706,train
4,1,707,train
4,1,709,train
4,1,710,train
4,1,711,train
4,1,712,train
4,1,714,train
4,1,715,train
4,1,716,train
4,1,717,train
4,1,718,train
4,1,719,train
4,1,721,train
4,1,722,train
4,1,724,train
4,1,725,train
4,1,726,train
4,1,727,train
4,1,729,train
4,1,730,train
4,1,731,train
4,1,732,train
4,1,733,train
4,1,734,train
4,1,735,train
4,1,736,train
4,1,737,train
4,1,738,train
4,1,739,train
4,1,740,train
4,1,741,train
4,1,742,train
4,1,744,train
4,1,745,train
4,1,747,train
4,1,748,train
4,1,749,train
4,1,750,train
4,1,751,train
4,1,752,train
4,1,753,train
4,1,754,train
4,1,756,train
4,1,757,train
4,1,759,train
4,1,761,train
4,1,762,train
4,1,763,train
4,1,764,train
4,1,765,train
4,1,767,train
4,1,768,train
4,1,769,train
4,1,770,train
4,1,771,train
4,1,772,train
4,1,773,train
4,1,774,train
4,1,775,train
4,1,776,train
4,1,777,train
4,1,778,train
4,1,779,train
4,1,780,train
4,1,781,train
4,1,783,train
4,1,784,train
4,1,786,train
4,1,788,train
4,1,789,train
4,1,790,train
4,1,791,train
4,1,792,train
4,1,793,train
4,1,794,train
4,1,795,train
4,1,796,train
4,1,798,train
4,1,801,train
4,1,802,train
4,1,803,train
4,1,804,train
4,1,806,train
4,1,807,train
4,1,808,train
4,1,809,train
4,1,810,train
4,1,811,train
4,1,812,train
4,1,813,train
4,1,815,train
4,1,816,train
4,1,817,train
4,1,818,train
4,1,819,train
4,1,820,train
4,1,821,train
4,1,822,train
4,1,823,train
4,1,824,train
4,1,825,train
4,1,826,train
4,1,827,train
4,1,828,train
4,1,829,train
4,1,830,train
4,1,831,train
4,1,832,train
4,1,833,train
4,1,837,train
4,1,839,train
4,1,840,train
4,1,841,train
4,1,843,train
4,1,844,train
4,1,845,train
4,1,846,train
4,1,847,train
4,1,848,train
4,1,849,train
4,1,850,train
4,1,851,train
4,1,853,train
4,1,855,train
4,1,856,train
4,1,857,train
4,1,859,train
4,1,860,train
4,1,861,train
4,1,862,train
4,1,863,train
4,1,864,train
4,1,865,train
4,1,866,train
4,1,867,train
4,1,870,train
4,1,871,train
4,1,872,train
4,1,873,train
4,1,876,train
4,1,878,train
4,1,879,train
4,1,880,train
4,1,881,train
4,1,882,train
4,1,883,train
4,1,886,train
4,1,887,train
4,1,888,train
4,1,890,train
4,1,892,train
4,1,893,train
4,1,894,train
4,1,895,train
4,1,896,train
4,1,897,train
4,1,899,train
4,1,900,train
4,1,901,train
4,1,902,train
4,1,903,train
4,1,904,train
4,1,905,train
4,1,908,train
4,1,909,train
4,1,911,train
4,1,914,train
4,1,915,train
4,1,916,train
4,1,917,train
4,1,918,train
4,1,919,train
4,1,920,train
4,1,921,train
4,1,922,train
4,1,923,train
4,1,924,train
4,1,925,train
4,1,926,train
4,1,927,train
4,1,929,train
4,1,930,train
4,1,931,train
4,1,932,train
4,1,933,train
4,1,934,train
4,1,935,train
4,1,936,train
4,1,938,train
4,1,942,train
4,1,945,train
4,1,947,train
4,1,948,train
4,1,949,train
4,1,950,train
4,1,951,train
4,1,953,train
4,1,954,train
4,1,955,train
4,1,956,train
4,1,957,train
4,1,958,train
4,1,960,train
4,1,961,train
4,1,963,train
4,1,964,train
4,1,965,train
4,1,966,train
4,1,968,train
4,1,969,train
4,1,970,train
4,1,971,train
4,1,974,train
4,1,975,train
4,1,979,train
4,1,980,train
4,1,981,train
4,1,982,train
4,1,983,train
4,1,984,train
4,1,985,train
4,1,986,train
4,1,987,train
4,1,988,train
4,1,990,train
4,1,991,train
4,1,992,train
4,1,993,train
4,1,994,train
4,1,995,train
4,1,997,train
4,1,998,train
4,1,999,train
4,1,1000,train
4,1,1003,train
4,1,1004,train
4,1,1005,train
4,1,1006,train
4,1,1007,train
4,1,1009,train
4,1,1010,train
4,1,1011,train
4,1,1012,train
4,1,1013,train
4,1,1014,train
4,1,1015,train
4,1,1016,train
4,1,1017,train
4,1,1019,train
4,1,1020,train
4,1,1021,train
4,1,1022,train
4,1,1023,train
4,1,1024,train
4,1,1026,train
4,1,1027,train
4,1,1028,train
4,1,1029,train
4,1,1030,train
4,1,1031,train
4,1,1032,train
4,1,1034,train
4,1,1038,train
4,1,1040,train
4,1,1041,train
4,1,1042,train
4,1,1044,train
4,1,1045,train
4,1,1046,train
4,1,1047,train
4,1,1048,train
4,1,1049,train
4,1,1050,train
4,1,1051,train
4,1,1052,train
4,1,1053,train
4,1,1054,train
4,1,1055,train
4,1,1056,train
4,1,1057,train
4,1,1058,train
4,1,1059,train
4,1,1061,train
4,1,1063,train
4,1,1064,train
4,1,1067,train
4,1,1068,train
4,1,1069,train
4,1,1070,train
4,1,1071,train
4,1,1072,train
4,1,1073,train
4,1,1074,train
4,1,1075,train
4,1,1076,train
4,1,1079,train
4,1,1080,train
4,1,1081,train
4,1,1082,train
4,1,1083,train
4,1,1084,train
4,1,1085,train
4,1,1087,train
4,1,1088,train
4,1,1090,train
4,1,1091,train
4,1,1092,train
4,1,1093,train
4,1,1094,train
4,1,1096,train
4,1,1097,train
4,1,1098,train
4,1,3,valid
4,1,11,valid
4,1,18,valid
4,1,22,valid
4,1,24,valid
4,1,26,valid
4,1,32,valid
4,1,34,valid
4,1,35,valid
4,1,39,valid
4,1,42,valid
4,1,44,valid
4,1,48,valid
4,1,58,valid
4,1,61,valid
4,1,62,valid
4,1,66,valid
4,1,67,valid
4,1,68,valid
4,1,71,valid
4,1,80,valid
4,1,93,valid
4,1,94,valid
4,1,95,valid
4,1,113,valid
4,1,126,valid
4,1,129,valid
4,1,130,valid
4,1,135,valid
4,1,146,valid
4,1,165,valid
4,1,186,valid
4,1,187,valid
4,1,192,valid
4,1,193,valid
4,1,195,valid
4,1,200,valid
4,1,205,valid
4,1,210,valid
4,1,211,valid
4,1,212,valid
4,1,217,valid
4,1,220,valid
4,1,229,valid
4,1,234,valid
4,1,241,valid
4,1,245,valid
4,1,250,valid
4,1,255,valid
4,1,260,valid
4,1,282,valid
4,1,288,valid
4,1,295,valid
4,1,299,valid
4,1,302,valid
4,1,308,valid
4,1,321,valid
4,1,323,valid
4,1,329,valid
4,1,343,valid
4,1,348,valid
4,1,351,valid
4,1,357,valid
4,1,363,valid
4,1,365,valid
4,1,369,valid
4,1,377,valid
4,1,378,valid
4,1,379,valid
4,1,380,valid
4,1,381,valid
4,1,388,valid
4,1,396,valid
4,1,397,valid
4,1,420,valid
4,1,422,valid
4,1,423,valid
4,1,427,valid
4,1,431,valid
4,1,438,valid
4,1,441,valid
4,1,442,valid
4,1,443,valid
4,1,452,valid
4,1,457,valid
4,1,458,valid
4,1,464,valid
4,1,465,valid
4,1,468,valid
4,1,477,valid
4,1,478,valid
4,1,482,valid
4,1,484,valid
4,1,488,valid
4,1,491,valid
4,1,495,valid
4,1,497,valid
4,1,508,valid
4,1,511,valid
4,1,519,valid
4,1,525,valid
4,1,532,valid
4,1,544,valid
4,1,547,valid
4,1,551,valid
4,1,557,valid
4,1,559,valid
4,1,562,valid
4,1,573,valid
4,1,577,valid
4,1,581,valid
4,1,583,valid
4,1,585,valid
4,1,586,valid
4,1,587,valid
4,1,591,valid
4,1,595,valid
4,1,599,valid
4,1,601,valid
4,1,609,valid
4,1,614,valid
4,1,619,valid
4,1,620,valid
4,1,633,valid
4,1,636,valid
4,1,643,valid
4,1,645,valid
4,1,647,valid
4,1,649,valid
4,1,650,valid
4,1,653,valid
4,1,658,valid
4,1,677,valid
4,1,684,valid
4,1,686,valid
4,1,687,valid
4,1,693,valid
4,1,702,valid
4,1,703,valid
4,1,705,valid
4,1,708,valid
4,1,713,valid
4,1,720,valid
4,1,723,valid
4,1,728,valid
4,1,743,valid
4,1,746,valid
4,1,755,valid
4,1,758,valid
4,1,760,valid
4,1,766,valid
4,1,782,valid
4,1,785,valid
4,1,787,valid
4,1,797,valid
4,1,799,valid
4,1,800,valid
4,1,814,valid
4,1,834,valid
4,1,835,valid
4,1,836,valid
4,1,838,valid
4,1,842,valid
4,1,852,valid
4,1,854,valid
4,1,858,valid
4,1,868,valid
4,1,869,valid
4,1,874,valid
4,1,875,valid
4,1,877,valid
4,1,884,valid
4,1,885,valid
4,1,891,valid
4,1,898,valid
4,1,906,valid
4,1,907,valid
4,1,910,valid
4,1,912,valid
4,1,913,valid
4,1,928,valid
4,1,937,valid
4,1,939,valid
4,1,940,valid
4,1,941,valid
4,1,943,valid
4,1,944,valid
4,1,946,valid
4,1,952,valid
4,1,959,valid
4,1,962,valid
4,1,967,valid
4,1,972,valid
4,1,973,valid
4,1,976,valid
4,1,977,valid
4,1,978,valid
4,1,989,valid
4,1,996,valid
4,1,1001,valid
4,1,1002,valid
4,1,1008,valid
4,1,1018,valid
4,1,1025,valid
4,1,1033,valid
4,1,1035,valid
4,1,1036,valid
4,1,1037,valid
4,1,1039,valid
4,1,1043,valid
4,1,1060,valid
4,1,1062,valid
4,1,1065,valid
4,1,1066,valid
4,1,1077,valid
4,1,1078,valid
4,1,1086,valid
4,1,1089,valid
4,1,1095,valid
4,1,1099,valid
4,2,0,train
4,2,1,train
4,2,2,train
4,2,3,train
4,2,4,train
4,2,5,train
4,2,6,train
4,2,7,train
4,2,8,train
4,2,9,train
4,2,10,train
4,2,11,train
4,2,12,train
4,2,13,train
4,2,14,train
4,2,15,train
4,2,16,train
4,2,17,train
4,2,18,train
4,2,20,train
4,2,21,train
4,2,22,train
4,2,23,train
4,2,24,train
4,2,25,train
4,2,26,train
4,2,27,train
4,2,28,train
4,2,29,train
4,2,30,train
4,2,31,train
4,2,32,train
4,2,34,train
4,2,35,train
4,2,37,train
4,2,38,train
4,2,39,train
4,2,40,train
4,2,41,train
4,2,42,train
4,2,43,train
4,2,44,train
4,2,45,train
4,2,46,train
4,2,47,train
4,2,48,train
4,2,49,train
4,2,51,train
4,2,52,train
4,2,53,train
4,2,55,train
4,2,56,train
4,2,57,train
4,2,58,train
4,2,61,train
4,2,62,train
4,2,63,train
4,2,64,train
4,2,65,train
4,2,66,train
4,2,67,train
4,2,68,train
4,2,69,train
4,2,71,train
4,2,72,train
4,2,73,train
4,2,74,train
4,2,75,train
4,2,76,train
4,2,77,train
4,2,80,train
4,2,82,train
4,2,83,train
4,2,84,train
4,2,86,train
4,2,87,train
4,2,88,train
4,2,89,train
4,2,90,train
4,2,91,train
4,2,92,train
4,2,93,train
4,2,94,train
4,2,95,train
4,2,96,train
4,2,97,train
4,2,99,train
4,2,100,train
4,2,102,train
4,2,104,train
4,2,105,train
4,2,108,train
4,2,109,train
4,2,110,train
4,2,111,train
4,2,112,train
4,2,113,train
4,2,115,train
4,2,116,train
4,2,117,train
4,2,119,train
4,2,120,train
4,2,121,train
4,2,122,train
4,2,124,train
4,2,126,train
4,2,127,train
4,2,129,train
4,2,130,train
4,2,131,train
4,2,133,train
4,2,134,train
4,2,135,train
4,2,136,train
4,2,137,train
4,2,139,train
4,2,143,train
4,2,144,train
4,2,145,train
4,2,146,train
4,2,149,train
4,2,150,train
4,2,153,train
4,2,154,train
4,2,155,train
4,2,156,train
4,2,157,train
4,2,159,train
4,2,160,train
4,2,161,train
4,2,162,train
4,2,163,train
4,2,164,train
4,2,165,train
4,2,167,train
4,2,169,train
4,2,171,train
4,2,177,train
4,2,178,train
4,2,179,train
4,2,180,train
4,2,181,train
4,2,182,train
4,2,184,train
4,2,186,train
4,2,187,train
4,2,188,train
4,2,189,train
4,2,190,train
4,2,191,train
4,2,192,train
4,2,193,train
4,2,195,train
4,2,197,train
4,2,198,train
4,2,199,train
4,2,200,train
4,2,201,train
4,2,203,train
4,2,204,train
4,2,205,train
4,2,206,train
4,2,208,train
4,2,209,train
4,2,210,train
4,2,211,train
4,2,212,train
4,2,214,train
4,2,217,train
4,2,218,train
4,2,219,train
4,2,220,train
4,2,221,train
4,2,222,train
4,2,223,train
4,2,224,train
4,2,225,train
4,2,226,train
4,2,229,train
4,2,230,train
4,2,231,train
4,2,232,train
4,2,233,train
4,2,234,train
4,2,235,train
4,2,237,train
4,2,238,train
4,2,240,train
4,2,241,train
4,2,242,train
4,2,245,train
4,2,246,train
4,2,247,train
4,2,248,train
4,2,250,train
4,2,251,train
4,2,252,train
4,2,253,train
4,2,254,train
4,2,255,train
4,2,256,train
4,2,258,train
4,2,259,train
4,2,260,train
4,2,261,train
4,2,262,train
4,2,263,train
4,2,265,train
4,2,266,train
4,2,267,train
4,2,268,train
4,2,269,train
4,2,271,train
4,2,272,train
4,2,273,train
4,2,274,train
4,2,276,train
4,2,278,train
4,2,279,train
4,2,280,train
4,2,281,train
4,2,282,train
4,2,283,train
4,2,284,train
4,2,285,train
4,2,286,train
4,2,287,train
4,2,288,train
4,2,290,train
4,2,292,train
4,2,293,train
4,2,294,train
4,2,295,train
4,2,297,train
4,2,298,train
4,2,299,train
4,2,300,train
4,2,302,train
4,2,303,train
4,2,304,train
4,2,305,train
4,2,306,train
4,2,308,train
4,2,310,train
4,2,311,train
4,2,312,train
4,2,313,train
4,2,315,train
4,2,316,train
4,2,317,train
4,2,319,train
4,2,320,train
4,2,321,train
4,2,322,train
4,2,323,train
4,2,324,train
4,2,325,train
4,2,326,train
4,2,327,train
4,2,329,train
4,2,331,train
4,2,332,train
4,2,333,train
4,2,335,train
4,2,336,train
4,2,337,train
4,2,338,train
4,2,339,train
4,2,340,train
4,2,341,train
4,2,342,train
4,2,343,train
4,2,344,train
4,2,347,train
4,2,348,train
4,2,349,train
4,2,351,train
4,2,353,train
4,2,356,train
4,2,357,train
4,2,358,train
4,2,359,train
4,2,360,train
4,2,361,train
4,2,363,train
4,2,364,train
4,2,365,train
4,2,366,train
4,2,367,train
4,2,369,train
4,2,370,train
4,2,371,train
4,2,372,train
4,2,376,train
4,2,377,train
4,2,378,train
4,2,379,train
4,2,380,train
4,2,381,train
4,2,382,train
4,2,383,train
4,2,384,train
4,2,386,train
4,2,388,train
4,2,391,train
4,2,392,train
4,2,393,train
4,2,394,train
4,2,395,train
4,2,396,train
4,2,397,train
4,2,398,train
4,2,399,train
4,2,400,train
4,2,401,train
4,2,402,train
4,2,405,train
4,2,406,train
4,2,407,train
4,2,408,train
4,2,409,train
4,2,410,train
4,2,412,train
4,2,413,train
4,2,415,train
4,2,416,train
4,2,417,train
4,2,420,train
4,2,422,train
4,2,423,train
4,2,424,train
4,2,425,train
4,2,426,train
4,2,427,train
4,2,428,train
4,2,430,train
4,2,431,train
4,2,432,train
4,2,433,train
4,2,434,train
4,2,435,train
4,2,437,train
4,2,438,train
4,2,439,train
4,2,440,train
4,2,441,train
4,2,442,train
4,2,443,train
4,2,444,train
4,2,445,train
4,2,448,train
4,2,449,train
4,2,450,train
4,2,451,train
4,2,452,train
4,2,453,train
4,2,454,train
4,2,455,train
4,2,456,train
4,2,457,train
4,2,458,train
4,2,460,train
4,2,461,train
4,2,462,train
4,2,463,train
4,2,464,train
4,2,465,train
4,2,466,train
4,2,467,train
4,2,468,train
4,2,469,train
4,2,470,train
4,2,472,train
4,2,473,train
4,2,474,train
4,2,476,train
4,2,477,train
4,2,478,train
4,2,479,train
4,2,480,train
4,2,481,train
4,2,482,train
4,2,483,train
4,2,484,train
4,2,486,train
4,2,487,train
4,2,488,train
4,2,489,train
4,2,491,train
4,2,492,train
4,2,493,train
4,2,494,train
4,2,495,train
4,2,497,train
4,2,498,train
4,2,499,train
4,2,501,train
4,2,503,train
4,2,504,train
4,2,505,train
4,2,507,train
4,2,508,train
4,2,509,train
4,2,510,train
4,2,511,train
4,2,512,train
4,2,514,train
4,2,515,train
4,2,516,train
4,2,518,train
4,2,519,train
4,2,520,train
4,2,522,train
4,2,523,train
4,2,524,train
4,2,525,train
4,2,526,train
4,2,527,train
4,2,528,train
4,2,529,train
4,2,531,train
4,2,532,train
4,2,534,train
4,2,535,train
4,2,536,train
4,2,537,train
4,2,539,train
4,2,540,train
4,2,542,train
4,2,543,train
4,2,544,train
4,2,545,train
4,2,546,train
4,2,547,train
4,2,548,train
4,2,549,train
4,2,551,train
4,2,552,train
4,2,555,train
4,2,556,train
4,2,557,train
4,2,558,train
4,2,559,train
4,2,560,train
4,2,561,train
4,2,562,train
4,2,564,train
4,2,565,train
4,2,568,train
4,2,571,train
4,2,572,train
4,2,573,train
4,2,574,train
4,2,575,train
4,2,576,train
4,2,577,train
4,2,578,train
4,2,579,train
4,2,580,train
4,2,581,train
4,2,582,train
4,2,583,train
4,2,584,train
4,2,585,train
4,2,586,train
4,2,587,train
4,2,588,train
4,2,589,train
4,2,590,train
4,2,591,train
4,2,592,train
4,2,594,train
4,2,595,train
4,2,596,train
4,2,597,train
4,2,598,train
4,2,599,train
4,2,600,train
4,2,601,train
4,2,603,train
4,2,605,train
4,2,607,train
4,2,608,train
4,2,609,train
4,2,611,train
4,2,613,train
4,2,614,train
4,2,615,train
4,2,616,train
4,2,618,train
4,2,619,train
4,2,620,train
4,2,623,train
4,2,624,train
4,2,625,train
4,2,626,train
4,2,627,train
4,2,628,train
4,2,629,train
4,2,630,train
4,2,632,train
4,2,633,train
4,2,634,train
4,2,635,train
4,2,636,train
4,2,637,train
4,2,638,train
4,2,639,train
4,2,641,train
4,2,642,train
4,2,643,train
4,2,645,train
4,2,647,train
4,2,648,train
4,2,649,train
4,2,650,train
4,2,651,train
4,2,652,train
4,2,653,train
4,2,654,train
4,2,655,train
4,2,657,train
4,2,658,train
4,2,659,train
4,2,660,train
4,2,661,train
4,2,663,train
4,2,664,train
4,2,665,train
4,2,666,train
4,2,667,train
4,2,668,train
4,2,669,train
4,2,671,train
4,2,672,train
4,2,673,train
4,2,674,train
4,2,675,train
4,2,676,train
4,2,677,train
4,2,678,train
4,2,680,train
4,2,681,train
4,2,682,train
4,2,683,train
4,2,684,train
4,2,686,train
4,2,687,train
4,2,688,train
4,2,689,train
4,2,690,train
4,2,692,train
4,2,693,train
4,2,694,train
4,2,696,train
4,2,697,train
4,2,700,train
4,2,702,train
4,2,703,train
4,2,704,train
4,2,705,train
4,2,706,train
4,2,707,train
4,2,708,train
4,2,709,train
4,2,710,train
4,2,711,train
4,2,713,train
4,2,714,train
4,2,716,train
4,2,717,train
4,2,718,train
4,2,719,train
4,2,720,train
4,2,721,train
4,2,722,train
4,2,723,train
4,2,724,train
4,2,725,train
4,2,726,train
4,2,727,train
4,2,728,train
4,2,729,train
4,2,730,train
4,2,731,train
4,2,732,train
4,2,734,train
4,2,735,train
4,2,736,train
4,2,739,train
4,2,740,train
4,2,742,train
4,2,743,train
4,2,744,train
4,2,746,train
4,2,747,train
4,2,748,train
4,2,749,train
4,2,750,train
4,2,751,train
4,2,752,train
4,2,753,train
4,2,754,train
4,2,755,train
4,2,756,train
4,2,758,train
4,2,759,train
4,2,760,train
4,2,761,train
4,2,762,train
4,2,763,train
4,2,764,train
4,2,766,train
4,2,767,train
4,2,768,train
4,2,769,train
4,2,770,train
4,2,771,train
4,2,773,train
4,2,774,train
4,2,775,train
4,2,777,train
4,2,778,train
4,2,780,train
4,2,781,train
4,2,782,train
4,2,783,train
4,2,785,train
4,2,786,train
4,2,787,train
4,2,790,train
4,2,792,train
4,2,795,train
4,2,796,train
4,2,797,train
4,2,798,train
4,2,799,train
4,2,800,train
4,2,803,train
4,2,806,train
4,2,807,train
4,2,808,train
4,2,809,train
4,2,811,train
4,2,813,train
4,2,814,train
4,2,815,train
4,2,816,train
4,2,817,train
4,2,818,train
4,2,819,train
4,2,820,train
4,2,821,train
4,2,822,train
4,2,823,train
4,2,824,train
4,2,825,train
4,2,828,train
4,2,829,train
4,2,830,train
4,2,831,train
4,2,832,train
4,2,833,train
4,2,834,train
4,2,835,train
4,2,836,train
4,2,837,train
4,2,838,train
4,2,839,train
4,2,840,train
4,2,841,train
4,2,842,train
4,2,843,train
4,2,844,train
4,2,845,train
4,2,846,train
4,2,847,train
4,2,848,train
4,2,849,train
4,2,850,train
4,2,852,train
4,2,853,train
4,2,854,train
4,2,855,train
4,2,857,train
4,2,858,train
4,2,859,train
4,2,860,train
4,2,861,train
4,2,863,train
4,2,864,train
4,2,866,train
4,2,867,train
4,2,868,train
4,2,869,train
4,2,870,train
4,2,871,train
4,2,873,train
4,2,874,train
4,2,875,train
4,2,876,train
4,2,877,train
4,2,879,train
4,2,880,train
4,2,882,train
4,2,883,train
4,2,884,train
4,2,885,train
4,2,886,train
4,2,887,train
4,2,888,train
4,2,891,train
4,2,893,train
4,2,894,train
4,2,896,train
4,2,898,train
4,2,899,train
4,2,901,train
4,2,903,train
4,2,905,train
4,2,906,train
4,2,907,train
4,2,908,train
4,2,910,train
4,2,912,train
4,2,913,train
4,2,914,train
4,2,915,train
4,2,916,train
4,2,917,train
4,2,919,train
4,2,921,train
4,2,922,train
4,2,923,train
4,2,924,train
4,2,925,train
4,2,926,train
4,2,927,train
4,2,928,train
4,2,929,train
4,2,931,train
4,2,932,train
4,2,935,train
4,2,937,train
4,2,938,train
4,2,939,train
4,2,940,train
4,2,941,train
4,2,943,train
4,2,944,train
4,2,946,train
4,2,947,train
4,2,948,train
4,2,949,train
4,2,950,train
4,2,951,train
4,2,952,train
4,2,953,train
4,2,954,train
4,2,955,train
4,2,956,train
4,2,957,train
4,2,958,train
4,2,959,train
4,2,960,train
4,2,961,train
4,2,962,train
4,2,964,train
4,2,965,train
4,2,967,train
4,2,968,train
4,2,969,train
4,2,970,train
4,2,972,train
4,2,973,train
4,2,974,train
4,2,975,train
4,2,976,train
4,2,977,train
4,2,978,train
4,2,979,train
4,2,980,train
4,2,981,train
4,2,982,train
4,2,983,train
4,2,984,train
4,2,985,train
4,2,987,train
4,2,988,train
4,2,989,train
4,2,990,train
4,2,991,train
4,2,992,train
4,2,993,train
4,2,994,train
4,2,995,train
4,2,996,train
4,2,997,train
4,2,998,train
4,2,1000,train
4,2,1001,train
4,2,1002,train
4,2,1004,train
4,2,1005,train
4,2,1006,train
4,2,1007,train
4,2,1008,train
4,2,1009,train
4,2,1010,train
4,2,1011,train
4,2,1013,train
4,2,1017,train
4,2,1018,train
4,2,1019,train
4,2,1021,train
4,2,1022,train
4,2,1023,train
4,2,1024,train
4,2,1025,train
4,2,1026,train
4,2,1029,train
4,2,1032,train
4,2,1033,train
4,2,1035,train
4,2,1036,train
4,2,1037,train
4,2,1038,train
4,2,1039,train
4,2,1040,train
4,2,1041,train
4,2,1043,train
4,2,1044,train
4,2,1045,train
4,2,1046,train
4,2,1047,train
4,2,1048,train
4,2,1049,train
4,2,1050,train
4,2,1051,train
4,2,1052,train
4,2,1053,train
4,2,1054,train
4,2,1055,train
4,2,1057,train
4,2,1059,train
4,2,1060,train
4,2,1061,train
4,2,1062,train
4,2,1064,train
4,2,1065,train
4,2,1066,train
4,2,1068,train
4,2,1069,train
4,2,1070,train
4,2,1071,train
4,2,1072,train
4,2,1073,train
4,2,1074,train
4,2,1075,train
4,2,1076,train
4,2,1077,train
4,2,1078,train
4,2,1079,train
4,2,1080,train
4,2,1082,train
4,2,1084,train
4,2,1085,train
4,2,1086,train
4,2,1088,train
4,2,1089,train
4,2,1090,train
4,2,1091,train
4,2,1092,train
4,2,1093,train
4,2,1095,train
4,2,1096,train
4,2,1098,train
4,2,1099,train
4,2,19,valid
4,2,33,valid
4,2,36,valid
4,2,50,valid
4,2,54,valid
4,2,59,valid
4,2,60,valid
4,2,70,valid
4,2,78,valid
4,2,79,valid
4,2,81,valid
4,2,85,valid
4,2,98,valid
4,2,101,valid
4,2,103,valid
4,2,106,valid
4,2,107,valid
4,2,114,valid
4,2,118,valid
4,2,123,valid
4,2,125,valid
4,2,128,valid
4,2,132,valid
4,2,138,valid
4,2,140,valid
4,2,141,valid
4,2,142,valid
4,2,147,valid
4,2,148,valid
4,2,151,valid
4,2,152,valid
4,2,158,valid
4,2,166,valid
4,2,168,valid
4,2,170,valid
4,2,172,valid
4,2,173,valid
4,2,174,valid
4,2,175,valid
4,2,176,valid
4,2,183,valid
4,2,185,valid
4,2,194,valid
4,2,196,valid
4,2,202,valid
4,2,207,valid
4,2,213,valid
4,2,215,valid
4,2,216,valid
4,2,227,valid
4,2,228,valid
4,2,236,valid
4,2,239,valid
4,2,243,valid
4,2,244,valid
4,2,249,valid
4,2,257,valid
4,2,264,valid
4,2,270,valid
4,2,275,valid
4,2,277,valid
4,2,289,valid
4,2,291,valid
4,2,296,valid
4,2,301,valid
4,2,307,valid
4,2,309,valid
4,2,314,valid
4,2,318,valid
4,2,328,valid
4,2,330,valid
4,2,334,valid
4,2,345,valid
4,2,346,valid
4,2,350,valid
4,2,352,valid
4,2,354,valid
4,2,355,valid
4,2,362,valid
4,2,368,valid
4,2,373,valid
4,2,374,valid
4,2,375,valid
4,2,385,valid
4,2,387,valid
4,2,389,valid
4,2,390,valid
4,2,403,valid
4,2,404,valid
4,2,411,valid
4,2,414,valid
4,2,418,valid
4,2,419,valid
4,2,421,valid
4,2,429,valid
4,2,436,valid
4,2,446,valid
4,2,447,valid
4,2,459,valid
4,2,471,valid
4,2,475,valid
4,2,485,valid
4,2,490,valid
4,2,496,valid
4,2,500,valid
4,2,502,valid
4,2,506,valid
4,2,513,valid
4,2,517,valid
4,2,521,valid
4,2,530,valid
4,2,533,valid
4,2,538,valid
4,2,541,valid
4,2,550,valid
4,2,553,valid
4,2,554,valid
4,2,563,valid
4,2,566,valid
4,2,567,valid
4,2,569,valid
4,2,570,valid
4,2,593,valid
4,2,602,valid
4,2,604,valid
4,2,606,valid
4,2,610,valid
4,2,612,valid
4,2,617,valid
4,2,621,valid
4,2,622,valid
4,2,631,valid
4,2,640,valid
4,2,644,valid
4,2,646,valid
4,2,656,valid
4,2,662,valid
4,2,670,valid
4,2,679,valid
4,2,685,valid
4,2,691,valid
4,2,695,valid
4,2,698,valid
4,2,699,valid
4,2,701,valid
4,2,712,valid
4,2,715,valid
4,2,733,valid
4,2,737,valid
4,2,738,valid
4,2,741,valid
4,2,745,valid
4,2,757,valid
4,2,765,valid
4,2,772,valid
4,2,776,valid
4,2,779,valid
4,2,784,valid
4,2,788,valid
4,2,789,valid
4,2,791,valid
4,2,793,valid
4,2,794,valid
4,2,801,valid
4,2,802,valid
4,2,804,valid
4,2,810,valid
4,2,812,valid
4,2,826,valid
4,2,827,valid
4,2,851,valid
4,2,856,valid
4,2,862,valid
4,2,865,valid
4,2,872,valid
4,2,878,valid
4,2,881,valid
4,2,890,valid
4,2,892,valid
4,2,895,valid
4,2,897,valid
4,2,900,valid
4,2,902,valid
4,2,904,valid
4,2,909,valid
4,2,911,valid
4,2,918,valid
4,2,920,valid
4,2,930,valid
4,2,933,valid
4,2,934,valid
4,2,936,valid
4,2,942,valid
4,2,945,valid
4,2,963,valid
4,2,966,valid
4,2,971,valid
4,2,986,valid
4,2,999,valid
4,2,1003,valid
4,2,1012,valid
4,2,1014,valid
4,2,1015,valid
4,2,1016,valid
4,2,1020,valid
4,2,1027,valid
4,2,1028,valid
4,2,1030,valid
4,2,1031,valid
4,2,1034,valid
4,2,1042,valid
4,2,1056,valid
4,2,1058,valid
4,2,1063,valid
4,2,1067,valid
4,2,1081,valid
4,2,1083,valid
4,2,1087,valid
4,2,1094,valid
4,2,1097,valid
4,3,1,train
4,3,3,train
4,3,4,train
4,3,5,train
4,3,7,train
4,3,9,train
4,3,10,train
4,3,11,train
4,3,12,train
4,3,14,train
4,3,15,train
4,3,16,train
4,3,18,train
4,3,19,train
4,3,20,train
4,3,22,train
4,3,23,train
4,3,24,train
4,3,26,train
4,3,28,train
4,3,29,train
4,3,30,train
4,3,32,train
4,3,33,train
4,3,34,train
4,3,35,train
4,3,36,train
4,3,38,train
4,3,39,train
4,3,40,train
4,3,41,train
4,3,42,train
4,3,43,train
4,3,44,train
4,3,47,train
4,3,48,train
4,3,49,train
4,3,50,train
4,3,51,train
4,3,54,train
4,3,55,train
4,3,56,train
4,3,58,train
4,3,59,train
4,3,60,train
4,3,61,train
4,3,62,train
4,3,64,train
4,3,65,train
4,3,66,train
4,3,67,train
4,3,68,train
4,3,70,train
4,3,71,train
4,3,72,train
4,3,74,train
4,3,75,train
4,3,76,train
4,3,77,train
4,3,78,train
4,3,79,train
4,3,80,train
4,3,81,train
4,3,82,train
4,3,83,train
4,3,84,train
4,3,85,train
4,3,87,train
4,3,88,train
4,3,93,train
4,3,94,train
4,3,95,train
4,3,97,train
4,3,98,train
4,3,99,train
4,3,100,train
4,3,101,train
4,3,103,train
4,3,104,train
4,3,105,train
4,3,106,train
4,3,107,train
4,3,108,train
4,3,110,train
4,3,113,train
4,3,114,train
4,3,116,train
4,3,117,train
4,3,118,train
4,3,119,train
4,3,121,train
4,3,122,train
4,3,123,train
4,3,124,train
4,3,125,train
4,3,126,train
4,3,127,train
4,3,128,train
4,3,129,train
4,3,130,train
4,3,132,train
4,3,133,train
4,3,135,train
4,3,137,train
4,3,138,train
4,3,139,train
4,3,140,train
4,3,141,train
4,3,142,train
4,3,143,train
4,3,144,train
4,3,145,train
4,3,146,train
4,3,147,train
4,3,148,train
4,3,150,train
4,3,151,train
4,3,152,train
4,3,153,train
4,3,154,train
4,3,158,train
4,3,159,train
4,3,160,train
4,3,161,train
4,3,162,train
4,3,163,train
4,3,164,train
4,3,165,train
4,3,166,train
4,3,167,train
4,3,168,train
4,3,169,train
4,3,170,train
4,3,172,train
4,3,173,train
4,3,174,train
4,3,175,train
4,3,176,train
4,3,177,train
4,3,180,train
4,3,182,train
4,3,183,train
4,3,185,train
4,3,186,train
4,3,187,train
4,3,189,train
4,3,190,train
4,3,191,train
4,3,192,train
4,3,193,train
4,3,194,train
4,3,195,train
4,3,196,train
4,3,197,train
4,3,198,train
4,3,200,train
4,3,201,train
4,3,202,train
4,3,203,train
4,3,204,train
4,3,205,train
4,3,206,train
4,3,207,train
4,3,208,train
4,3,210,train
4,3,211,train
4,3,212,train
4,3,213,train
4,3,214,train
4,3,215,train
4,3,216,train
4,3,217,train
4,3,219,train
4,3,220,train
4,3,223,train
4,3,224,train
4,3,225,train
4,3,226,train
4,3,227,train
4,3,228,train
4,3,229,train
4,3,230,train
4,3,231,train
4,3,232,train
4,3,233,train
4,3,234,train
4,3,235,train
4,3,236,train
4,3,237,train
4,3,238,train
4,3,239,train
4,3,240,train
4,3,241,train
4,3,242,train
4,3,243,train
4,3,244,train
4,3,245,train
4,3,246,train
4,3,248,train
4,3,249,train
4,3,250,train
4,3,251,train
4,3,252,train
4,3,253,train
4,3,254,train
4,3,255,train
4,3,256,train
4,3,257,train
4,3,258,train
4,3,259,train
4,3,260,train
4,3,261,train
4,3,262,train
4,3,264,train
4,3,269,train
4,3,270,train
4,3,272,train
4,3,273,train
4,3,275,train
4,3,277,train
4,3,278,train
4,3,279,train
4,3,280,train
4,3,282,train
4,3,283,train
4,3,286,train
4,3,287,train
4,3,288,train
4,3,289,train
4,3,290,train
4,3,291,train
4,3,294,train
4,3,295,train
4,3,296,train
4,3,297,train
4,3,298,train
4,3,299,train
4,3,300,train
4,3,301,train
4,3,302,train
4,3,303,train
4,3,304,train
4,3,306,train
4,3,307,train
4,3,308,train
4,3,309,train
4,3,310,train
4,3,311,train
4,3,312,train
4,3,313,train
4,3,314,train
4,3,316,train
4,3,318,train
4,3,320,train
4,3,321,train
4,3,322,train
4,3,323,train
4,3,324,train
4,3,325,train
4,3,326,train
4,3,327,train
4,3,328,train
4,3,329,train
4,3,330,train
4,3,331,train
4,3,332,train
4,3,333,train
4,3,334,train
4,3,335,train
4,3,337,train
4,3,339,train
4,3,343,train
4,3,344,train
4,3,345,train
4,3,346,train
4,3,347,train
4,3,348,train
4,3,350,train
4,3,351,train
4,3,352,train
4,3,354,train
4,3,355,train
4,3,356,train
4,3,357,train
4,3,359,train
4,3,360,train
4,3,361,train
4,3,362,train
4,3,363,train
4,3,364,train
4,3,365,train
4,3,366,train
4,3,368,train
4,3,369,train
4,3,370,train
4,3,373,train
4,3,374,train
4,3,375,train
4,3,377,train
4,3,378,train
4,3,379,train
4,3,380,train
4,3,381,train
4,3,383,train
4,3,384,train
4,3,385,train
4,3,387,train
4,3,388,train
4,3,389,train
4,3,390,train
4,3,391,train
4,3,392,train
4,3,393,train
4,3,394,train
4,3,396,train
4,3,397,train
4,3,398,train
4,3,403,train
4,3,404,train
4,3,405,train
4,3,406,train
4,3,407,train
4,3,408,train
4,3,410,train
4,3,411,train
4,3,414,train
4,3,415,train
4,3,416,train
4,3,417,train
4,3,418,train
4,3,419,train
4,3,420,train
4,3,421,train
4,3,422,train
4,3,423,train
4,3,424,train
4,3,425,train
4,3,427,train
4,3,428,train
4,3,429,train
4,3,430,train
4,3,431,train
4,3,432,train
4,3,433,train
4,3,434,train
4,3,435,train
4,3,436,train
4,3,437,train
4,3,438,train
4,3,439,train
4,3,440,train
4,3,441,train
4,3,442,train
4,3,443,train
4,3,444,train
4,3,446,train
4,3,447,train
4,3,449,train
4,3,450,train
4,3,451,train
4,3,452,train
4,3,453,train
4,3,454,train
4,3,457,train
4,3,458,train
4,3,459,train
4,3,460,train
4,3,461,train
4,3,462,train
4,3,463,train
4,3,464,train
4,3,465,train
4,3,466,train
4,3,467,train
4,3,468,train
4,3,469,train
4,3,470,train
4,3,471,train
4,3,472,train
4,3,475,train
4,3,476,train
4,3,477,train
4,3,478,train
4,3,479,train
4,3,480,train
4,3,481,train
4,3,482,train
4,3,483,train
4,3,484,train
4,3,485,train
4,3,488,train
4,3,489,train
4,3,490,train
4,3,491,train
4,3,492,train
4,3,493,train
4,3,494,train
4,3,495,train
4,3,496,train
4,3,497,train
4,3,500,train
4,3,501,train
4,3,502,train
4,3,503,train
4,3,504,train
4,3,506,train
4,3,507,train
4,3,508,train
4,3,511,train
4,3,512,train
4,3,513,train
4,3,515,train
4,3,517,train
4,3,519,train
4,3,520,train
4,3,521,train
4,3,523,train
4,3,525,train
4,3,527,train
4,3,528,train
4,3,529,train
4,3,530,train
4,3,531,train
4,3,532,train
4,3,533,train
4,3,534,train
4,3,535,train
4,3,538,train
4,3,540,train
4,3,541,train
4,3,544,train
4,3,545,train
4,3,546,train
4,3,547,train
4,3,548,train
4,3,550,train
4,3,551,train
4,3,553,train
4,3,554,train
4,3,556,train
4,3,557,train
4,3,559,train
4,3,560,train
4,3,562,train
4,3,563,train
4,3,564,train
4,3,566,train
4,3,567,train
4,3,569,train
4,3,570,train
4,3,572,train
4,3,573,train
4,3,575,train
4,3,577,train
4,3,578,train
4,3,579,train
4,3,581,train
4,3,583,train
4,3,584,train
4,3,585,train
4,3,586,train
4,3,587,train
4,3,589,train
4,3,590,train
4,3,591,train
4,3,592,train
4,3,593,train
4,3,594,train
4,3,595,train
4,3,596,train
4,3,597,train
4,3,598,train
4,3,599,train
4,3,600,train
4,3,601,train
4,3,602,train
4,3,604,train
4,3,605,train
4,3,606,train
4,3,607,train
4,3,609,train
4,3,610,train
4,3,611,train
4,3,612,train
4,3,613,train
4,3,614,train
4,3,615,train
4,3,616,train
4,3,617,train
4,3,618,train
4,3,619,train
4,3,620,train
4,3,621,train
4,3,622,train
4,3,623,train
4,3,624,train
4,3,625,train
4,3,626,train
4,3,629,train
4,3,630,train
4,3,631,train
4,3,632,train
4,3,633,train
4,3,634,train
4,3,635,train
4,3,636,train
4,3,637,train
4,3,638,train
4,3,639,train
4,3,640,train
4,3,641,train
4,3,642,train
4,3,643,train
4,3,644,train
4,3,645,train
4,3,646,train
4,3,647,train
4,3,649,train
4,3,650,train
4,3,651,train
4,3,653,train
4,3,655,train
4,3,656,train
4,3,657,train
4,3,658,train
4,3,660,train
4,3,661,train
4,3,662,train
4,3,664,train
4,3,665,train
4,3,666,train
4,3,668,train
4,3,669,train
4,3,670,train
4,3,672,train
4,3,676,train
4,3,677,train
4,3,678,train
4,3,679,train
4,3,683,train
4,3,684,train
4,3,685,train
4,3,686,train
4,3,687,train
4,3,688,train
4,3,690,train
4,3,691,train
4,3,692,train
4,3,693,train
4,3,694,train
4,3,695,train
4,3,696,train
4,3,698,train
4,3,699,train
4,3,700,train
4,3,701,train
4,3,702,train
4,3,703,train
4,3,705,train
4,3,707,train
4,3,708,train
4,3,709,train
4,3,710,train
4,3,712,train
4,3,713,train
4,3,715,train
4,3,716,train
4,3,717,train
4,3,720,train
4,3,721,train
4,3,723,train
4,3,724,train
4,3,725,train
4,3,726,train
4,3,727,train
4,3,728,train
4,3,729,train
4,3,730,train
4,3,731,train
4,3,732,train
4,3,733,train
4,3,734,train
4,3,735,train
4,3,736,train
4,3,737,train
4,3,738,train
4,3,740,train
4,3,741,train
4,3,743,train
4,3,744,train
4,3,745,train
4,3,746,train
4,3,747,train
4,3,748,train
4,3,750,train
4,3,751,train
4,3,752,train
4,3,753,train
4,3,754,train
4,3,755,train
4,3,757,train
4,3,758,train
4,3,759,train
4,3,760,train
4,3,761,train
4,3,763,train
4,3,765,train
4,3,766,train
4,3,767,train
4,3,768,train
4,3,769,train
4,3,770,train
4,3,772,train
4,3,773,train
4,3,775,train
4,3,776,train
4,3,777,train
4,3,778,train
4,3,779,train
4,3,780,train
4,3,782,train
4,3,783,train
4,3,784,train
4,3,785,train
4,3,786,train
4,3,787,train
4,3,788,train
4,3,789,train
4,3,790,train
4,3,791,train
4,3,792,train
4,3,793,train
4,3,794,train
4,3,796,train
4,3,797,train
4,3,798,train
4,3,799,train
4,3,800,train
4,3,801,train
4,3,802,train
4,3,804,train
4,3,806,train
4,3,809,train
4,3,810,train
4,3,812,train
4,3,814,train
4,3,815,train
4,3,817,train
4,3,818,train
4,3,819,train
4,3,820,train
4,3,822,train
4,3,823,train
4,3,824,train
4,3,826,train
4,3,827,train
4,3,828,train
4,3,829,train
4,3,830,train
4,3,831,train
4,3,832,train
4,3,834,train
4,3,835,train
4,3,836,train
4,3,837,train
4,3,838,train
4,3,839,train
4,3,840,train
4,3,842,train
4,3,843,train
4,3,844,train
4,3,845,train
4,3,846,train
4,3,850,train
4,3,851,train
4,3,852,train
4,3,853,train
4,3,854,train
4,3,855,train
4,3,856,train
4,3,857,train
4,3,858,train
4,3,859,train
4,3,860,train
4,3,862,train
4,3,863,train
4,3,864,train
4,3,865,train
4,3,868,train
4,3,869,train
4,3,870,train
4,3,871,train
4,3,872,train
4,3,873,train
4,3,874,train
4,3,875,train
4,3,877,train
4,3,878,train
4,3,879,train
4,3,880,train
4,3,881,train
4,3,883,train
4,3,884,train
4,3,885,train
4,3,886,train
4,3,890,train
4,3,891,train
4,3,892,train
4,3,893,train
4,3,894,train
4,3,895,train
4,3,896,train
4,3,897,train
4,3,898,train
4,3,899,train
4,3,900,train
4,3,901,train
4,3,902,train
4,3,903,train
4,3,904,train
4,3,906,train
4,3,907,train
4,3,908,train
4,3,909,train
4,3,910,train
4,3,911,train
4,3,912,train
4,3,913,train
4,3,914,train
4,3,916,train
4,3,917,train
4,3,918,train
4,3,920,train
4,3,921,train
4,3,922,train
4,3,923,train
4,3,925,train
4,3,926,train
4,3,927,train
4,3,928,train
4,3,929,train
4,3,930,train
4,3,931,train
4,3,932,train
4,3,933,train
4,3,934,train
4,3,936,train
4,3,937,train
4,3,938,train
4,3,939,train
4,3,940,train
4,3,941,train
4,3,942,train
4,3,943,train
4,3,944,train
4,3,945,train
4,3,946,train
4,3,947,train
4,3,948,train
4,3,950,train
4,3,951,train
4,3,952,train
4,3,953,train
4,3,954,train
4,3,956,train
4,3,957,train
4,3,959,train
4,3,960,train
4,3,961,train
4,3,962,train
4,3,963,train
4,3,966,train
4,3,967,train
4,3,968,train
4,3,969,train
4,3,970,train
4,3,971,train
4,3,972,train
4,3,973,train
4,3,974,train
4,3,975,train
4,3,976,train
4,3,977,train
4,3,978,train
4,3,979,train
4,3,980,train
4,3,982,train
4,3,983,train
4,3,984,train
4,3,985,train
4,3,986,train
4,3,987,train
4,3,989,train
4,3,991,train
4,3,992,train
4,3,993,train
4,3,994,train
4,3,995,train
4,3,996,train
4,3,997,train
4,3,998,train
4,3,999,train
4,3,1000,train
4,3,1001,train
4,3,1002,train
4,3,1003,train
4,3,1004,train
4,3,1006,train
4,3,1008,train
4,3,1011,train
4,3,1012,train
4,3,1013,train
4,3,1014,train
4,3,1015,train
4,3,1016,train
4,3,1017,train
4,3,1018,train
4,3,1020,train
4,3,1023,train
4,3,1025,train
4,3,1026,train
4,3,1027,train
4,3,1028,train
4,3,1029,train
4,3,1030,train
4,3,1031,train
4,3,1033,train
4,3,1034,train
4,3,1035,train
4,3,1036,train
4,3,1037,train
4,3,1039,train
4,3,1040,train
4,3,1042,train
4,3,1043,train
4,3,1047,train
4,3,1049,train
4,3,1050,train
4,3,1051,train
4,3,1054,train
4,3,1055,train
4,3,1056,train
4,3,1057,train
4,3,1058,train
4,3,1059,train
4,3,1060,train
4,3,1061,train
4,3,1062,train
4,3,1063,train
4,3,1064,train
4,3,1065,train
4,3,1066,train
4,3,1067,train
4,3,1068,train
4,3,1069,train
4,3,1070,train
4,3,1071,train
4,3,1072,train
4,3,1073,train
4,3,1077,train
4,3,1078,train
4,3,1079,train
4,3,1080,train
4,3,1081,train
4,3,1082,train
4,3,1083,train
4,3,1084,train
4,3,1085,train
4,3,1086,train
4,3,1087,train
4,3,1088,train
4,3,1089,train
4,3,1091,train
4,3,1092,train
4,3,1093,train
4,3,1094,train
4,3,1095,train
4,3,1097,train
4,3,1099,train
4,3,0,valid
4,3,2,valid
4,3,6,valid
4,3,8,valid
4,3,13,valid
4,3,17,valid
4,3,21,valid
4,3,25,valid
4,3,27,valid
4,3,31,valid
4,3,37,valid
4,3,45,valid
4,3,46,valid
4,3,52,valid
4,3,53,valid
4,3,57,valid
4,3,63,valid
4,3,69,valid
4,3,73,valid
4,3,86,valid
4,3,89,valid
4,3,90,valid
4,3,91,valid
4,3,92,valid
4,3,96,valid
4,3,102,valid
4,3,109,valid
4,3,111,valid
4,3,112,valid
4,3,115,valid
4,3,120,valid
4,3,131,valid
4,3,134,valid
4,3,136,valid
4,3,149,valid
4,3,155,valid
4,3,156,valid
4,3,157,valid
4,3,171,valid
4,3,178,valid
4,3,179,valid
4,3,181,valid
4,3,184,valid
4,3,188,valid
4,3,199,valid
4,3,209,valid
4,3,218,valid
4,3,221,valid
4,3,222,valid
4,3,247,valid
4,3,263,valid
4,3,265,valid
4,3,266,valid
4,3,267,valid
4,3,268,valid
4,3,271,valid
4,3,274,valid
4,3,276,valid
4,3,281,valid
4,3,284,valid
4,3,285,valid
4,3,292,valid
4,3,293,valid
4,3,305,valid
4,3,315,valid
4,3,317,valid
4,3,319,valid
4,3,336,valid
4,3,338,valid
4,3,340,valid
4,3,341,valid
4,3,342,valid
4,3,349,valid
4,3,353,valid
4,3,358,valid
4,3,367,valid
4,3,371,valid
4,3,372,valid
4,3,376,valid
4,3,382,valid
4,3,386,valid
4,3,395,valid
4,3,399,valid
4,3,400,valid
4,3,401,valid
4,3,402,valid
4,3,409,valid
4,3,412,valid
4,3,413,valid
4,3,426,valid
4,3,445,valid
4,3,448,valid
4,3,455,valid
4,3,456,valid
4,3,473,valid
4,3,474,valid
4,3,486,valid
4,3,487,valid
4,3,498,valid
4,3,499,valid
4,3,505,valid
4,3,509,valid
4,3,510,valid
4,3,514,valid
4,3,516,valid
4,3,518,valid
4,3,522,valid
4,3,524,valid
4,3,526,valid
4,3,536,valid
4,3,537,valid
4,3,539,valid
4,3,542,valid
4,3,543,valid
4,3,549,valid
4,3,552,valid
4,3,555,valid
4,3,558,valid
4,3,561,valid
4,3,565,valid
4,3,568,valid
4,3,571,valid
4,3,574,valid
4,3,576,valid
4,3,580,valid
4,3,582,valid
4,3,588,valid
4,3,603,valid
4,3,608,valid
4,3,627,valid
4,3,628,valid
4,3,648,valid
4,3,652,valid
4,3,654,valid
4,3,659,valid
4,3,663,valid
4,3,667,valid
4,3,671,valid
4,3,673,valid
4,3,674,valid
4,3,675,valid
4,3,680,valid
4,3,681,valid
4,3,682,valid
4,3,689,valid
4,3,697,valid
4,3,704,valid
4,3,706,valid
4,3,711,valid
4,3,714,valid
4,3,718,valid
4,3,719,valid
4,3,722,valid
4,3,739,valid
4,3,742,valid
4,3,749,valid
4,3,756,valid
4,3,762,valid
4,3,764,valid
4,3,771,valid
4,3,774,valid
4,3,781,valid
4,3,795,valid
4,3,803,valid
4,3,807,valid
4,3,808,valid
4,3,811,valid
4,3,813,valid
4,3,816,valid
4,3,821,valid
4,3,825,valid
4,3,833,valid
4,3,841,valid
4,3,847,valid
4,3,848,valid
4,3,849,valid
4,3,861,valid
4,3,866,valid
4,3,867,valid
4,3,876,valid
4,3,882,valid
4,3,887,valid
4,3,888,valid
4,3,905,valid
4,3,915,valid
4,3,919,valid
4,3,924,valid
4,3,935,valid
4,3,949,valid
4,3,955,valid
4,3,958,valid
4,3,964,valid
4,3,965,valid
4,3,981,valid
4,3,988,valid
4,3,990,valid
4,3,1005,valid
4,3,1007,valid
4,3,1009,valid
4,3,1010,valid
4,3,1019,valid
4,3,1021,valid
4,3,1022,valid
4,3,1024,valid
4,3,1032,valid
4,3,1038,valid
4,3,1041,valid
4,3,1044,valid
4,3,1045,valid
4,3,1046,valid
4,3,1048,valid
4,3,1052,valid
4,3,1053,valid
4,3,1074,valid
4,3,1075,valid
4,3,1076,valid
4,3,1090,valid
4,3,1096,valid
4,3,1098,valid
4,4,0,train
4,4,1,train
4,4,2,train
4,4,3,train
4,4,4,train
4,4,6,train
4,4,8,train
4,4,9,train
4,4,10,train
4,4,11,train
4,4,12,train
4,4,13,train
4,4,15,train
4,4,17,train
4,4,18,train
4,4,19,train
4,4,20,train
4,4,21,train
4,4,22,train
4,4,23,train
4,4,24,train
4,4,25,train
4,4,26,train
4,4,27,train
4,4,30,train
4,4,31,train
4,4,32,train
4,4,33,train
4,4,34,train
4,4,35,train
4,4,36,train
4,4,37,train
4,4,39,train
4,4,40,train
4,4,42,train
4,4,44,train
4,4,45,train
4,4,46,train
4,4,48,train
4,4,49,train
4,4,50,train
4,4,51,train
4,4,52,train
4,4,53,train
4,4,54,train
4,4,56,train
4,4,57,train
4,4,58,train
4,4,59,train
4,4,60,train
4,4,61,train
4,4,62,train
4,4,63,train
4,4,66,train
4,4,67,train
4,4,68,train
4,4,69,train
4,4,70,train
4,4,71,train
4,4,72,train
4,4,73,train
4,4,75,train
4,4,76,train
4,4,78,train
4,4,79,train
4,4,80,train
4,4,81,train
4,4,82,train
4,4,85,train
4,4,86,train
4,4,87,train
4,4,88,train
4,4,89,train
4,4,90,train
4,4,91,train
4,4,92,train
4,4,93,train
4,4,94,train
4,4,95,train
4,4,96,train
4,4,97,train
4,4,98,train
4,4,99,train
4,4,101,train
4,4,102,train
4,4,103,train
4,4,104,train
4,4,106,train
4,4,107,train
4,4,109,train
4,4,110,train
4,4,111,train
4,4,112,train
4,4,113,train
4,4,114,train
4,4,115,train
4,4,116,train
4,4,118,train
4,4,120,train
4,4,122,train
4,4,123,train
4,4,125,train
4,4,126,train
4,4,127,train
4,4,128,train
4,4,129,train
4,4,130,train
4,4,131,train
4,4,132,train
4,4,134,train
4,4,135,train
4,4,136,train
4,4,137,train
4,4,138,train
4,4,140,train
4,4,141,train
4,4,142,train
4,4,143,train
4,4,146,train
4,4,147,train
4,4,148,train
4,4,149,train
4,4,151,train
4,4,152,train
4,4,155,train
4,4,156,train
4,4,157,train
4,4,158,train
4,4,163,train
4,4,165,train
4,4,166,train
4,4,168,train
4,4,169,train
4,4,170,train
4,4,171,train
4,4,172,train
4,4,173,train
4,4,174,train
4,4,175,train
4,4,176,train
4,4,178,train
4,4,179,train
4,4,181,train
4,4,182,train
4,4,183,train
4,4,184,train
4,4,185,train
4,4,186,train
4,4,187,train
4,4,188,train
4,4,190,train
4,4,191,train
4,4,192,train
4,4,193,train
4,4,194,train
4,4,195,train
4,4,196,train
4,4,199,train
4,4,200,train
4,4,202,train
4,4,204,train
4,4,205,train
4,4,206,train
4,4,207,train
4,4,209,train
4,4,210,train
4,4,211,train
4,4,212,train
4,4,213,train
4,4,214,train
4,4,215,train
4,4,216,train
4,4,217,train
4,4,218,train
4,4,220,train
4,4,221,train
4,4,222,train
4,4,224,train
4,4,227,train
4,4,228,train
4,4,229,train
4,4,234,train
4,4,236,train
4,4,237,train
4,4,238,train
4,4,239,train
4,4,241,train
4,4,243,train
4,4,244,train
4,4,245,train
4,4,247,train
4,4,249,train
4,4,250,train
4,4,251,train
4,4,253,train
4,4,254,train
4,4,255,train
4,4,256,train
4,4,257,train
4,4,259,train
4,4,260,train
4,4,261,train
4,4,262,train
4,4,263,train
4,4,264,train
4,4,265,train
4,4,266,train
4,4,267,train
4,4,268,train
4,4,269,train
4,4,270,train
4,4,271,train
4,4,273,train
4,4,274,train
4,4,275,train
4,4,276,train
4,4,277,train
4,4,278,train
4,4,279,train
4,4,280,train
4,4,281,train
4,4,282,train
4,4,284,train
4,4,285,train
4,4,286,train
4,4,288,train
4,4,289,train
4,4,291,train
4,4,292,train
4,4,293,train
4,4,295,train
4,4,296,train
4,4,297,train
4,4,299,train
4,4,300,train
4,4,301,train
4,4,302,train
4,4,305,train
4,4,306,train
4,4,307,train
4,4,308,train
4,4,309,train
4,4,310,train
4,4,311,train
4,4,314,train
4,4,315,train
4,4,317,train
4,4,318,train
4,4,319,train
4,4,320,train
4,4,321,train
4,4,322,train
4,4,323,train
4,4,328,train
4,4,329,train
4,4,330,train
4,4,333,train
4,4,334,train
4,4,335,train
4,4,336,train
4,4,338,train
4,4,340,train
4,4,341,train
4,4,342,train
4,4,343,train
4,4,345,train
4,4,346,train
4,4,348,train
4,4,349,train
4,4,350,train
4,4,351,train
4,4,352,train
4,4,353,train
4,4,354,train
4,4,355,train
4,4,356,train
4,4,357,train
4,4,358,train
4,4,360,train
4,4,361,train
4,4,362,train
4,4,363,train
4,4,364,train
4,4,365,train
4,4,366,train
4,4,367,train
4,4,368,train
4,4,369,train
4,4,370,train
4,4,371,train
4,4,372,train
4,4,373,train
4,4,374,train
4,4,375,train
4,4,376,train
4,4,377,train
4,4,378,train
4,4,379,train
4,4,380,train
4,4,381,train
4,4,382,train
4,4,383,train
4,4,384,train
4,4,385,train
4,4,386,train
4,4,387,train
4,4,388,train
4,4,389,train
4,4,390,train
4,4,391,train
4,4,394,train
4,4,395,train
4,4,396,train
4,4,397,train
4,4,399,train
4,4,400,train
4,4,401,train
4,4,402,train
4,4,403,train
4,4,404,train
4,4,406,train
4,4,409,train
4,4,411,train
4,4,412,train
4,4,413,train
4,4,414,train
4,4,415,train
4,4,416,train
4,4,417,train
4,4,418,train
4,4,419,train
4,4,420,train
4,4,421,train
4,4,422,train
4,4,423,train
4,4,426,train
4,4,427,train
4,4,429,train
4,4,430,train
4,4,431,train
4,4,433,train
4,4,434,train
4,4,436,train
4,4,438,train
4,4,439,train
4,4,440,train
4,4,441,train
4,4,442,train
4,4,443,train
4,4,445,train
4,4,446,train
4,4,447,train
4,4,448,train
4,4,449,train
4,4,451,train
4,4,452,train
4,4,453,train
4,4,455,train
4,4,456,train
4,4,457,train
4,4,458,train
4,4,459,train
4,4,461,train
4,4,464,train
4,4,465,train
4,4,466,train
4,4,468,train
4,4,469,train
4,4,470,train
4,4,471,train
4,4,473,train
4,4,474,train
4,4,475,train
4,4,476,train
4,4,477,train
4,4,478,train
4,4,479,train
4,4,480,train
4,4,482,train
4,4,483,train
4,4,484,train
4,4,485,train
4,4,486,train
4,4,487,train
4,4,488,train
4,4,490,train
4,4,491,train
4,4,492,train
4,4,493,train
4,4,495,train
4,4,496,train
4,4,497,train
4,4,498,train
4,4,499,train
4,4,500,train
4,4,502,train
4,4,503,train
4,4,504,train
4,4,505,train
4,4,506,train
4,4,507,train
4,4,508,train
4,4,509,train
4,4,510,train
4,4,511,train
4,4,512,train
4,4,513,train
4,4,514,train
4,4,515,train
4,4,516,train
4,4,517,train
4,4,518,train
4,4,519,train
4,4,520,train
4,4,521,train
4,4,522,train
4,4,524,train
4,4,525,train
4,4,526,train
4,4,527,train
4,4,528,train
4,4,530,train
4,4,532,train
4,4,533,train
4,4,534,train
4,4,536,train
4,4,537,train
4,4,538,train
4,4,539,train
4,4,540,train
4,4,541,train
4,4,542,train
4,4,543,train
4,4,544,train
4,4,546,train
4,4,547,train
4,4,548,train
4,4,549,train
4,4,550,train
4,4,551,train
4,4,552,train
4,4,553,train
4,4,554,train
4,4,555,train
4,4,556,train
4,4,557,train
4,4,558,train
4,4,559,train
4,4,560,train
4,4,561,train
4,4,562,train
4,4,563,train
4,4,565,train
4,4,566,train
4,4,567,train
4,4,568,train
4,4,569,train
4,4,570,train
4,4,571,train
4,4,573,train
4,4,574,train
4,4,576,train
4,4,577,train
4,4,578,train
4,4,580,train
4,4,581,train
4,4,582,train
4,4,583,train
4,4,584,train
4,4,585,train
4,4,586,train
4,4,587,train
4,4,588,train
4,4,589,train
4,4,590,train
4,4,591,train
4,4,592,train
4,4,593,train
4,4,594,train
4,4,595,train
4,4,596,train
4,4,597,train
4,4,599,train
4,4,601,train
4,4,602,train
4,4,603,train
4,4,604,train
4,4,605,train
4,4,606,train
4,4,607,train
4,4,608,train
4,4,609,train
4,4,610,train
4,4,612,train
4,4,613,train
4,4,614,train
4,4,615,train
4,4,616,train
4,4,617,train
4,4,618,train
4,4,619,train
4,4,620,train
4,4,621,train
4,4,622,train
4,4,623,train
4,4,624,train
4,4,625,train
4,4,627,train
4,4,628,train
4,4,631,train
4,4,633,train
4,4,636,train
4,4,637,train
4,4,639,train
4,4,640,train
4,4,642,train
4,4,643,train
4,4,644,train
4,4,645,train
4,4,646,train
4,4,647,train
4,4,648,train
4,4,649,train
4,4,650,train
4,4,652,train
4,4,653,train
4,4,654,train
4,4,656,train
4,4,657,train
4,4,658,train
4,4,659,train
4,4,662,train
4,4,663,train
4,4,665,train
4,4,666,train
4,4,667,train
4,4,669,train
4,4,670,train
4,4,671,train
4,4,672,train
4,4,673,train
4,4,674,train
4,4,675,train
4,4,676,train
4,4,677,train
4,4,678,train
4,4,679,train
4,4,680,train
4,4,681,train
4,4,682,train
4,4,684,train
4,4,685,train
4,4,686,train
4,4,687,train
4,4,688,train
4,4,689,train
4,4,690,train
4,4,691,train
4,4,692,train
4,4,693,train
4,4,694,train
4,4,695,train
4,4,697,train
4,4,698,train
4,4,699,train
4,4,700,train
4,4,701,train
4,4,702,train
4,4,703,train
4,4,704,train
4,4,705,train
4,4,706,train
4,4,708,train
4,4,709,train
4,4,711,train
4,4,712,train
4,4,713,train
4,4,714,train
4,4,715,train
4,4,716,train
4,4,717,train
4,4,718,train
4,4,719,train
4,4,720,train
4,4,721,train
4,4,722,train
4,4,723,train
4,4,725,train
4,4,727,train
4,4,728,train
4,4,731,train
4,4,732,train
4,4,733,train
4,4,735,train
4,4,736,train
4,4,737,train
4,4,738,train
4,4,739,train
4,4,740,train
4,4,741,train
4,4,742,train
4,4,743,train
4,4,745,train
4,4,746,train
4,4,747,train
4,4,749,train
4,4,750,train
4,4,752,train
4,4,753,train
4,4,755,train
4,4,756,train
4,4,757,train
4,4,758,train
4,4,760,train
4,4,761,train
4,4,762,train
4,4,764,train
4,4,765,train
4,4,766,train
4,4,769,train
4,4,770,train
4,4,771,train
4,4,772,train
4,4,774,train
4,4,776,train
4,4,777,train
4,4,779,train
4,4,780,train
4,4,781,train
4,4,782,train
4,4,783,train
4,4,784,train
4,4,785,train
4,4,787,train
4,4,788,train
4,4,789,train
4,4,791,train
4,4,793,train
4,4,794,train
4,4,795,train
4,4,796,train
4,4,797,train
4,4,798,train
4,4,799,train
4,4,800,train
4,4,801,train
4,4,802,train
4,4,803,train
4,4,804,train
4,4,807,train
4,4,808,train
4,4,810,train
4,4,811,train
4,4,812,train
4,4,813,train
4,4,814,train
4,4,815,train
4,4,816,train
4,4,818,train
4,4,819,train
4,4,820,train
4,4,821,train
4,4,822,train
4,4,825,train
4,4,826,train
4,4,827,train
4,4,830,train
4,4,831,train
4,4,832,train
4,4,833,train
4,4,834,train
4,4,835,train
4,4,836,train
4,4,838,train
4,4,839,train
4,4,841,train
4,4,842,train
4,4,843,train
4,4,845,train
4,4,847,train
4,4,848,train
4,4,849,train
4,4,851,train
4,4,852,train
4,4,854,train
4,4,855,train
4,4,856,train
4,4,858,train
4,4,859,train
4,4,860,train
4,4,861,train
4,4,862,train
4,4,863,train
4,4,865,train
4,4,866,train
4,4,867,train
4,4,868,train
4,4,869,train
4,4,870,train
4,4,872,train
4,4,874,train
4,4,875,train
4,4,876,train
4,4,877,train
4,4,878,train
4,4,879,train
4,4,880,train
4,4,881,train
4,4,882,train
4,4,884,train
4,4,885,train
4,4,886,train
4,4,887,train
4,4,888,train
4,4,890,train
4,4,891,train
4,4,892,train
4,4,894,train
4,4,895,train
4,4,897,train
4,4,898,train
4,4,899,train
4,4,900,train
4,4,901,train
4,4,902,train
4,4,903,train
4,4,904,train
4,4,905,train
4,4,906,train
4,4,907,train
4,4,909,train
4,4,910,train
4,4,911,train
4,4,912,train
4,4,913,train
4,4,915,train
4,4,918,train
4,4,919,train
4,4,920,train
4,4,921,train
4,4,923,train
4,4,924,train
4,4,925,train
4,4,927,train
4,4,928,train
4,4,930,train
4,4,931,train
4,4,933,train
4,4,934,train
4,4,935,train
4,4,936,train
4,4,937,train
4,4,938,train
4,4,939,train
4,4,940,train
4,4,941,train
4,4,942,train
4,4,943,train
4,4,944,train
4,4,945,train
4,4,946,train
4,4,947,train
4,4,948,train
4,4,949,train
4,4,951,train
4,4,952,train
4,4,953,train
4,4,955,train
4,4,958,train
4,4,959,train
4,4,961,train
4,4,962,train
4,4,963,train
4,4,964,train
4,4,965,train
4,4,966,train
4,4,967,train
4,4,969,train
4,4,971,train
4,4,972,train
4,4,973,train
4,4,975,train
4,4,976,train
4,4,977,train
4,4,978,train
4,4,979,train
4,4,980,train
4,4,981,train
4,4,982,train
4,4,983,train
4,4,984,train
4,4,986,train
4,4,987,train
4,4,988,train
4,4,989,train
4,4,990,train
4,4,991,train
4,4,993,train
4,4,994,train
4,4,996,train
4,4,999,train
4,4,1001,train
4,4,1002,train
4,4,1003,train
4,4,1004,train
4,4,1005,train
4,4,1007,train
4,4,1008,train
4,4,1009,train
4,4,1010,train
4,4,1012,train
4,4,1014,train
4,4,1015,train
4,4,1016,train
4,4,1018,train
4,4,1019,train
4,4,1020,train
4,4,1021,train
4,4,1022,train
4,4,1024,train
4,4,1025,train
4,4,1027,train
4,4,1028,train
4,4,1030,train
4,4,1031,train
4,4,1032,train
4,4,1033,train
4,4,1034,train
4,4,1035,train
4,4,1036,train
4,4,1037,train
4,4,1038,train
4,4,1039,train
4,4,1041,train
4,4,1042,train
4,4,1043,train
4,4,1044,train
4,4,1045,train
4,4,1046,train
4,4,1047,train
4,4,1048,train
4,4,1049,train
4,4,1052,train
4,4,1053,train
4,4,1054,train
4,4,1056,train
4,4,1058,train
4,4,1060,train
4,4,1061,train
4,4,1062,train
4,4,1063,train
4,4,1065,train
4,4,1066,train
4,4,1067,train
4,4,1068,train
4,4,1069,train
4,4,1071,train
4,4,1074,train
4,4,1075,train
4,4,1076,train
4,4,1077,train
4,4,1078,train
4,4,1079,train
4,4,1080,train
4,4,1081,train
4,4,1082,train
4,4,1083,train
4,4,1086,train
4,4,1087,train
4,4,1089,train
4,4,1090,train
4,4,1091,train
4,4,1093,train
4,4,1094,train
4,4,1095,train
4,4,1096,train
4,4,1097,train
4,4,1098,train
4,4,1099,train
4,4,5,valid
4,4,7,valid
4,4,14,valid
4,4,16,valid
4,4,28,valid
4,4,29,valid
4,4,38,valid
4,4,41,valid
4,4,43,valid
4,4,47,valid
4,4,55,valid
4,4,64,valid
4,4,65,valid
4,4,74,valid
4,4,77,valid
4,4,83,valid
4,4,84,valid
4,4,100,valid
4,4,105,valid
4,4,108,valid
4,4,117,valid
4,4,119,valid
4,4,121,valid
4,4,124,valid
4,4,133,valid
4,4,139,valid
4,4,144,valid
4,4,145,valid
4,4,150,valid
4,4,153,valid
4,4,154,valid
4,4,159,valid
4,4,160,valid
4,4,161,valid
4,4,162,valid
4,4,164,valid
4,4,167,valid
4,4,177,valid
4,4,180,valid
4,4,189,valid
4,4,197,valid
4,4,198,valid
4,4,201,valid
4,4,203,valid
4,4,208,valid
4,4,219,valid
4,4,223,valid
4,4,225,valid
4,4,226,valid
4,4,230,valid
4,4,231,valid
4,4,232,valid
4,4,233,valid
4,4,235,valid
4,4,240,valid
4,4,242,valid
4,4,246,valid
4,4,248,valid
4,4,252,valid
4,4,258,valid
4,4,272,valid
4,4,283,valid
4,4,287,valid
4,4,290,valid
4,4,294,valid
4,4,298,valid
4,4,303,valid
4,4,304,valid
4,4,312,valid
4,4,313,valid
4,4,316,valid
4,4,324,valid
4,4,325,valid
4,4,326,valid
4,4,327,valid
4,4,331,valid
4,4,332,valid
4,4,337,valid
4,4,339,valid
4,4,344,valid
4,4,347,valid
4,4,359,valid
4,4,392,valid
4,4,393,valid
4,4,398,valid
4,4,405,valid
4,4,407,valid
4,4,408,valid
4,4,410,valid
4,4,424,valid
4,4,425,valid
4,4,428,valid
4,4,432,valid
4,4,435,valid
4,4,437,valid
4,4,444,valid
4,4,450,valid
4,4,454,valid
4,4,460,valid
4,4,462,valid
4,4,463,valid
4,4,467,valid
4,4,472,valid
4,4,481,valid
4,4,489,valid
4,4,494,valid
4,4,501,valid
4,4,523,valid
4,4,529,valid
4,4,531,valid
4,4,535,valid
4,4,545,valid
4,4,564,valid
4,4,572,valid
4,4,575,valid
4,4,579,valid
4,4,598,valid
4,4,600,valid
4,4,611,valid
4,4,626,valid
4,4,629,valid
4,4,630,valid
4,4,632,valid
4,4,634,valid
4,4,635,valid
4,4,638,valid
4,4,641,valid
4,4,651,valid
4,4,655,valid
4,4,660,valid
4,4,661,valid
4,4,664,valid
4,4,668,valid
4,4,683,valid
4,4,696,valid
4,4,707,valid
4,4,710,valid
4,4,724,valid
4,4,726,valid
4,4,729,valid
4,4,730,valid
4,4,734,valid
4,4,744,valid
4,4,748,valid
4,4,751,valid
4,4,754,valid
4,4,759,valid
4,4,763,valid
4,4,767,valid
4,4,768,valid
4,4,773,valid
4,4,775,valid
4,4,778,valid
4,4,786,valid
4,4,790,valid
4,4,792,valid
4,4,806,valid
4,4,809,valid
4,4,817,valid
4,4,823,valid
4,4,824,valid
4,4,828,valid
4,4,829,valid
4,4,837,valid
4,4,840,valid
4,4,844,valid
4,4,846,valid
4,4,850,valid
4,4,853,valid
4,4,857,valid
4,4,864,valid
4,4,871,valid
4,4,873,valid
4,4,883,valid
4,4,893,valid
4,4,896,valid
4,4,908,valid
4,4,914,valid
4,4,916,valid
4,4,917,valid
4,4,922,valid
4,4,926,valid
4,4,929,valid
4,4,932,valid
4,4,950,valid
4,4,954,valid
4,4,956,valid
4,4,957,valid
4,4,960,valid
4,4,968,valid
4,4,970,valid
4,4,974,valid
4,4,985,valid
4,4,992,valid
4,4,995,valid
4,4,997,valid
4,4,998,valid
4,4,1000,valid
4,4,1006,valid
4,4,1011,valid
4,4,1013,valid
4,4,1017,valid
4,4,1023,valid
4,4,1026,valid
4,4,1029,valid
4,4,1040,valid
4,4,1050,valid
4,4,1051,valid
4,4,1055,valid
4,4,1057,valid
4,4,1059,valid
4,4,1064,valid
4,4,1070,valid
4,4,1072,valid
4,4,1073,valid
4,4,1084,valid
4,4,1085,valid
4,4,1088,valid
4,4,1092,valid
5,0,0,train
5,0,1,train
5,0,3,train
5,0,4,train
5,0,6,train
5,0,7,train
5,0,9,train
5,0,11,train
5,0,12,train
5,0,14,train
5,0,15,train
5,0,16,train
5,0,17,train
5,0,18,train
5,0,20,train
5,0,21,train
5,0,22,train
5,0,23,train
5,0,24,train
5,0,25,train
5,0,26,train
5,0,27,train
5,0,29,train
5,0,30,train
5,0,31,train
5,0,33,train
5,0,34,train
5,0,35,train
5,0,36,train
5,0,37,train
5,0,40,train
5,0,41,train
5,0,43,train
5,0,44,train
5,0,45,train
5,0,46,train
5,0,47,train
5,0,49,train
5,0,50,train
5,0,52,train
5,0,53,train
5,0,54,train
5,0,55,train
5,0,56,train
5,0,57,train
5,0,59,train
5,0,60,train
5,0,61,train
5,0,62,train
5,0,63,train
5,0,65,train
5,0,66,train
5,0,67,train
5,0,68,train
5,0,69,train
5,0,71,train
5,0,72,train
5,0,74,train
5,0,75,train
5,0,76,train
5,0,77,train
5,0,78,train
5,0,80,train
5,0,81,train
5,0,82,train
5,0,83,train
5,0,84,train
5,0,85,train
5,0,86,train
5,0,87,train
5,0,88,train
5,0,89,train
5,0,90,train
5,0,91,train
5,0,92,train
5,0,95,train
5,0,97,train
5,0,100,train
5,0,101,train
5,0,102,train
5,0,103,train
5,0,104,train
5,0,105,train
5,0,106,train
5,0,107,train
5,0,108,train
5,0,109,train
5,0,111,train
5,0,112,train
5,0,113,train
5,0,114,train
5,0,115,train
5,0,116,train
5,0,117,train
5,0,118,train
5,0,119,train
5,0,120,train
5,0,121,train
5,0,123,train
5,0,124,train
5,0,125,train
5,0,126,train
5,0,127,train
5,0,128,train
5,0,129,train
5,0,132,train
5,0,133,train
5,0,134,train
5,0,135,train
5,0,136,train
5,0,137,train
5,0,138,train
5,0,140,train
5,0,141,train
5,0,143,train
5,0,145,train
5,0,146,train
5,0,148,train
5,0,149,train
5,0,150,train
5,0,151,train
5,0,152,train
5,0,154,train
5,0,155,train
5,0,156,train
5,0,157,train
5,0,158,train
5,0,160,train
5,0,161,train
5,0,163,train
5,0,164,train
5,0,165,train
5,0,166,train
5,0,167,train
5,0,168,train
5,0,169,train
5,0,170,train
5,0,171,train
5,0,172,train
5,0,173,train
5,0,174,train
5,0,175,train
5,0,178,train
5,0,179,train
5,0,180,train
5,0,182,train
5,0,183,train
5,0,184,train
5,0,185,train
5,0,186,train
5,0,188,train
5,0,189,train
5,0,190,train
5,0,191,train
5,0,192,train
5,0,193,train
5,0,194,train
5,0,195,train
5,0,196,train
5,0,197,train
5,0,198,train
5,0,200,train
5,0,201,train
5,0,202,train
5,0,203,train
5,0,204,train
5,0,205,train
5,0,207,train
5,0,208,train
5,0,209,train
5,0,210,train
5,0,211,train
5,0,213,train
5,0,214,train
5,0,215,train
5,0,216,train
5,0,217,train
5,0,218,train
5,0,219,train
5,0,220,train
5,0,221,train
5,0,222,train
5,0,223,train
5,0,224,train
5,0,225,train
5,0,226,train
5,0,227,train
5,0,228,train
5,0,229,train
5,0,230,train
5,0,231,train
5,0,232,train
5,0,233,train
5,0,234,train
5,0,235,train
5,0,237,train
5,0,238,train
5,0,239,train
5,0,240,train
5,0,241,train
5,0,242,train
5,0,243,train
5,0,244,train
5,0,245,train
5,0,246,train
5,0,247,train
5,0,248,train
5,0,249,train
5,0,250,train
5,0,251,train
5,0,252,train
5,0,253,train
5,0,254,train
5,0,256,train
5,0,257,train
5,0,258,train
5,0,260,train
5,0,261,train
5,0,262,train
5,0,263,train
5,0,265,train
5,0,266,train
5,0,267,train
5,0,268,train
5,0,269,train
5,0,270,train
5,0,271,train
5,0,272,train
5,0,273,train
5,0,274,train
5,0,275,train
5,0,276,train
5,0,277,train
5,0,278,train
5,0,279,train
5,0,280,train
5,0,281,train
5,0,282,train
5,0,283,train
5,0,285,train
5,0,287,train
5,0,288,train
5,0,289,train
5,0,290,train
5,0,292,train
5,0,293,train
5,0,294,train
5,0,295,train
5,0,296,train
5,0,298,train
5,0,300,train
5,0,301,train
5,0,302,train
5,0,303,train
5,0,304,train
5,0,305,train
5,0,308,train
5,0,309,train
5,0,310,train
5,0,311,train
5,0,312,train
5,0,313,train
5,0,314,train
5,0,315,train
5,0,316,train
5,0,317,train
5,0,320,train
5,0,321,train
5,0,323,train
5,0,326,train
5,0,327,train
5,0,328,train
5,0,329,train
5,0,330,train
5,0,331,train
5,0,332,train
5,0,333,train
5,0,334,train
5,0,335,train
5,0,336,train
5,0,337,train
5,0,338,train
5,0,339,train
5,0,342,train
5,0,343,train
5,0,344,train
5,0,346,train
5,0,347,train
5,0,348,train
5,0,349,train
5,0,350,train
5,0,351,train
5,0,352,train
5,0,354,train
5,0,356,train
5,0,358,train
5,0,359,train
5,0,361,train
5,0,362,train
5,0,363,train
5,0,364,train
5,0,365,train
5,0,369,train
5,0,370,train
5,0,372,train
5,0,374,train
5,0,375,train
5,0,376,train
5,0,377,train
5,0,378,train
5,0,379,train
5,0,380,train
5,0,382,train
5,0,383,train
5,0,384,train
5,0,385,train
5,0,387,train
5,0,388,train
5,0,389,train
5,0,391,train
5,0,392,train
5,0,393,train
5,0,395,train
5,0,396,train
5,0,397,train
5,0,398,train
5,0,399,train
5,0,400,train
5,0,401,train
5,0,402,train
5,0,404,train
5,0,405,train
5,0,408,train
5,0,409,train
5,0,410,train
5,0,411,train
5,0,412,train
5,0,413,train
5,0,414,train
5,0,415,train
5,0,416,train
5,0,417,train
5,0,418,train
5,0,419,train
5,0,420,train
5,0,421,train
5,0,425,train
5,0,427,train
5,0,428,train
5,0,429,train
5,0,431,train
5,0,432,train
5,0,433,train
5,0,434,train
5,0,435,train
5,0,437,train
5,0,438,train
5,0,440,train
5,0,441,train
5,0,442,train
5,0,443,train
5,0,444,train
5,0,445,train
5,0,446,train
5,0,447,train
5,0,448,train
5,0,450,train
5,0,452,train
5,0,454,train
5,0,455,train
5,0,456,train
5,0,460,train
5,0,461,train
5,0,462,train
5,0,463,train
5,0,464,train
5,0,465,train
5,0,466,train
5,0,467,train
5,0,468,train
5,0,469,train
5,0,470,train
5,0,471,train
5,0,472,train
5,0,474,train
5,0,475,train
5,0,476,train
5,0,477,train
5,0,478,train
5,0,482,train
5,0,483,train
5,0,484,train
5,0,486,train
5,0,488,train
5,0,489,train
5,0,491,train
5,0,492,train
5,0,493,train
5,0,494,train
5,0,495,train
5,0,496,train
5,0,497,train
5,0,498,train
5,0,499,train
5,0,500,train
5,0,502,train
5,0,503,train
5,0,504,train
5,0,505,train
5,0,506,train
5,0,507,train
5,0,508,train
5,0,509,train
5,0,510,train
5,0,511,train
5,0,512,train
5,0,514,train
5,0,516,train
5,0,517,train
5,0,518,train
5,0,519,train
5,0,520,train
5,0,521,train
5,0,522,train
5,0,523,train
5,0,524,train
5,0,527,train
5,0,528,train
5,0,529,train
5,0,530,train
5,0,531,train
5,0,532,train
5,0,533,train
5,0,535,train
5,0,536,train
5,0,538,train
5,0,540,train
5,0,541,train
5,0,542,train
5,0,545,train
5,0,546,train
5,0,547,train
5,0,548,train
5,0,549,train
5,0,550,train
5,0,552,train
5,0,556,train
5,0,557,train
5,0,558,train
5,0,560,train
5,0,562,train
5,0,563,train
5,0,564,train
5,0,565,train
5,0,566,train
5,0,569,train
5,0,570,train
5,0,571,train
5,0,572,train
5,0,573,train
5,0,575,train
5,0,576,train
5,0,577,train
5,0,578,train
5,0,579,train
5,0,580,train
5,0,581,train
5,0,582,train
5,0,584,train
5,0,585,train
5,0,586,train
5,0,590,train
5,0,591,train
5,0,592,train
5,0,593,train
5,0,594,train
5,0,595,train
5,0,596,train
5,0,597,train
5,0,598,train
5,0,599,train
5,0,600,train
5,0,601,train
5,0,602,train
5,0,603,train
5,0,604,train
5,0,605,train
5,0,606,train
5,0,608,train
5,0,609,train
5,0,610,train
5,0,611,train
5,0,612,train
5,0,613,train
5,0,615,train
5,0,617,train
5,0,618,train
5,0,620,train
5,0,622,train
5,0,623,train
5,0,624,train
5,0,625,train
5,0,626,train
5,0,627,train
5,0,628,train
5,0,630,train
5,0,631,train
5,0,633,train
5,0,635,train
5,0,636,train
5,0,637,train
5,0,638,train
5,0,639,train
5,0,641,train
5,0,642,train
5,0,643,train
5,0,644,train
5,0,645,train
5,0,646,train
5,0,647,train
5,0,648,train
5,0,649,train
5,0,650,train
5,0,651,train
5,0,652,train
5,0,655,train
5,0,656,train
5,0,657,train
5,0,658,train
5,0,659,train
5,0,660,train
5,0,661,train
5,0,662,train
5,0,663,train
5,0,665,train
5,0,666,train
5,0,667,train
5,0,668,train
5,0,669,train
5,0,670,train
5,0,671,train
5,0,672,train
5,0,673,train
5,0,674,train
5,0,675,train
5,0,676,train
5,0,677,train
5,0,678,train
5,0,679,train
5,0,680,train
5,0,681,train
5,0,682,train
5,0,683,train
5,0,684,train
5,0,685,train
5,0,686,train
5,0,687,train
5,0,688,train
5,0,689,train
5,0,690,train
5,0,691,train
5,0,692,train
5,0,693,train
5,0,694,train
5,0,695,train
5,0,696,train
5,0,697,train
5,0,698,train
5,0,699,train
5,0,700,train
5,0,701,train
5,0,702,train
5,0,703,train
5,0,704,train
5,0,705,train
5,0,706,train
5,0,707,train
5,0,708,train
5,0,710,train
5,0,712,train
5,0,713,train
5,0,715,train
5,0,716,train
5,0,718,train
5,0,720,train
5,0,721,train
5,0,722,train
5,0,723,train
5,0,724,train
5,0,725,train
5,0,726,train
5,0,727,train
5,0,728,train
5,0,730,train
5,0,731,train
5,0,732,train
5,0,735,train
5,0,736,train
5,0,737,train
5,0,738,train
5,0,741,train
5,0,743,train
5,0,744,train
5,0,745,train
5,0,746,train
5,0,747,train
5,0,748,train
5,0,749,train
5,0,751,train
5,0,752,train
5,0,753,train
5,0,754,train
5,0,755,train
5,0,756,train
5,0,757,train
5,0,758,train
5,0,760,train
5,0,761,train
5,0,762,train
5,0,763,train
5,0,764,train
5,0,767,train
5,0,769,train
5,0,770,train
5,0,772,train
5,0,774,train
5,0,775,train
5,0,776,train
5,0,777,train
5,0,778,train
5,0,779,train
5,0,780,train
5,0,781,train
5,0,782,train
5,0,783,train
5,0,784,train
5,0,785,train
5,0,789,train
5,0,790,train
5,0,791,train
5,0,792,train
5,0,793,train
5,0,794,train
5,0,797,train
5,0,798,train
5,0,799,train
5,0,800,train
5,0,801,train
5,0,803,train
5,0,804,train
5,0,806,train
5,0,807,train
5,0,808,train
5,0,809,train
5,0,810,train
5,0,811,train
5,0,812,train
5,0,813,train
5,0,814,train
5,0,815,train
5,0,816,train
5,0,817,train
5,0,818,train
5,0,819,train
5,0,820,train
5,0,822,train
5,0,824,train
5,0,825,train
5,0,828,train
5,0,829,train
5,0,830,train
5,0,831,train
5,0,832,train
5,0,834,train
5,0,835,train
5,0,836,train
5,0,838,train
5,0,839,train
5,0,840,train
5,0,842,train
5,0,843,train
5,0,845,train
5,0,847,train
5,0,848,train
5,0,849,train
5,0,850,train
5,0,851,train
5,0,852,train
5,0,853,train
5,0,854,train
5,0,856,train
5,0,857,train
5,0,858,train
5,0,859,train
5,0,860,train
5,0,861,train
5,0,862,train
5,0,863,train
5,0,864,train
5,0,865,train
5,0,866,train
5,0,868,train
5,0,869,train
5,0,870,train
5,0,871,train
5,0,872,train
5,0,873,train
5,0,874,train
5,0,875,train
5,0,880,train
5,0,881,train
5,0,882,train
5,0,883,train
5,0,884,train
5,0,885,train
5,0,886,train
5,0,887,train
5,0,888,train
5,0,890,train
5,0,891,train
5,0,893,train
5,0,894,train
5,0,895,train
5,0,896,train
5,0,897,train
5,0,899,train
5,0,900,train
5,0,902,train
5,0,903,train
5,0,904,train
5,0,905,train
5,0,907,train
5,0,908,train
5,0,909,train
5,0,911,train
5,0,912,train
5,0,913,train
5,0,914,train
5,0,915,train
5,0,916,train
5,0,918,train
5,0,919,train
5,0,921,train
5,0,922,train
5,0,923,train
5,0,926,train
5,0,927,train
5,0,928,train
5,0,930,train
5,0,931,train
5,0,933,train
5,0,935,train
5,0,936,train
5,0,937,train
5,0,939,train
5,0,941,train
5,0,943,train
5,0,944,train
5,0,945,train
5,0,946,train
5,0,947,train
5,0,948,train
5,0,949,train
5,0,950,train
5,0,952,train
5,0,953,train
5,0,954,train
5,0,955,train
5,0,956,train
5,0,957,train
5,0,958,train
5,0,959,train
5,0,960,train
5,0,961,train
5,0,962,train
5,0,965,train
5,0,966,train
5,0,967,train
5,0,970,train
5,0,971,train
5,0,972,train
5,0,973,train
5,0,974,train
5,0,975,train
5,0,976,train
5,0,977,train
5,0,979,train
5,0,980,train
5,0,981,train
5,0,983,train
5,0,984,train
5,0,985,train
5,0,986,train
5,0,987,train
5,0,988,train
5,0,989,train
5,0,990,train
5,0,991,train
5,0,992,train
5,0,993,train
5,0,994,train
5,0,995,train
5,0,997,train
5,0,999,train
5,0,1000,train
5,0,1002,train
5,0,1003,train
5,0,1004,train
5,0,1005,train
5,0,1006,train
5,0,1007,train
5,0,1008,train
5,0,1009,train
5,0,1010,train
5,0,1013,train
5,0,1015,train
5,0,1019,train
5,0,1021,train
5,0,1024,train
5,0,1027,train
5,0,1028,train
5,0,1029,train
5,0,1030,train
5,0,1031,train
5,0,1033,train
5,0,1035,train
5,0,1036,train
5,0,1037,train
5,0,1038,train
5,0,1039,train
5,0,1040,train
5,0,1041,train
5,0,1042,train
5,0,1044,train
5,0,1045,train
5,0,1046,train
5,0,1048,train
5,0,1049,train
5,0,1050,train
5,0,1051,train
5,0,1052,train
5,0,1053,train
5,0,1054,train
5,0,1055,train
5,0,1056,train
5,0,1057,train
5,0,1059,train
5,0,1061,train
5,0,1063,train
5,0,1064,train
5,0,1065,train
5,0,1066,train
5,0,1068,train
5,0,1069,train
5,0,1070,train
5,0,1071,train
5,0,1072,train
5,0,1073,train
5,0,1074,train
5,0,1075,train
5,0,1076,train
5,0,1077,train
5,0,1078,train
5,0,1079,train
5,0,1081,train
5,0,1082,train
5,0,1084,train
5,0,1086,train
5,0,1087,train
5,0,1088,train
5,0,1089,train
5,0,1091,train
5,0,1092,train
5,0,1093,train
5,0,1094,train
5,0,1096,train
5,0,1098,train
5,0,1099,train
5,0,2,valid
5,0,5,valid
5,0,8,valid
5,0,10,valid
5,0,13,valid
5,0,19,valid
5,0,28,valid
5,0,32,valid
5,0,38,valid
5,0,39,valid
5,0,42,valid
5,0,48,valid
5,0,51,valid
5,0,58,valid
5,0,64,valid
5,0,70,valid
5,0,73,valid
5,0,79,valid
5,0,93,valid
5,0,94,valid
5,0,96,valid
5,0,98,valid
5,0,99,valid
5,0,110,valid
5,0,122,valid
5,0,130,valid
5,0,131,valid
5,0,139,valid
5,0,142,valid
5,0,144,valid
5,0,147,valid
5,0,153,valid
5,0,159,valid
5,0,162,valid
5,0,176,valid
5,0,177,valid
5,0,181,valid
5,0,187,valid
5,0,199,valid
5,0,206,valid
5,0,212,valid
5,0,236,valid
5,0,255,valid
5,0,259,valid
5,0,264,valid
5,0,284,valid
5,0,286,valid
5,0,291,valid
5,0,297,valid
5,0,299,valid
5,0,306,valid
5,0,307,valid
5,0,318,valid
5,0,319,valid
5,0,322,valid
5,0,324,valid
5,0,325,valid
5,0,340,valid
5,0,341,valid
5,0,345,valid
5,0,353,valid
5,0,355,valid
5,0,357,valid
5,0,360,valid
5,0,366,valid
5,0,367,valid
5,0,368,valid
5,0,371,valid
5,0,373,valid
5,0,381,valid
5,0,386,valid
5,0,390,valid
5,0,394,valid
5,0,403,valid
5,0,406,valid
5,0,407,valid
5,0,422,valid
5,0,423,valid
5,0,424,valid
5,0,426,valid
5,0,430,valid
5,0,436,valid
5,0,439,valid
5,0,449,valid
5,0,451,valid
5,0,453,valid
5,0,457,valid
5,0,458,valid
5,0,459,valid
5,0,473,valid
5,0,479,valid
5,0,480,valid
5,0,481,valid
5,0,485,valid
5,0,487,valid
5,0,490,valid
5,0,501,valid
5,0,513,valid
5,0,515,valid
5,0,525,valid
5,0,526,valid
5,0,534,valid
5,0,537,valid
5,0,539,valid
5,0,543,valid
5,0,544,valid
5,0,551,valid
5,0,553,valid
5,0,554,valid
5,0,555,valid
5,0,559,valid
5,0,561,valid
5,0,567,valid
5,0,568,valid
5,0,574,valid
5,0,583,valid
5,0,587,valid
5,0,588,valid
5,0,589,valid
5,0,607,valid
5,0,614,valid
5,0,616,valid
5,0,619,valid
5,0,621,valid
5,0,629,valid
5,0,632,valid
5,0,634,valid
5,0,640,valid
5,0,653,valid
5,0,654,valid
5,0,664,valid
5,0,709,valid
5,0,711,valid
5,0,714,valid
5,0,717,valid
5,0,719,valid
5,0,729,valid
5,0,733,valid
5,0,734,valid
5,0,739,valid
5,0,740,valid
5,0,742,valid
5,0,750,valid
5,0,759,valid
5,0,765,valid
5,0,766,valid
5,0,768,valid
5,0,771,valid
5,0,773,valid
5,0,786,valid
5,0,787,valid
5,0,788,valid
5,0,795,valid
5,0,796,valid
5,0,802,valid
5,0,821,valid
5,0,823,valid
5,0,826,valid
5,0,827,valid
5,0,833,valid
5,0,837,valid
5,0,841,valid
5,0,844,valid
5,0,846,valid
5,0,855,valid
5,0,867,valid
5,0,876,valid
5,0,877,valid
5,0,878,valid
5,0,879,valid
5,0,892,valid
5,0,898,valid
5,0,901,valid
5,0,906,valid
5,0,910,valid
5,0,917,valid
5,0,920,valid
5,0,924,valid
5,0,925,valid
5,0,929,valid
5,0,932,valid
5,0,934,valid
5,0,938,valid
5,0,940,valid
5,0,942,valid
5,0,951,valid
5,0,963,valid
5,0,964,valid
5,0,968,valid
5,0,969,valid
5,0,978,valid
5,0,982,valid
5,0,996,valid
5,0,998,valid
5,0,1001,valid
5,0,1011,valid
5,0,1012,valid
5,0,1014,valid
5,0,1016,valid
5,0,1017,valid
5,0,1018,valid
5,0,1020,valid
5,0,1022,valid
5,0,1023,valid
5,0,1025,valid
5,0,1026,valid
5,0,1032,valid
5,0,1034,valid
5,0,1043,valid
5,0,1047,valid
5,0,1058,valid
5,0,1060,valid
5,0,1062,valid
5,0,1067,valid
5,0,1080,valid
5,0,1083,valid
5,0,1085,valid
5,0,1090,valid
5,0,1095,valid
5,0,1097,valid
5,1,0,train
5,1,1,train
5,1,2,train
5,1,3,train
5,1,4,train
5,1,5,train
5,1,6,train
5,1,7,train
5,1,8,train
5,1,9,train
5,1,10,train
5,1,11,train
5,1,12,train
5,1,13,train
5,1,15,train
5,1,16,train
5,1,17,train
5,1,18,train
5,1,19,train
5,1,22,train
5,1,23,train
5,1,24,train
5,1,25,train
5,1,26,train
5,1,27,train
5,1,28,train
5,1,29,train
5,1,30,train
5,1,31,train
5,1,32,train
5,1,33,train
5,1,34,train
5,1,35,train
5,1,36,train
5,1,38,train
5,1,39,train
5,1,40,train
5,1,41,train
5,1,42,train
5,1,43,train
5,1,45,train
5,1,47,train
5,1,48,train
5,1,50,train
5,1,51,train
5,1,53,train
5,1,56,train
5,1,57,train
5,1,58,train
5,1,59,train
5,1,60,train
5,1,61,train
5,1,62,train
5,1,63,train
5,1,64,train
5,1,65,train
5,1,66,train
5,1,68,train
5,1,69,train
5,1,70,train
5,1,72,train
5,1,73,train
5,1,74,train
5,1,75,train
5,1,76,train
5,1,77,train
5,1,78,train
5,1,79,train
5,1,80,train
5,1,81,train
5,1,82,train
5,1,83,train
5,1,84,train
5,1,85,train
5,1,86,train
5,1,88,train
5,1,89,train
5,1,90,train
5,1,92,train
5,1,93,train
5,1,94,train
5,1,95,train
5,1,96,train
5,1,98,train
5,1,99,train
5,1,100,train
5,1,101,train
5,1,103,train
5,1,104,train
5,1,105,train
5,1,106,train
5,1,107,train
5,1,110,train
5,1,111,train
5,1,115,train
5,1,118,train
5,1,119,train
5,1,120,train
5,1,121,train
5,1,122,train
5,1,123,train
5,1,124,train
5,1,125,train
5,1,129,train
5,1,130,train
5,1,131,train
5,1,134,train
5,1,135,train
5,1,136,train
5,1,137,train
5,1,138,train
5,1,139,train
5,1,140,train
5,1,141,train
5,1,142,train
5,1,143,train
5,1,144,train
5,1,147,train
5,1,148,train
5,1,150,train
5,1,151,train
5,1,152,train
5,1,153,train
5,1,154,train
5,1,155,train
5,1,157,train
5,1,158,train
5,1,159,train
5,1,160,train
5,1,162,train
5,1,164,train
5,1,165,train
5,1,166,train
5,1,168,train
5,1,169,train
5,1,172,train
5,1,174,train
5,1,175,train
5,1,176,train
5,1,177,train
5,1,178,train
5,1,179,train
5,1,180,train
5,1,181,train
5,1,182,train
5,1,184,train
5,1,185,train
5,1,187,train
5,1,189,train
5,1,190,train
5,1,191,train
5,1,192,train
5,1,193,train
5,1,194,train
5,1,195,train
5,1,196,train
5,1,197,train
5,1,199,train
5,1,201,train
5,1,202,train
5,1,203,train
5,1,204,train
5,1,205,train
5,1,206,train
5,1,208,train
5,1,209,train
5,1,210,train
5,1,212,train
5,1,213,train
5,1,214,train
5,1,215,train
5,1,216,train
5,1,217,train
5,1,218,train
5,1,219,train
5,1,220,train
5,1,221,train
5,1,222,train
5,1,223,train
5,1,225,train
5,1,227,train
5,1,229,train
5,1,230,train
5,1,231,train
5,1,232,train
5,1,233,train
5,1,236,train
5,1,237,train
5,1,239,train
5,1,240,train
5,1,243,train
5,1,244,train
5,1,245,train
5,1,248,train
5,1,249,train
5,1,251,train
5,1,252,train
5,1,253,train
5,1,254,train
5,1,255,train
5,1,256,train
5,1,257,train
5,1,259,train
5,1,261,train
5,1,262,train
5,1,263,train
5,1,264,train
5,1,265,train
5,1,266,train
5,1,267,train
5,1,268,train
5,1,269,train
5,1,271,train
5,1,272,train
5,1,273,train
5,1,275,train
5,1,276,train
5,1,277,train
5,1,279,train
5,1,283,train
5,1,284,train
5,1,285,train
5,1,286,train
5,1,287,train
5,1,289,train
5,1,290,train
5,1,291,train
5,1,293,train
5,1,295,train
5,1,296,train
5,1,297,train
5,1,299,train
5,1,301,train
5,1,302,train
5,1,304,train
5,1,305,train
5,1,306,train
5,1,307,train
5,1,309,train
5,1,311,train
5,1,314,train
5,1,317,train
5,1,318,train
5,1,319,train
5,1,320,train
5,1,321,train
5,1,322,train
5,1,323,train
5,1,324,train
5,1,325,train
5,1,326,train
5,1,327,train
5,1,328,train
5,1,329,train
5,1,331,train
5,1,332,train
5,1,333,train
5,1,334,train
5,1,335,train
5,1,336,train
5,1,337,train
5,1,338,train
5,1,339,train
5,1,340,train
5,1,341,train
5,1,343,train
5,1,344,train
5,1,345,train
5,1,346,train
5,1,347,train
5,1,351,train
5,1,352,train
5,1,353,train
5,1,354,train
5,1,355,train
5,1,356,train
5,1,357,train
5,1,358,train
5,1,359,train
5,1,360,train
5,1,361,train
5,1,362,train
5,1,363,train
5,1,365,train
5,1,366,train
5,1,367,train
5,1,368,train
5,1,369,train
5,1,370,train
5,1,371,train
5,1,372,train
5,1,373,train
5,1,374,train
5,1,375,train
5,1,376,train
5,1,377,train
5,1,378,train
5,1,379,train
5,1,380,train
5,1,381,train
5,1,382,train
5,1,383,train
5,1,384,train
5,1,385,train
5,1,386,train
5,1,388,train
5,1,389,train
5,1,390,train
5,1,392,train
5,1,393,train
5,1,394,train
5,1,396,train
5,1,397,train
5,1,398,train
5,1,399,train
5,1,400,train
5,1,401,train
5,1,402,train
5,1,403,train
5,1,404,train
5,1,406,train
5,1,407,train
5,1,408,train
5,1,409,train
5,1,410,train
5,1,411,train
5,1,412,train
5,1,413,train
5,1,414,train
5,1,415,train
5,1,416,train
5,1,417,train
5,1,418,train
5,1,419,train
5,1,420,train
5,1,421,train
5,1,422,train
5,1,423,train
5,1,424,train
5,1,425,train
5,1,426,train
5,1,427,train
5,1,428,train
5,1,429,train
5,1,430,train
5,1,431,train
5,1,432,train
5,1,435,train
5,1,436,train
5,1,438,train
5,1,439,train
5,1,440,train
5,1,441,train
5,1,443,train
5,1,447,train
5,1,448,train
5,1,449,train
5,1,450,train
5,1,451,train
5,1,452,train
5,1,453,train
5,1,454,train
5,1,455,train
5,1,456,train
5,1,457,train
5,1,458,train
5,1,459,train
5,1,461,train
5,1,462,train
5,1,463,train
5,1,465,train
5,1,466,train
5,1,467,train
5,1,469,train
5,1,470,train
5,1,471,train
5,1,472,train
5,1,473,train
5,1,474,train
5,1,475,train
5,1,476,train
5,1,477,train
5,1,478,train
5,1,479,train
5,1,480,train
5,1,481,train
5,1,482,train
5,1,483,train
5,1,485,train
5,1,486,train
5,1,487,train
5,1,490,train
5,1,493,train
5,1,494,train
5,1,495,train
5,1,496,train
5,1,497,train
5,1,498,train
5,1,499,train
5,1,500,train
5,1,501,train
5,1,502,train
5,1,504,train
5,1,506,train
5,1,507,train
5,1,508,train
5,1,509,train
5,1,510,train
5,1,511,train
5,1,512,train
5,1,513,train
5,1,514,train
5,1,515,train
5,1,517,train
5,1,520,train
5,1,521,train
5,1,523,train
5,1,524,train
5,1,525,train
5,1,526,train
5,1,527,train
5,1,529,train
5,1,531,train
5,1,533,train
5,1,534,train
5,1,535,train
5,1,536,train
5,1,537,train
5,1,538,train
5,1,539,train
5,1,540,train
5,1,542,train
5,1,543,train
5,1,544,train
5,1,546,train
5,1,547,train
5,1,549,train
5,1,550,train
5,1,551,train
5,1,553,train
5,1,554,train
5,1,555,train
5,1,556,train
5,1,557,train
5,1,558,train
5,1,559,train
5,1,560,train
5,1,561,train
5,1,562,train
5,1,563,train
5,1,564,train
5,1,566,train
5,1,567,train
5,1,568,train
5,1,570,train
5,1,571,train
5,1,572,train
5,1,573,train
5,1,574,train
5,1,575,train
5,1,576,train
5,1,577,train
5,1,578,train
5,1,580,train
5,1,581,train
5,1,582,train
5,1,583,train
5,1,584,train
5,1,585,train
5,1,586,train
5,1,587,train
5,1,588,train
5,1,589,train
5,1,591,train
5,1,592,train
5,1,594,train
5,1,598,train
5,1,599,train
5,1,601,train
5,1,602,train
5,1,603,train
5,1,604,train
5,1,605,train
5,1,606,train
5,1,607,train
5,1,608,train
5,1,609,train
5,1,611,train
5,1,612,train
5,1,613,train
5,1,614,train
5,1,615,train
5,1,616,train
5,1,617,train
5,1,618,train
5,1,619,train
5,1,621,train
5,1,622,train
5,1,623,train
5,1,624,train
5,1,625,train
5,1,626,train
5,1,628,train
5,1,629,train
5,1,630,train
5,1,631,train
5,1,632,train
5,1,634,train
5,1,635,train
5,1,636,train
5,1,637,train
5,1,638,train
5,1,639,train
5,1,640,train
5,1,645,train
5,1,646,train
5,1,651,train
5,1,653,train
5,1,654,train
5,1,657,train
5,1,658,train
5,1,659,train
5,1,660,train
5,1,661,train
5,1,663,train
5,1,664,train
5,1,665,train
5,1,666,train
5,1,667,train
5,1,668,train
5,1,669,train
5,1,670,train
5,1,673,train
5,1,674,train
5,1,675,train
5,1,677,train
5,1,680,train
5,1,681,train
5,1,682,train
5,1,684,train
5,1,686,train
5,1,687,train
5,1,688,train
5,1,689,train
5,1,692,train
5,1,694,train
5,1,696,train
5,1,697,train
5,1,698,train
5,1,699,train
5,1,701,train
5,1,702,train
5,1,703,train
5,1,704,train
5,1,705,train
5,1,708,train
5,1,709,train
5,1,710,train
5,1,711,train
5,1,712,train
5,1,713,train
5,1,714,train
5,1,715,train
5,1,716,train
5,1,717,train
5,1,718,train
5,1,719,train
5,1,720,train
5,1,721,train
5,1,722,train
5,1,724,train
5,1,725,train
5,1,726,train
5,1,727,train
5,1,728,train
5,1,729,train
5,1,730,train
5,1,731,train
5,1,732,train
5,1,733,train
5,1,734,train
5,1,735,train
5,1,737,train
5,1,739,train
5,1,740,train
5,1,742,train
5,1,743,train
5,1,744,train
5,1,745,train
5,1,746,train
5,1,747,train
5,1,748,train
5,1,749,train
5,1,750,train
5,1,752,train
5,1,753,train
5,1,754,train
5,1,755,train
5,1,756,train
5,1,757,train
5,1,759,train
5,1,760,train
5,1,762,train
5,1,763,train
5,1,764,train
5,1,765,train
5,1,766,train
5,1,768,train
5,1,771,train
5,1,772,train
5,1,773,train
5,1,775,train
5,1,776,train
5,1,777,train
5,1,778,train
5,1,779,train
5,1,780,train
5,1,781,train
5,1,785,train
5,1,786,train
5,1,787,train
5,1,788,train
5,1,789,train
5,1,790,train
5,1,791,train
5,1,793,train
5,1,795,train
5,1,796,train
5,1,797,train
5,1,800,train
5,1,802,train
5,1,806,train
5,1,807,train
5,1,808,train
5,1,809,train
5,1,810,train
5,1,811,train
5,1,813,train
5,1,815,train
5,1,816,train
5,1,817,train
5,1,818,train
5,1,819,train
5,1,820,train
5,1,821,train
5,1,822,train
5,1,823,train
5,1,824,train
5,1,825,train
5,1,826,train
5,1,827,train
5,1,828,train
5,1,829,train
5,1,830,train
5,1,831,train
5,1,833,train
5,1,834,train
5,1,835,train
5,1,836,train
5,1,837,train
5,1,839,train
5,1,840,train
5,1,841,train
5,1,843,train
5,1,844,train
5,1,845,train
5,1,846,train
5,1,847,train
5,1,848,train
5,1,849,train
5,1,850,train
5,1,852,train
5,1,853,train
5,1,854,train
5,1,855,train
5,1,856,train
5,1,857,train
5,1,858,train
5,1,860,train
5,1,861,train
5,1,862,train
5,1,863,train
5,1,864,train
5,1,865,train
5,1,867,train
5,1,869,train
5,1,873,train
5,1,874,train
5,1,875,train
5,1,876,train
5,1,877,train
5,1,878,train
5,1,879,train
5,1,880,train
5,1,881,train
5,1,883,train
5,1,884,train
5,1,885,train
5,1,886,train
5,1,887,train
5,1,888,train
5,1,890,train
5,1,891,train
5,1,892,train
5,1,894,train
5,1,895,train
5,1,896,train
5,1,897,train
5,1,898,train
5,1,899,train
5,1,900,train
5,1,901,train
5,1,902,train
5,1,904,train
5,1,905,train
5,1,906,train
5,1,907,train
5,1,908,train
5,1,909,train
5,1,910,train
5,1,911,train
5,1,912,train
5,1,914,train
5,1,915,train
5,1,916,train
5,1,917,train
5,1,919,train
5,1,920,train
5,1,921,train
5,1,922,train
5,1,923,train
5,1,924,train
5,1,925,train
5,1,926,train
5,1,928,train
5,1,929,train
5,1,930,train
5,1,931,train
5,1,932,train
5,1,934,train
5,1,935,train
5,1,936,train
5,1,937,train
5,1,938,train
5,1,939,train
5,1,940,train
5,1,941,train
5,1,942,train
5,1,943,train
5,1,944,train
5,1,945,train
5,1,946,train
5,1,947,train
5,1,950,train
5,1,951,train
5,1,952,train
5,1,953,train
5,1,956,train
5,1,957,train
5,1,958,train
5,1,959,train
5,1,960,train
5,1,961,train
5,1,963,train
5,1,964,train
5,1,965,train
5,1,966,train
5,1,967,train
5,1,968,train
5,1,969,train
5,1,970,train
5,1,971,train
5,1,975,train
5,1,976,train
5,1,977,train
5,1,978,train
5,1,979,train
5,1,981,train
5,1,982,train
5,1,983,train
5,1,984,train
5,1,985,train
5,1,986,train
5,1,987,train
5,1,988,train
5,1,989,train
5,1,991,train
5,1,993,train
5,1,994,train
5,1,996,train
5,1,997,train
5,1,998,train
5,1,1000,train
5,1,1001,train
5,1,1002,train
5,1,1004,train
5,1,1005,train
5,1,1006,train
5,1,1007,train
5,1,1008,train
5,1,1010,train
5,1,1011,train
5,1,1012,train
5,1,1014,train
5,1,1016,train
5,1,1017,train
5,1,1018,train
5,1,1019,train
5,1,1020,train
5,1,1021,train
5,1,1022,train
5,1,1023,train
5,1,1024,train
5,1,1025,train
5,1,1026,train
5,1,1027,train
5,1,1028,train
5,1,1029,train
5,1,1030,train
5,1,1031,train
5,1,1032,train
5,1,1033,train
5,1,1034,train
5,1,1036,train
5,1,1037,train
5,1,1038,train
5,1,1039,train
5,1,1040,train
5,1,1042,train
5,1,1043,train
5,1,1044,train
5,1,1045,train
5,1,1046,train
5,1,1047,train
5,1,1048,train
5,1,1049,train
5,1,1050,train
5,1,1051,train
5,1,1052,train
5,1,1053,train
5,1,1054,train
5,1,1055,train
5,1,1056,train
5,1,1058,train
5,1,1059,train
5,1,1060,train
5,1,1061,train
5,1,1062,train
5,1,1064,train
5,1,1065,train
5,1,1066,train
5,1,1067,train
5,1,1070,train
5,1,1071,train
5,1,1072,train
5,1,1073,train
5,1,1074,train
5,1,1075,train
5,1,1076,train
5,1,1077,train
5,1,1078,train
5,1,1079,train
5,1,1080,train
5,1,1082,train
5,1,1083,train
5,1,1084,train
5,1,1085,train
5,1,1087,train
5,1,1088,train
5,1,1089,train
5,1,1090,train
5,1,1091,train
5,1,1092,train
5,1,1093,train
5,1,1095,train
5,1,1096,train
5,1,1097,train
5,1,1099,train
5,1,14,valid
5,1,20,valid
5,1,21,valid
5,1,37,valid
5,1,44,valid
5,1,46,valid
5,1,49,valid
5,1,52,valid
5,1,54,valid
5,1,55,valid
5,1,67,valid
5,1,71,valid
5,1,87,valid
5,1,91,valid
5,1,97,valid
5,1,102,valid
5,1,108,valid
5,1,109,valid
5,1,112,valid
5,1,113,valid
5,1,114,valid
5,1,116,valid
5,1,117,valid
5,1,126,valid
5,1,127,valid
5,1,128,valid
5,1,132,valid
5,1,133,valid
5,1,145,valid
5,1,146,valid
5,1,149,valid
5,1,156,valid
5,1,161,valid
5,1,163,valid
5,1,167,valid
5,1,170,valid
5,1,171,valid
5,1,173,valid
5,1,183,valid
5,1,186,valid
5,1,188,valid
5,1,198,valid
5,1,200,valid
5,1,207,valid
5,1,211,valid
5,1,224,valid
5,1,226,valid
5,1,228,valid
5,1,234,valid
5,1,235,valid
5,1,238,valid
5,1,241,valid
5,1,242,valid
5,1,246,valid
5,1,247,valid
5,1,250,valid
5,1,258,valid
5,1,260,valid
5,1,270,valid
5,1,274,valid
5,1,278,valid
5,1,280,valid
5,1,281,valid
5,1,282,valid
5,1,288,valid
5,1,292,valid
5,1,294,valid
5,1,298,valid
5,1,300,valid
5,1,303,valid
5,1,308,valid
5,1,310,valid
5,1,312,valid
5,1,313,valid
5,1,315,valid
5,1,316,valid
5,1,330,valid
5,1,342,valid
5,1,348,valid
5,1,349,valid
5,1,350,valid
5,1,364,valid
5,1,387,valid
5,1,391,valid
5,1,395,valid
5,1,405,valid
5,1,433,valid
5,1,434,valid
5,1,437,valid
5,1,442,valid
5,1,444,valid
5,1,445,valid
5,1,446,valid
5,1,460,valid
5,1,464,valid
5,1,468,valid
5,1,484,valid
5,1,488,valid
5,1,489,valid
5,1,491,valid
5,1,492,valid
5,1,503,valid
5,1,505,valid
5,1,516,valid
5,1,518,valid
5,1,519,valid
5,1,522,valid
5,1,528,valid
5,1,530,valid
5,1,532,valid
5,1,541,valid
5,1,545,valid
5,1,548,valid
5,1,552,valid
5,1,565,valid
5,1,569,valid
5,1,579,valid
5,1,590,valid
5,1,593,valid
5,1,595,valid
5,1,596,valid
5,1,597,valid
5,1,600,valid
5,1,610,valid
5,1,620,valid
5,1,627,valid
5,1,633,valid
5,1,641,valid
5,1,642,valid
5,1,643,valid
5,1,644,valid
5,1,647,valid
5,1,648,valid
5,1,649,valid
5,1,650,valid
5,1,652,valid
5,1,655,valid
5,1,656,valid
5,1,662,valid
5,1,671,valid
5,1,672,valid
5,1,676,valid
5,1,678,valid
5,1,679,valid
5,1,683,valid
5,1,685,valid
5,1,690,valid
5,1,691,valid
5,1,693,valid
5,1,695,valid
5,1,700,valid
5,1,706,valid
5,1,707,valid
5,1,723,valid
5,1,736,valid
5,1,738,valid
5,1,741,valid
5,1,751,valid
5,1,758,valid
5,1,761,valid
5,1,767,valid
5,1,769,valid
5,1,770,valid
5,1,774,valid
5,1,782,valid
5,1,783,valid
5,1,784,valid
5,1,792,valid
5,1,794,valid
5,1,798,valid
5,1,799,valid
5,1,801,valid
5,1,803,valid
5,1,804,valid
5,1,812,valid
5,1,814,valid
5,1,832,valid
5,1,838,valid
5,1,842,valid
5,1,851,valid
5,1,859,valid
5,1,866,valid
5,1,868,valid
5,1,870,valid
5,1,871,valid
5,1,872,valid
5,1,882,valid
5,1,893,valid
5,1,903,valid
5,1,913,valid
5,1,918,valid
5,1,927,valid
5,1,933,valid
5,1,948,valid
5,1,949,valid
5,1,954,valid
5,1,955,valid
5,1,962,valid
5,1,972,valid
5,1,973,valid
5,1,974,valid
5,1,980,valid
5,1,990,valid
5,1,992,valid
5,1,995,valid
5,1,999,valid
5,1,1003,valid
5,1,1009,valid
5,1,1013,valid
5,1,1015,valid
5,1,1035,valid
5,1,1041,valid
5,1,1057,valid
5,1,1063,valid
5,1,1068,valid
5,1,1069,valid
5,1,1081,valid
5,1,1086,valid
5,1,1094,valid
5,1,1098,valid
5,2,0,train
5,2,1,train
5,2,2,train
5,2,5,train
5,2,8,train
5,2,10,train
5,2,11,train
5,2,12,train
5,2,13,train
5,2,14,train
5,2,15,train
5,2,16,train
5,2,17,train
5,2,18,train
5,2,19,train
5,2,20,train
5,2,21,train
5,2,24,train
5,2,25,train
5,2,27,train
5,2,28,train
5,2,30,train
5,2,31,train
5,2,32,train
5,2,35,train
5,2,36,train
5,2,37,train
5,2,38,train
5,2,39,train
5,2,40,train
5,2,42,train
5,2,43,train
5,2,44,train
5,2,45,train
5,2,46,train
5,2,47,train
5,2,48,train
5,2,49,train
5,2,50,train
5,2,51,train
5,2,52,train
5,2,54,train
5,2,55,train
5,2,56,train
5,2,57,train
5,2,58,train
5,2,59,train
5,2,60,train
5,2,61,train
5,2,62,train
5,2,64,train
5,2,65,train
5,2,66,train
5,2,67,train
5,2,70,train
5,2,71,train
5,2,73,train
5,2,74,train
5,2,75,train
5,2,76,train
5,2,77,train
5,2,78,train
5,2,79,train
5,2,81,train
5,2,82,train
5,2,83,train
5,2,84,train
5,2,85,train
5,2,87,train
5,2,91,train
5,2,93,train
5,2,94,train
5,2,95,train
5,2,96,train
5,2,97,train
5,2,98,train
5,2,99,train
5,2,100,train
5,2,101,train
5,2,102,train
5,2,104,train
5,2,105,train
5,2,108,train
5,2,109,train
5,2,110,train
5,2,111,train
5,2,112,train
5,2,113,train
5,2,114,train
5,2,116,train
5,2,117,train
5,2,118,train
5,2,119,train
5,2,120,train
5,2,121,train
5,2,122,train
5,2,124,train
5,2,125,train
5,2,126,train
5,2,127,train
5,2,128,train
5,2,129,train
5,2,130,train
5,2,131,train
5,2,132,train
5,2,133,train
5,2,134,train
5,2,136,train
5,2,138,train
5,2,139,train
5,2,141,train
5,2,142,train
5,2,143,train
5,2,144,train
5,2,145,train
5,2,146,train
5,2,147,train
5,2,149,train
5,2,150,train
5,2,151,train
5,2,152,train
5,2,153,train
5,2,154,train
5,2,155,train
5,2,156,train
5,2,158,train
5,2,159,train
5,2,160,train
5,2,161,train
5,2,162,train
5,2,163,train
5,2,165,train
5,2,166,train
5,2,167,train
5,2,168,train
5,2,170,train
5,2,171,train
5,2,172,train
5,2,173,train
5,2,174,train
5,2,175,train
5,2,176,train
5,2,177,train
5,2,178,train
5,2,179,train
5,2,180,train
5,2,181,train
5,2,182,train
5,2,183,train
5,2,185,train
5,2,186,train
5,2,187,train
5,2,188,train
5,2,191,train
5,2,192,train
5,2,195,train
5,2,196,train
5,2,197,train
5,2,198,train
5,2,199,train
5,2,200,train
5,2,203,train
5,2,204,train
5,2,205,train
5,2,206,train
5,2,207,train
5,2,208,train
5,2,209,train
5,2,210,train
5,2,211,train
5,2,212,train
5,2,214,train
5,2,215,train
5,2,216,train
5,2,217,train
5,2,218,train
5,2,220,train
5,2,221,train
5,2,222,train
5,2,223,train
5,2,224,train
5,2,226,train
5,2,227,train
5,2,228,train
5,2,229,train
5,2,230,train
5,2,234,train
5,2,235,train
5,2,236,train
5,2,238,train
5,2,239,train
5,2,241,train
5,2,242,train
5,2,243,train
5,2,244,train
5,2,246,train
5,2,247,train
5,2,248,train
5,2,249,train
5,2,250,train
5,2,253,train
5,2,254,train
5,2,255,train
5,2,256,train
5,2,257,train
5,2,258,train
5,2,259,train
5,2,260,train
5,2,261,train
5,2,263,train
5,2,264,train
5,2,265,train
5,2,266,train
5,2,269,train
5,2,270,train
5,2,271,train
5,2,272,train
5,2,273,train
5,2,274,train
5,2,275,train
5,2,277,train
5,2,278,train
5,2,279,train
5,2,280,train
5,2,281,train
5,2,282,train
5,2,283,train
5,2,284,train
5,2,286,train
5,2,287,train
5,2,288,train
5,2,289,train
5,2,290,train
5,2,291,train
5,2,292,train
5,2,294,train
5,2,295,train
5,2,297,train
5,2,298,train
5,2,299,train
5,2,300,train
5,2,301,train
5,2,303,train
5,2,306,train
5,2,307,train
5,2,308,train
5,2,309,train
5,2,310,train
5,2,312,train
5,2,313,train
5,2,314,train
5,2,315,train
5,2,316,train
5,2,317,train
5,2,318,train
5,2,319,train
5,2,321,train
5,2,322,train
5,2,323,train
5,2,324,train
5,2,325,train
5,2,327,train
5,2,330,train
5,2,331,train
5,2,332,train
5,2,333,train
5,2,334,train
5,2,335,train
5,2,336,train
5,2,337,train
5,2,338,train
5,2,340,train
5,2,341,train
5,2,342,train
5,2,343,train
5,2,345,train
5,2,346,train
5,2,347,train
5,2,348,train
5,2,349,train
5,2,350,train
5,2,353,train
5,2,355,train
5,2,357,train
5,2,360,train
5,2,361,train
5,2,362,train
5,2,364,train
5,2,366,train
5,2,367,train
5,2,368,train
5,2,370,train
5,2,371,train
5,2,373,train
5,2,375,train
5,2,376,train
5,2,379,train
5,2,380,train
5,2,381,train
5,2,382,train
5,2,383,train
5,2,384,train
5,2,385,train
5,2,386,train
5,2,387,train
5,2,388,train
5,2,389,train
5,2,390,train
5,2,391,train
5,2,392,train
5,2,394,train
5,2,395,train
5,2,396,train
5,2,397,train
5,2,398,train
5,2,403,train
5,2,404,train
5,2,405,train
5,2,406,train
5,2,407,train
5,2,408,train
5,2,409,train
5,2,410,train
5,2,411,train
5,2,412,train
5,2,414,train
5,2,415,train
5,2,416,train
5,2,417,train
5,2,419,train
5,2,421,train
5,2,422,train
5,2,423,train
5,2,424,train
5,2,425,train
5,2,426,train
5,2,427,train
5,2,428,train
5,2,430,train
5,2,431,train
5,2,432,train
5,2,433,train
5,2,434,train
5,2,435,train
5,2,436,train
5,2,437,train
5,2,438,train
5,2,439,train
5,2,441,train
5,2,442,train
5,2,443,train
5,2,444,train
5,2,445,train
5,2,446,train
5,2,447,train
5,2,448,train
5,2,449,train
5,2,451,train
5,2,452,train
5,2,453,train
5,2,454,train
5,2,457,train
5,2,458,train
5,2,459,train
5,2,460,train
5,2,461,train
5,2,462,train
5,2,463,train
5,2,464,train
5,2,465,train
5,2,466,train
5,2,467,train
5,2,468,train
5,2,469,train
5,2,470,train
5,2,471,train
5,2,472,train
5,2,473,train
5,2,474,train
5,2,477,train
5,2,478,train
5,2,479,train
5,2,480,train
5,2,481,train
5,2,482,train
5,2,484,train
5,2,485,train
5,2,487,train
5,2,488,train
5,2,489,train
5,2,490,train
5,2,491,train
5,2,492,train
5,2,493,train
5,2,494,train
5,2,495,train
5,2,496,train
5,2,497,train
5,2,498,train
5,2,499,train
5,2,500,train
5,2,501,train
5,2,502,train
5,2,503,train
5,2,504,train
5,2,505,train
5,2,507,train
5,2,509,train
5,2,510,train
5,2,513,train
5,2,515,train
5,2,516,train
5,2,517,train
5,2,518,train
5,2,519,train
5,2,521,train
5,2,522,train
5,2,523,train
5,2,525,train
5,2,526,train
5,2,527,train
5,2,528,train
5,2,529,train
5,2,530,train
5,2,531,train
5,2,532,train
5,2,534,train
5,2,535,train
5,2,536,train
5,2,537,train
5,2,539,train
5,2,540,train
5,2,541,train
5,2,542,train
5,2,543,train
5,2,544,train
5,2,545,train
5,2,546,train
5,2,547,train
5,2,548,train
5,2,549,train
5,2,550,train
5,2,551,train
5,2,552,train
5,2,553,train
5,2,554,train
5,2,555,train
5,2,556,train
5,2,558,train
5,2,559,train
5,2,560,train
5,2,561,train
5,2,562,train
5,2,563,train
5,2,564,train
5,2,565,train
5,2,567,train
5,2,568,train
5,2,569,train
5,2,570,train
5,2,571,train
5,2,572,train
5,2,573,train
5,2,574,train
5,2,575,train
5,2,576,train
5,2,577,train
5,2,579,train
5,2,580,train
5,2,583,train
5,2,584,train
5,2,585,train
5,2,586,train
5,2,587,train
5,2,588,train
5,2,589,train
5,2,590,train
5,2,591,train
5,2,592,train
5,2,593,train
5,2,594,train
5,2,595,train
5,2,596,train
5,2,597,train
5,2,599,train
5,2,600,train
5,2,601,train
5,2,602,train
5,2,604,train
5,2,605,train
5,2,606,train
5,2,607,train
5,2,608,train
5,2,609,train
5,2,610,train
5,2,612,train
5,2,613,train
5,2,614,train
5,2,615,train
5,2,616,train
5,2,617,train
5,2,618,train
5,2,619,train
5,2,620,train
5,2,621,train
5,2,624,train
5,2,625,train
5,2,627,train
5,2,628,train
5,2,629,train
5,2,632,train
5,2,633,train
5,2,634,train
5,2,635,train
5,2,637,train
5,2,639,train
5,2,640,train
5,2,641,train
5,2,642,train
5,2,643,train
5,2,644,train
5,2,645,train
5,2,646,train
5,2,647,train
5,2,648,train
5,2,649,train
5,2,650,train
5,2,651,train
5,2,652,train
5,2,653,train
5,2,654,train
5,2,655,train
5,2,656,train
5,2,659,train
5,2,660,train
5,2,661,train
5,2,662,train
5,2,663,train
5,2,664,train
5,2,666,train
5,2,667,train
5,2,668,train
5,2,669,train
5,2,671,train
5,2,672,train
5,2,673,train
5,2,674,train
5,2,675,train
5,2,676,train
5,2,678,train
5,2,679,train
5,2,680,train
5,2,681,train
5,2,683,train
5,2,684,train
5,2,685,train
5,2,686,train
5,2,690,train
5,2,691,train
5,2,693,train
5,2,694,train
5,2,695,train
5,2,696,train
5,2,697,train
5,2,698,train
5,2,699,train
5,2,700,train
5,2,701,train
5,2,702,train
5,2,703,train
5,2,705,train
5,2,706,train
5,2,707,train
5,2,709,train
5,2,711,train
5,2,712,train
5,2,713,train
5,2,714,train
5,2,715,train
5,2,716,train
5,2,717,train
5,2,718,train
5,2,719,train
5,2,721,train
5,2,722,train
5,2,723,train
5,2,724,train
5,2,725,train
5,2,726,train
5,2,728,train
5,2,729,train
5,2,733,train
5,2,734,train
5,2,735,train
5,2,736,train
5,2,738,train
5,2,739,train
5,2,740,train
5,2,741,train
5,2,742,train
5,2,744,train
5,2,746,train
5,2,749,train
5,2,750,train
5,2,751,train
5,2,752,train
5,2,753,train
5,2,754,train
5,2,755,train
5,2,756,train
5,2,757,train
5,2,758,train
5,2,759,train
5,2,760,train
5,2,761,train
5,2,763,train
5,2,765,train
5,2,766,train
5,2,767,train
5,2,768,train
5,2,769,train
5,2,770,train
5,2,771,train
5,2,773,train
5,2,774,train
5,2,775,train
5,2,776,train
5,2,777,train
5,2,779,train
5,2,780,train
5,2,782,train
5,2,783,train
5,2,784,train
5,2,785,train
5,2,786,train
5,2,787,train
5,2,788,train
5,2,789,train
5,2,790,train
5,2,792,train
5,2,793,train
5,2,794,train
5,2,795,train
5,2,796,train
5,2,797,train
5,2,798,train
5,2,799,train
5,2,800,train
5,2,801,train
5,2,802,train
5,2,803,train
5,2,804,train
5,2,806,train
5,2,807,train
5,2,808,train
5,2,809,train
5,2,810,train
5,2,812,train
5,2,813,train
5,2,814,train
5,2,817,train
5,2,818,train
5,2,820,train
5,2,821,train
5,2,822,train
5,2,823,train
5,2,825,train
5,2,826,train
5,2,827,train
5,2,828,train
5,2,832,train
5,2,833,train
5,2,834,train
5,2,837,train
5,2,838,train
5,2,840,train
5,2,841,train
5,2,842,train
5,2,843,train
5,2,844,train
5,2,845,train
5,2,846,train
5,2,847,train
5,2,849,train
5,2,850,train
5,2,851,train
5,2,855,train
5,2,857,train
5,2,858,train
5,2,859,train
5,2,860,train
5,2,861,train
5,2,862,train
5,2,866,train
5,2,867,train
5,2,868,train
5,2,870,train
5,2,871,train
5,2,872,train
5,2,875,train
5,2,876,train
5,2,877,train
5,2,878,train
5,2,879,train
5,2,880,train
5,2,881,train
5,2,882,train
5,2,883,train
5,2,885,train
5,2,886,train
5,2,887,train
5,2,891,train
5,2,892,train
5,2,893,train
5,2,897,train
5,2,898,train
5,2,899,train
5,2,900,train
5,2,901,train
5,2,903,train
5,2,904,train
5,2,906,train
5,2,908,train
5,2,910,train
5,2,911,train
5,2,912,train
5,2,913,train
5,2,915,train
5,2,917,train
5,2,918,train
5,2,919,train
5,2,920,train
5,2,921,train
5,2,922,train
5,2,924,train
5,2,925,train
5,2,926,train
5,2,927,train
5,2,928,train
5,2,929,train
5,2,931,train
5,2,932,train
5,2,933,train
5,2,934,train
5,2,935,train
5,2,937,train
5,2,938,train
5,2,940,train
5,2,941,train
5,2,942,train
5,2,944,train
5,2,946,train
5,2,947,train
5,2,948,train
5,2,949,train
5,2,951,train
5,2,952,train
5,2,954,train
5,2,955,train
5,2,956,train
5,2,957,train
5,2,958,train
5,2,959,train
5,2,961,train
5,2,962,train
5,2,963,train
5,2,964,train
5,2,966,train
5,2,967,train
5,2,968,train
5,2,969,train
5,2,970,train
5,2,971,train
5,2,972,train
5,2,973,train
5,2,974,train
5,2,975,train
5,2,977,train
5,2,978,train
5,2,980,train
5,2,982,train
5,2,983,train
5,2,984,train
5,2,987,train
5,2,988,train
5,2,989,train
5,2,990,train
5,2,991,train
5,2,992,train
5,2,993,train
5,2,995,train
5,2,996,train
5,2,997,train
5,2,998,train
5,2,999,train
5,2,1000,train
5,2,1001,train
5,2,1003,train
5,2,1004,train
5,2,1005,train
5,2,1007,train
5,2,1008,train
5,2,1009,train
5,2,1010,train
5,2,1011,train
5,2,1012,train
5,2,1013,train
5,2,1014,train
5,2,1015,train
5,2,1016,train
5,2,1017,train
5,2,1018,train
5,2,1019,train
5,2,1020,train
5,2,1022,train
5,2,1023,train
5,2,1024,train
5,2,1025,train
5,2,1026,train
5,2,1027,train
5,2,1028,train
5,2,1031,train
5,2,1032,train
5,2,1034,train
5,2,1035,train
5,2,1036,train
5,2,1038,train
5,2,1039,train
5,2,1041,train
5,2,1043,train
5,2,1044,train
5,2,1046,train
5,2,1047,train
5,2,1048,train
5,2,1049,train
5,2,1050,train
5,2,1052,train
5,2,1054,train
5,2,1055,train
5,2,1056,train
5,2,1057,train
5,2,1058,train
5,2,1059,train
5,2,1060,train
5,2,1061,train
5,2,1062,train
5,2,1063,train
5,2,1064,train
5,2,1065,train
5,2,1066,train
5,2,1067,train
5,2,1068,train
5,2,1069,train
5,2,1071,train
5,2,1072,train
5,2,1073,train
5,2,1074,train
5,2,1075,train
5,2,1076,train
5,2,1078,train
5,2,1079,train
5,2,1080,train
5,2,1081,train
5,2,1082,train
5,2,1083,train
5,2,1084,train
5,2,1085,train
5,2,1086,train
5,2,1087,train
5,2,1088,train
5,2,1090,train
5,2,1091,train
5,2,1094,train
5,2,1095,train
5,2,1096,train
5,2,1097,train
5,2,1098,train
5,2,1099,train
5,2,3,valid
5,2,4,valid
5,2,6,valid
5,2,7,valid
5,2,9,valid
5,2,22,valid
5,2,23,valid
5,2,26,valid
5,2,29,valid
5,2,33,valid
5,2,34,valid
5,2,41,valid
5,2,53,valid
5,2,63,valid
5,2,68,valid
5,2,69,valid
5,2,72,valid
5,2,80,valid
5,2,86,valid
5,2,88,valid
5,2,89,valid
5,2,90,valid
5,2,92,valid
5,2,103,valid
5,2,106,valid
5,2,107,valid
5,2,115,valid
5,2,123,valid
5,2,135,valid
5,2,137,valid
5,2,140,valid
5,2,148,valid
5,2,157,valid
5,2,164,valid
5,2,169,valid
5,2,184,valid
5,2,189,valid
5,2,190,valid
5,2,193,valid
5,2,194,valid
5,2,201,valid
5,2,202,valid
5,2,213,valid
5,2,219,valid
5,2,225,valid
5,2,231,valid
5,2,232,valid
5,2,233,valid
5,2,237,valid
5,2,240,valid
5,2,245,valid
5,2,251,valid
5,2,252,valid
5,2,262,valid
5,2,267,valid
5,2,268,valid
5,2,276,valid
5,2,285,valid
5,2,293,valid
5,2,296,valid
5,2,302,valid
5,2,304,valid
5,2,305,valid
5,2,311,valid
5,2,320,valid
5,2,326,valid
5,2,328,valid
5,2,329,valid
5,2,339,valid
5,2,344,valid
5,2,351,valid
5,2,352,valid
5,2,354,valid
5,2,356,valid
5,2,358,valid
5,2,359,valid
5,2,363,valid
5,2,365,valid
5,2,369,valid
5,2,372,valid
5,2,374,valid
5,2,377,valid
5,2,378,valid
5,2,393,valid
5,2,399,valid
5,2,400,valid
5,2,401,valid
5,2,402,valid
5,2,413,valid
5,2,418,valid
5,2,420,valid
5,2,429,valid
5,2,440,valid
5,2,450,valid
5,2,455,valid
5,2,456,valid
5,2,475,valid
5,2,476,valid
5,2,483,valid
5,2,486,valid
5,2,506,valid
5,2,508,valid
5,2,511,valid
5,2,512,valid
5,2,514,valid
5,2,520,valid
5,2,524,valid
5,2,533,valid
5,2,538,valid
5,2,557,valid
5,2,566,valid
5,2,578,valid
5,2,581,valid
5,2,582,valid
5,2,598,valid
5,2,603,valid
5,2,611,valid
5,2,622,valid
5,2,623,valid
5,2,626,valid
5,2,630,valid
5,2,631,valid
5,2,636,valid
5,2,638,valid
5,2,657,valid
5,2,658,valid
5,2,665,valid
5,2,670,valid
5,2,677,valid
5,2,682,valid
5,2,687,valid
5,2,688,valid
5,2,689,valid
5,2,692,valid
5,2,704,valid
5,2,708,valid
5,2,710,valid
5,2,720,valid
5,2,727,valid
5,2,730,valid
5,2,731,valid
5,2,732,valid
5,2,737,valid
5,2,743,valid
5,2,745,valid
5,2,747,valid
5,2,748,valid
5,2,762,valid
5,2,764,valid
5,2,772,valid
5,2,778,valid
5,2,781,valid
5,2,791,valid
5,2,811,valid
5,2,815,valid
5,2,816,valid
5,2,819,valid
5,2,824,valid
5,2,829,valid
5,2,830,valid
5,2,831,valid
5,2,835,valid
5,2,836,valid
5,2,839,valid
5,2,848,valid
5,2,852,valid
5,2,853,valid
5,2,854,valid
5,2,856,valid
5,2,863,valid
5,2,864,valid
5,2,865,valid
5,2,869,valid
5,2,873,valid
5,2,874,valid
5,2,884,valid
5,2,888,valid
5,2,890,valid
5,2,894,valid
5,2,895,valid
5,2,896,valid
5,2,902,valid
5,2,905,valid
5,2,907,valid
5,2,909,valid
5,2,914,valid
5,2,916,valid
5,2,923,valid
5,2,930,valid
5,2,936,valid
5,2,939,valid
5,2,943,valid
5,2,945,valid
5,2,950,valid
5,2,953,valid
5,2,960,valid
5,2,965,valid
5,2,976,valid
5,2,979,valid
5,2,981,valid
5,2,985,valid
5,2,986,valid
5,2,994,valid
5,2,1002,valid
5,2,1006,valid
5,2,1021,valid
5,2,1029,valid
5,2,1030,valid
5,2,1033,valid
5,2,1037,valid
5,2,1040,valid
5,2,1042,valid
5,2,1045,valid
5,2,1051,valid
5,2,1053,valid
5,2,1070,valid
5,2,1077,valid
5,2,1089,valid
5,2,1092,valid
5,2,1093,valid
5,3,0,train
5,3,2,train
5,3,3,train
5,3,4,train
5,3,5,train
5,3,6,train
5,3,7,train
5,3,8,train
5,3,9,train
5,3,10,train
5,3,11,train
5,3,13,train
5,3,14,train
5,3,15,train
5,3,17,train
5,3,19,train
5,3,20,train
5,3,21,train
5,3,22,train
5,3,23,train
5,3,24,train
5,3,25,train
5,3,26,train
5,3,28,train
5,3,29,train
5,3,30,train
5,3,31,train
5,3,32,train
5,3,33,train
5,3,34,train
5,3,36,train
5,3,37,train
5,3,38,train
5,3,39,train
5,3,41,train
5,3,42,train
5,3,43,train
5,3,44,train
5,3,45,train
5,3,46,train
5,3,48,train
5,3,49,train
5,3,50,train
5,3,51,train
5,3,52,train
5,3,53,train
5,3,54,train
5,3,55,train
5,3,56,train
5,3,58,train
5,3,60,train
5,3,62,train
5,3,63,train
5,3,64,train
5,3,65,train
5,3,67,train
5,3,68,train
5,3,69,train
5,3,70,train
5,3,71,train
5,3,72,train
5,3,73,train
5,3,74,train
5,3,75,train
5,3,76,train
5,3,77,train
5,3,79,train
5,3,80,train
5,3,81,train
5,3,83,train
5,3,84,train
5,3,85,train
5,3,86,train
5,3,87,train
5,3,88,train
5,3,89,train
5,3,90,train
5,3,91,train
5,3,92,train
5,3,93,train
5,3,94,train
5,3,95,train
5,3,96,train
5,3,97,train
5,3,98,train
5,3,99,train
5,3,102,train
5,3,103,train
5,3,105,train
5,3,106,train
5,3,107,train
5,3,108,train
5,3,109,train
5,3,110,train
5,3,112,train
5,3,113,train
5,3,114,train
5,3,115,train
5,3,116,train
5,3,117,train
5,3,121,train
5,3,122,train
5,3,123,train
5,3,125,train
5,3,126,train
5,3,127,train
5,3,128,train
5,3,129,train
5,3,130,train
5,3,131,train
5,3,132,train
5,3,133,train
5,3,135,train
5,3,137,train
5,3,139,train
5,3,140,train
5,3,141,train
5,3,142,train
5,3,144,train
5,3,145,train
5,3,146,train
5,3,147,train
5,3,148,train
5,3,149,train
5,3,150,train
5,3,151,train
5,3,153,train
5,3,155,train
5,3,156,train
5,3,157,train
5,3,158,train
5,3,159,train
5,3,161,train
5,3,162,train
5,3,163,train
5,3,164,train
5,3,165,train
5,3,167,train
5,3,168,train
5,3,169,train
5,3,170,train
5,3,171,train
5,3,173,train
5,3,174,train
5,3,176,train
5,3,177,train
5,3,179,train
5,3,181,train
5,3,182,train
5,3,183,train
5,3,184,train
5,3,185,train
5,3,186,train
5,3,187,train
5,3,188,train
5,3,189,train
5,3,190,train
5,3,191,train
5,3,192,train
5,3,193,train
5,3,194,train
5,3,196,train
5,3,197,train
5,3,198,train
5,3,199,train
5,3,200,train
5,3,201,train
5,3,202,train
5,3,204,train
5,3,205,train
5,3,206,train
5,3,207,train
5,3,209,train
5,3,210,train
5,3,211,train
5,3,212,train
5,3,213,train
5,3,214,train
5,3,218,train
5,3,219,train
5,3,224,train
5,3,225,train
5,3,226,train
5,3,227,train
5,3,228,train
5,3,231,train
5,3,232,train
5,3,233,train
5,3,234,train
5,3,235,train
5,3,236,train
5,3,237,train
5,3,238,train
5,3,240,train
5,3,241,train
5,3,242,train
5,3,243,train
5,3,245,train
5,3,246,train
5,3,247,train
5,3,248,train
5,3,250,train
5,3,251,train
5,3,252,train
5,3,254,train
5,3,255,train
5,3,256,train
5,3,257,train
5,3,258,train
5,3,259,train
5,3,260,train
5,3,262,train
5,3,264,train
5,3,265,train
5,3,266,train
5,3,267,train
5,3,268,train
5,3,270,train
5,3,271,train
5,3,272,train
5,3,274,train
5,3,276,train
5,3,278,train
5,3,280,train
5,3,281,train
5,3,282,train
5,3,283,train
5,3,284,train
5,3,285,train
5,3,286,train
5,3,287,train
5,3,288,train
5,3,289,train
5,3,290,train
5,3,291,train
5,3,292,train
5,3,293,train
5,3,294,train
5,3,295,train
5,3,296,train
5,3,297,train
5,3,298,train
5,3,299,train
5,3,300,train
5,3,301,train
5,3,302,train
5,3,303,train
5,3,304,train
5,3,305,train
5,3,306,train
5,3,307,train
5,3,308,train
5,3,310,train
5,3,311,train
5,3,312,train
5,3,313,train
5,3,314,train
5,3,315,train
5,3,316,train
5,3,317,train
5,3,318,train
5,3,319,train
5,3,320,train
5,3,321,train
5,3,322,train
5,3,324,train
5,3,325,train
5,3,326,train
5,3,328,train
5,3,329,train
5,3,330,train
5,3,334,train
5,3,335,train
5,3,338,train
5,3,339,train
5,3,340,train
5,3,341,train
5,3,342,train
5,3,343,train
5,3,344,train
5,3,345,train
5,3,346,train
5,3,348,train
5,3,349,train
5,3,350,train
5,3,351,train
5,3,352,train
5,3,353,train
5,3,354,train
5,3,355,train
5,3,356,train
5,3,357,train
5,3,358,train
5,3,359,train
5,3,360,train
5,3,361,train
5,3,362,train
5,3,363,train
5,3,364,train
5,3,365,train
5,3,366,train
5,3,367,train
5,3,368,train
5,3,369,train
5,3,370,train
5,3,371,train
5,3,372,train
5,3,373,train
5,3,374,train
5,3,377,train
5,3,378,train
5,3,380,train
5,3,381,train
5,3,382,train
5,3,383,train
5,3,384,train
5,3,386,train
5,3,387,train
5,3,390,train
5,3,391,train
5,3,393,train
5,3,394,train
5,3,395,train
5,3,399,train
5,3,400,train
5,3,401,train
5,3,402,train
5,3,403,train
5,3,404,train
5,3,405,train
5,3,406,train
5,3,407,train
5,3,409,train
5,3,413,train
5,3,415,train
5,3,416,train
5,3,417,train
5,3,418,train
5,3,419,train
5,3,420,train
5,3,422,train
5,3,423,train
5,3,424,train
5,3,426,train
5,3,427,train
5,3,429,train
5,3,430,train
5,3,431,train
5,3,432,train
5,3,433,train
5,3,434,train
5,3,435,train
5,3,436,train
5,3,437,train
5,3,438,train
5,3,439,train
5,3,440,train
5,3,441,train
5,3,442,train
5,3,444,train
5,3,445,train
5,3,446,train
5,3,448,train
5,3,449,train
5,3,450,train
5,3,451,train
5,3,453,train
5,3,455,train
5,3,456,train
5,3,457,train
5,3,458,train
5,3,459,train
5,3,460,train
5,3,461,train
5,3,464,train
5,3,468,train
5,3,469,train
5,3,470,train
5,3,471,train
5,3,473,train
5,3,474,train
5,3,475,train
5,3,476,train
5,3,477,train
5,3,478,train
5,3,479,train
5,3,480,train
5,3,481,train
5,3,482,train
5,3,483,train
5,3,484,train
5,3,485,train
5,3,486,train
5,3,487,train
5,3,488,train
5,3,489,train
5,3,490,train
5,3,491,train
5,3,492,train
5,3,494,train
5,3,495,train
5,3,496,train
5,3,498,train
5,3,499,train
5,3,501,train
5,3,503,train
5,3,505,train
5,3,506,train
5,3,507,train
5,3,508,train
5,3,511,train
5,3,512,train
5,3,513,train
5,3,514,train
5,3,515,train
5,3,516,train
5,3,518,train
5,3,519,train
5,3,520,train
5,3,521,train
5,3,522,train
5,3,523,train
5,3,524,train
5,3,525,train
5,3,526,train
5,3,528,train
5,3,530,train
5,3,532,train
5,3,533,train
5,3,534,train
5,3,537,train
5,3,538,train
5,3,539,train
5,3,541,train
5,3,543,train
5,3,544,train
5,3,545,train
5,3,546,train
5,3,548,train
5,3,550,train
5,3,551,train
5,3,552,train
5,3,553,train
5,3,554,train
5,3,555,train
5,3,557,train
5,3,558,train
5,3,559,train
5,3,560,train
5,3,561,train
5,3,562,train
5,3,565,train
5,3,566,train
5,3,567,train
5,3,568,train
5,3,569,train
5,3,572,train
5,3,574,train
5,3,577,train
5,3,578,train
5,3,579,train
5,3,581,train
5,3,582,train
5,3,583,train
5,3,584,train
5,3,586,train
5,3,587,train
5,3,588,train
5,3,589,train
5,3,590,train
5,3,591,train
5,3,593,train
5,3,594,train
5,3,595,train
5,3,596,train
5,3,597,train
5,3,598,train
5,3,599,train
5,3,600,train
5,3,602,train
5,3,603,train
5,3,605,train
5,3,606,train
5,3,607,train
5,3,610,train
5,3,611,train
5,3,612,train
5,3,613,train
5,3,614,train
5,3,615,train
5,3,616,train
5,3,619,train
5,3,620,train
5,3,621,train
5,3,622,train
5,3,623,train
5,3,625,train
5,3,626,train
5,3,627,train
5,3,629,train
5,3,630,train
5,3,631,train
5,3,632,train
5,3,633,train
5,3,634,train
5,3,636,train
5,3,637,train
5,3,638,train
5,3,640,train
5,3,641,train
5,3,642,train
5,3,643,train
5,3,644,train
5,3,645,train
5,3,647,train
5,3,648,train
5,3,649,train
5,3,650,train
5,3,652,train
5,3,653,train
5,3,654,train
5,3,655,train
5,3,656,train
5,3,657,train
5,3,658,train
5,3,661,train
5,3,662,train
5,3,663,train
5,3,664,train
5,3,665,train
5,3,666,train
5,3,668,train
5,3,670,train
5,3,671,train
5,3,672,train
5,3,673,train
5,3,675,train
5,3,676,train
5,3,677,train
5,3,678,train
5,3,679,train
5,3,680,train
5,3,682,train
5,3,683,train
5,3,685,train
5,3,687,train
5,3,688,train
5,3,689,train
5,3,690,train
5,3,691,train
5,3,692,train
5,3,693,train
5,3,695,train
5,3,700,train
5,3,701,train
5,3,702,train
5,3,704,train
5,3,705,train
5,3,706,train
5,3,707,train
5,3,708,train
5,3,709,train
5,3,710,train
5,3,711,train
5,3,712,train
5,3,714,train
5,3,716,train
5,3,717,train
5,3,719,train
5,3,720,train
5,3,721,train
5,3,723,train
5,3,724,train
5,3,727,train
5,3,728,train
5,3,729,train
5,3,730,train
5,3,731,train
5,3,732,train
5,3,733,train
5,3,734,train
5,3,735,train
5,3,736,train
5,3,737,train
5,3,738,train
5,3,739,train
5,3,740,train
5,3,741,train
5,3,742,train
5,3,743,train
5,3,745,train
5,3,746,train
5,3,747,train
5,3,748,train
5,3,749,train
5,3,750,train
5,3,751,train
5,3,752,train
5,3,755,train
5,3,756,train
5,3,758,train
5,3,759,train
5,3,760,train
5,3,761,train
5,3,762,train
5,3,764,train
5,3,765,train
5,3,766,train
5,3,767,train
5,3,768,train
5,3,769,train
5,3,770,train
5,3,771,train
5,3,772,train
5,3,773,train
5,3,774,train
5,3,776,train
5,3,778,train
5,3,781,train
5,3,782,train
5,3,783,train
5,3,784,train
5,3,785,train
5,3,786,train
5,3,787,train
5,3,788,train
5,3,789,train
5,3,791,train
5,3,792,train
5,3,793,train
5,3,794,train
5,3,795,train
5,3,796,train
5,3,797,train
5,3,798,train
5,3,799,train
5,3,800,train
5,3,801,train
5,3,802,train
5,3,803,train
5,3,804,train
5,3,806,train
5,3,808,train
5,3,810,train
5,3,811,train
5,3,812,train
5,3,813,train
5,3,814,train
5,3,815,train
5,3,816,train
5,3,817,train
5,3,819,train
5,3,820,train
5,3,821,train
5,3,823,train
5,3,824,train
5,3,825,train
5,3,826,train
5,3,827,train
5,3,829,train
5,3,830,train
5,3,831,train
5,3,832,train
5,3,833,train
5,3,835,train
5,3,836,train
5,3,837,train
5,3,838,train
5,3,839,train
5,3,841,train
5,3,842,train
5,3,844,train
5,3,845,train
5,3,846,train
5,3,847,train
5,3,848,train
5,3,849,train
5,3,851,train
5,3,852,train
5,3,853,train
5,3,854,train
5,3,855,train
5,3,856,train
5,3,857,train
5,3,859,train
5,3,863,train
5,3,864,train
5,3,865,train
5,3,866,train
5,3,867,train
5,3,868,train
5,3,869,train
5,3,870,train
5,3,871,train
5,3,872,train
5,3,873,train
5,3,874,train
5,3,876,train
5,3,877,train
5,3,878,train
5,3,879,train
5,3,882,train
5,3,884,train
5,3,885,train
5,3,886,train
5,3,887,train
5,3,888,train
5,3,890,train
5,3,892,train
5,3,893,train
5,3,894,train
5,3,895,train
5,3,896,train
5,3,897,train
5,3,898,train
5,3,901,train
5,3,902,train
5,3,903,train
5,3,904,train
5,3,905,train
5,3,906,train
5,3,907,train
5,3,909,train
5,3,910,train
5,3,911,train
5,3,913,train
5,3,914,train
5,3,915,train
5,3,916,train
5,3,917,train
5,3,918,train
5,3,919,train
5,3,920,train
5,3,921,train
5,3,923,train
5,3,924,train
5,3,925,train
5,3,926,train
5,3,927,train
5,3,928,train
5,3,929,train
5,3,930,train
5,3,932,train
5,3,933,train
5,3,934,train
5,3,935,train
5,3,936,train
5,3,937,train
5,3,938,train
5,3,939,train
5,3,940,train
5,3,942,train
5,3,943,train
5,3,945,train
5,3,946,train
5,3,948,train
5,3,949,train
5,3,950,train
5,3,951,train
5,3,953,train
5,3,954,train
5,3,955,train
5,3,958,train
5,3,960,train
5,3,962,train
5,3,963,train
5,3,964,train
5,3,965,train
5,3,968,train
5,3,969,train
5,3,972,train
5,3,973,train
5,3,974,train
5,3,976,train
5,3,977,train
5,3,978,train
5,3,979,train
5,3,980,train
5,3,981,train
5,3,982,train
5,3,983,train
5,3,984,train
5,3,985,train
5,3,986,train
5,3,988,train
5,3,989,train
5,3,990,train
5,3,991,train
5,3,992,train
5,3,993,train
5,3,994,train
5,3,995,train
5,3,996,train
5,3,997,train
5,3,998,train
5,3,999,train
5,3,1000,train
5,3,1001,train
5,3,1002,train
5,3,1003,train
5,3,1004,train
5,3,1005,train
5,3,1006,train
5,3,1007,train
5,3,1009,train
5,3,1010,train
5,3,1011,train
5,3,1012,train
5,3,1013,train
5,3,1014,train
5,3,1015,train
5,3,1016,train
5,3,1017,train
5,3,1018,train
5,3,1020,train
5,3,1021,train
5,3,1022,train
5,3,1023,train
5,3,1024,train
5,3,1025,train
5,3,1026,train
5,3,1027,train
5,3,1028,train
5,3,1029,train
5,3,1030,train
5,3,1032,train
5,3,1033,train
5,3,1034,train
5,3,1035,train
5,3,1037,train
5,3,1038,train
5,3,1040,train
5,3,1041,train
5,3,1042,train
5,3,1043,train
5,3,1044,train
5,3,1045,train
5,3,1046,train
5,3,1047,train
5,3,1049,train
5,3,1050,train
5,3,1051,train
5,3,1052,train
5,3,1053,train
5,3,1054,train
5,3,1055,train
5,3,1057,train
5,3,1058,train
5,3,1059,train
5,3,1060,train
5,3,1062,train
5,3,1063,train
5,3,1064,train
5,3,1065,train
5,3,1067,train
5,3,1068,train
5,3,1069,train
5,3,1070,train
5,3,1071,train
5,3,1072,train
5,3,1074,train
5,3,1077,train
5,3,1079,train
5,3,1080,train
5,3,1081,train
5,3,1083,train
5,3,1084,train
5,3,1085,train
5,3,1086,train
5,3,1088,train
5,3,1089,train
5,3,1090,train
5,3,1092,train
5,3,1093,train
5,3,1094,train
5,3,1095,train
5,3,1097,train
5,3,1098,train
5,3,1099,train
5,3,1,valid
5,3,12,valid
5,3,16,valid
5,3,18,valid
5,3,27,valid
5,3,35,valid
5,3,40,valid
5,3,47,valid
5,3,57,valid
5,3,59,valid
5,3,61,valid
5,3,66,valid
5,3,78,valid
5,3,82,valid
5,3,100,valid
5,3,101,valid
5,3,104,valid
5,3,111,valid
5,3,118,valid
5,3,119,valid
5,3,120,valid
5,3,124,valid
5,3,134,valid
5,3,136,valid
5,3,138,valid
5,3,143,valid
5,3,152,valid
5,3,154,valid
5,3,160,valid
5,3,166,valid
5,3,172,valid
5,3,175,valid
5,3,178,valid
5,3,180,valid
5,3,195,valid
5,3,203,valid
5,3,208,valid
5,3,215,valid
5,3,216,valid
5,3,217,valid
5,3,220,valid
5,3,221,valid
5,3,222,valid
5,3,223,valid
5,3,229,valid
5,3,230,valid
5,3,239,valid
5,3,244,valid
5,3,249,valid
5,3,253,valid
5,3,261,valid
5,3,263,valid
5,3,269,valid
5,3,273,valid
5,3,275,valid
5,3,277,valid
5,3,279,valid
5,3,309,valid
5,3,323,valid
5,3,327,valid
5,3,331,valid
5,3,332,valid
5,3,333,valid
5,3,336,valid
5,3,337,valid
5,3,347,valid
5,3,375,valid
5,3,376,valid
5,3,379,valid
5,3,385,valid
5,3,388,valid
5,3,389,valid
5,3,392,valid
5,3,396,valid
5,3,397,valid
5,3,398,valid
5,3,408,valid
5,3,410,valid
5,3,411,valid
5,3,412,valid
5,3,414,valid
5,3,421,valid
5,3,425,valid
5,3,428,valid
5,3,443,valid
5,3,447,valid
5,3,452,valid
5,3,454,valid
5,3,462,valid
5,3,463,valid
5,3,465,valid
5,3,466,valid
5,3,467,valid
5,3,472,valid
5,3,493,valid
5,3,497,valid
5,3,500,valid
5,3,502,valid
5,3,504,valid
5,3,509,valid
5,3,510,valid
5,3,517,valid
5,3,527,valid
5,3,529,valid
5,3,531,valid
5,3,535,valid
5,3,536,valid
5,3,540,valid
5,3,542,valid
5,3,547,valid
5,3,549,valid
5,3,556,valid
5,3,563,valid
5,3,564,valid
5,3,570,valid
5,3,571,valid
5,3,573,valid
5,3,575,valid
5,3,576,valid
5,3,580,valid
5,3,585,valid
5,3,592,valid
5,3,601,valid
5,3,604,valid
5,3,608,valid
5,3,609,valid
5,3,617,valid
5,3,618,valid
5,3,624,valid
5,3,628,valid
5,3,635,valid
5,3,639,valid
5,3,646,valid
5,3,651,valid
5,3,659,valid
5,3,660,valid
5,3,667,valid
5,3,669,valid
5,3,674,valid
5,3,681,valid
5,3,684,valid
5,3,686,valid
5,3,694,valid
5,3,696,valid
5,3,697,valid
5,3,698,valid
5,3,699,valid
5,3,703,valid
5,3,713,valid
5,3,715,valid
5,3,718,valid
5,3,722,valid
5,3,725,valid
5,3,726,valid
5,3,744,valid
5,3,753,valid
5,3,754,valid
5,3,757,valid
5,3,763,valid
5,3,775,valid
5,3,777,valid
5,3,779,valid
5,3,780,valid
5,3,790,valid
5,3,807,valid
5,3,809,valid
5,3,818,valid
5,3,822,valid
5,3,828,valid
5,3,834,valid
5,3,840,valid
5,3,843,valid
5,3,850,valid
5,3,858,valid
5,3,860,valid
5,3,861,valid
5,3,862,valid
5,3,875,valid
5,3,880,valid
5,3,881,valid
5,3,883,valid
5,3,891,valid
5,3,899,valid
5,3,900,valid
5,3,908,valid
5,3,912,valid
5,3,922,valid
5,3,931,valid
5,3,941,valid
5,3,944,valid
5,3,947,valid
5,3,952,valid
5,3,956,valid
5,3,957,valid
5,3,959,valid
5,3,961,valid
5,3,966,valid
5,3,967,valid
5,3,970,valid
5,3,971,valid
5,3,975,valid
5,3,987,valid
5,3,1008,valid
5,3,1019,valid
5,3,1031,valid
5,3,1036,valid
5,3,1039,valid
5,3,1048,valid
5,3,1056,valid
5,3,1061,valid
5,3,1066,valid
5,3,1073,valid
5,3,1075,valid
5,3,1076,valid
5,3,1078,valid
5,3,1082,valid
5,3,1087,valid
5,3,1091,valid
5,3,1096,valid
5,4,1,train
5,4,2,train
5,4,3,train
5,4,4,train
5,4,5,train
5,4,6,train
5,4,7,train
5,4,8,train
5,4,9,train
5,4,10,train
5,4,12,train
5,4,13,train
5,4,14,train
5,4,16,train
5,4,18,train
5,4,19,train
5,4,20,train
5,4,21,train
5,4,22,train
5,4,23,train
5,4,26,train
5,4,27,train
5,4,28,train
5,4,29,train
5,4,32,train
5,4,33,train
5,4,34,train
5,4,35,train
5,4,37,train
5,4,38,train
5,4,39,train
5,4,40,train
5,4,41,train
5,4,42,train
5,4,44,train
5,4,46,train
5,4,47,train
5,4,48,train
5,4,49,train
5,4,51,train
5,4,52,train
5,4,53,train
5,4,54,train
5,4,55,train
5,4,57,train
5,4,58,train
5,4,59,train
5,4,61,train
5,4,63,train
5,4,64,train
5,4,66,train
5,4,67,train
5,4,68,train
5,4,69,train
5,4,70,train
5,4,71,train
5,4,72,train
5,4,73,train
5,4,78,train
5,4,79,train
5,4,80,train
5,4,82,train
5,4,86,train
5,4,87,train
5,4,88,train
5,4,89,train
5,4,90,train
5,4,91,train
5,4,92,train
5,4,93,train
5,4,94,train
5,4,96,train
5,4,97,train
5,4,98,train
5,4,99,train
5,4,100,train
5,4,101,train
5,4,102,train
5,4,103,train
5,4,104,train
5,4,106,train
5,4,107,train
5,4,108,train
5,4,109,train
5,4,110,train
5,4,111,train
5,4,112,train
5,4,113,train
5,4,114,train
5,4,115,train
5,4,116,train
5,4,117,train
5,4,118,train
5,4,119,train
5,4,120,train
5,4,122,train
5,4,123,train
5,4,124,train
5,4,126,train
5,4,127,train
5,4,128,train
5,4,130,train
5,4,131,train
5,4,132,train
5,4,133,train
5,4,134,train
5,4,135,train
5,4,136,train
5,4,137,train
5,4,138,train
5,4,139,train
5,4,140,train
5,4,142,train
5,4,143,train
5,4,144,train
5,4,145,train
5,4,146,train
5,4,147,train
5,4,148,train
5,4,149,train
5,4,152,train
5,4,153,train
5,4,154,train
5,4,156,train
5,4,157,train
5,4,159,train
5,4,160,train
5,4,161,train
5,4,162,train
5,4,163,train
5,4,164,train
5,4,166,train
5,4,167,train
5,4,169,train
5,4,170,train
5,4,171,train
5,4,172,train
5,4,173,train
5,4,175,train
5,4,176,train
5,4,177,train
5,4,178,train
5,4,180,train
5,4,181,train
5,4,183,train
5,4,184,train
5,4,186,train
5,4,187,train
5,4,188,train
5,4,189,train
5,4,190,train
5,4,193,train
5,4,194,train
5,4,195,train
5,4,198,train
5,4,199,train
5,4,200,train
5,4,201,train
5,4,202,train
5,4,203,train
5,4,206,train
5,4,207,train
5,4,208,train
5,4,211,train
5,4,212,train
5,4,213,train
5,4,215,train
5,4,216,train
5,4,217,train
5,4,219,train
5,4,220,train
5,4,221,train
5,4,222,train
5,4,223,train
5,4,224,train
5,4,225,train
5,4,226,train
5,4,228,train
5,4,229,train
5,4,230,train
5,4,231,train
5,4,232,train
5,4,233,train
5,4,234,train
5,4,235,train
5,4,236,train
5,4,237,train
5,4,238,train
5,4,239,train
5,4,240,train
5,4,241,train
5,4,242,train
5,4,244,train
5,4,245,train
5,4,246,train
5,4,247,train
5,4,249,train
5,4,250,train
5,4,251,train
5,4,252,train
5,4,253,train
5,4,255,train
5,4,258,train
5,4,259,train
5,4,260,train
5,4,261,train
5,4,262,train
5,4,263,train
5,4,264,train
5,4,267,train
5,4,268,train
5,4,269,train
5,4,270,train
5,4,273,train
5,4,274,train
5,4,275,train
5,4,276,train
5,4,277,train
5,4,278,train
5,4,279,train
5,4,280,train
5,4,281,train
5,4,282,train
5,4,284,train
5,4,285,train
5,4,286,train
5,4,288,train
5,4,291,train
5,4,292,train
5,4,293,train
5,4,294,train
5,4,296,train
5,4,297,train
5,4,298,train
5,4,299,train
5,4,300,train
5,4,302,train
5,4,303,train
5,4,304,train
5,4,305,train
5,4,306,train
5,4,307,train
5,4,308,train
5,4,309,train
5,4,310,train
5,4,311,train
5,4,312,train
5,4,313,train
5,4,315,train
5,4,316,train
5,4,318,train
5,4,319,train
5,4,320,train
5,4,322,train
5,4,323,train
5,4,324,train
5,4,325,train
5,4,326,train
5,4,327,train
5,4,328,train
5,4,329,train
5,4,330,train
5,4,331,train
5,4,332,train
5,4,333,train
5,4,336,train
5,4,337,train
5,4,339,train
5,4,340,train
5,4,341,train
5,4,342,train
5,4,344,train
5,4,345,train
5,4,347,train
5,4,348,train
5,4,349,train
5,4,350,train
5,4,351,train
5,4,352,train
5,4,353,train
5,4,354,train
5,4,355,train
5,4,356,train
5,4,357,train
5,4,358,train
5,4,359,train
5,4,360,train
5,4,363,train
5,4,364,train
5,4,365,train
5,4,366,train
5,4,367,train
5,4,368,train
5,4,369,train
5,4,371,train
5,4,372,train
5,4,373,train
5,4,374,train
5,4,375,train
5,4,376,train
5,4,377,train
5,4,378,train
5,4,379,train
5,4,381,train
5,4,385,train
5,4,386,train
5,4,387,train
5,4,388,train
5,4,389,train
5,4,390,train
5,4,391,train
5,4,392,train
5,4,393,train
5,4,394,train
5,4,395,train
5,4,396,train
5,4,397,train
5,4,398,train
5,4,399,train
5,4,400,train
5,4,401,train
5,4,402,train
5,4,403,train
5,4,405,train
5,4,406,train
5,4,407,train
5,4,408,train
5,4,410,train
5,4,411,train
5,4,412,train
5,4,413,train
5,4,414,train
5,4,418,train
5,4,420,train
5,4,421,train
5,4,422,train
5,4,423,train
5,4,424,train
5,4,425,train
5,4,426,train
5,4,428,train
5,4,429,train
5,4,430,train
5,4,433,train
5,4,434,train
5,4,436,train
5,4,437,train
5,4,439,train
5,4,440,train
5,4,442,train
5,4,443,train
5,4,444,train
5,4,445,train
5,4,446,train
5,4,447,train
5,4,449,train
5,4,450,train
5,4,451,train
5,4,452,train
5,4,453,train
5,4,454,train
5,4,455,train
5,4,456,train
5,4,457,train
5,4,458,train
5,4,459,train
5,4,460,train
5,4,462,train
5,4,463,train
5,4,464,train
5,4,465,train
5,4,466,train
5,4,467,train
5,4,468,train
5,4,472,train
5,4,473,train
5,4,475,train
5,4,476,train
5,4,479,train
5,4,480,train
5,4,481,train
5,4,483,train
5,4,484,train
5,4,485,train
5,4,486,train
5,4,487,train
5,4,488,train
5,4,489,train
5,4,490,train
5,4,491,train
5,4,492,train
5,4,493,train
5,4,497,train
5,4,500,train
5,4,501,train
5,4,502,train
5,4,503,train
5,4,504,train
5,4,505,train
5,4,506,train
5,4,508,train
5,4,509,train
5,4,510,train
5,4,511,train
5,4,512,train
5,4,513,train
5,4,514,train
5,4,515,train
5,4,516,train
5,4,517,train
5,4,518,train
5,4,519,train
5,4,520,train
5,4,522,train
5,4,524,train
5,4,525,train
5,4,526,train
5,4,527,train
5,4,528,train
5,4,529,train
5,4,530,train
5,4,531,train
5,4,532,train
5,4,533,train
5,4,534,train
5,4,535,train
5,4,536,train
5,4,537,train
5,4,538,train
5,4,539,train
5,4,540,train
5,4,541,train
5,4,542,train
5,4,543,train
5,4,544,train
5,4,545,train
5,4,547,train
5,4,548,train
5,4,549,train
5,4,551,train
5,4,552,train
5,4,553,train
5,4,554,train
5,4,555,train
5,4,556,train
5,4,557,train
5,4,559,train
5,4,561,train
5,4,563,train
5,4,564,train
5,4,565,train
5,4,566,train
5,4,567,train
5,4,568,train
5,4,569,train
5,4,570,train
5,4,571,train
5,4,573,train
5,4,574,train
5,4,575,train
5,4,576,train
5,4,578,train
5,4,579,train
5,4,580,train
5,4,581,train
5,4,582,train
5,4,583,train
5,4,585,train
5,4,587,train
5,4,588,train
5,4,589,train
5,4,590,train
5,4,592,train
5,4,593,train
5,4,595,train
5,4,596,train
5,4,597,train
5,4,598,train
5,4,600,train
5,4,601,train
5,4,603,train
5,4,604,train
5,4,607,train
5,4,608,train
5,4,609,train
5,4,610,train
5,4,611,train
5,4,614,train
5,4,616,train
5,4,617,train
5,4,618,train
5,4,619,train
5,4,620,train
5,4,621,train
5,4,622,train
5,4,623,train
5,4,624,train
5,4,626,train
5,4,627,train
5,4,628,train
5,4,629,train
5,4,630,train
5,4,631,train
5,4,632,train
5,4,633,train
5,4,634,train
5,4,635,train
5,4,636,train
5,4,638,train
5,4,639,train
5,4,640,train
5,4,641,train
5,4,642,train
5,4,643,train
5,4,644,train
5,4,646,train
5,4,647,train
5,4,648,train
5,4,649,train
5,4,650,train
5,4,651,train
5,4,652,train
5,4,653,train
5,4,654,train
5,4,655,train
5,4,656,train
5,4,657,train
5,4,658,train
5,4,659,train
5,4,660,train
5,4,662,train
5,4,664,train
5,4,665,train
5,4,667,train
5,4,669,train
5,4,670,train
5,4,671,train
5,4,672,train
5,4,674,train
5,4,676,train
5,4,677,train
5,4,678,train
5,4,679,train
5,4,681,train
5,4,682,train
5,4,683,train
5,4,684,train
5,4,685,train
5,4,686,train
5,4,687,train
5,4,688,train
5,4,689,train
5,4,690,train
5,4,691,train
5,4,692,train
5,4,693,train
5,4,694,train
5,4,695,train
5,4,696,train
5,4,697,train
5,4,698,train
5,4,699,train
5,4,700,train
5,4,703,train
5,4,704,train
5,4,706,train
5,4,707,train
5,4,708,train
5,4,709,train
5,4,710,train
5,4,711,train
5,4,713,train
5,4,714,train
5,4,715,train
5,4,717,train
5,4,718,train
5,4,719,train
5,4,720,train
5,4,722,train
5,4,723,train
5,4,725,train
5,4,726,train
5,4,727,train
5,4,729,train
5,4,730,train
5,4,731,train
5,4,732,train
5,4,733,train
5,4,734,train
5,4,736,train
5,4,737,train
5,4,738,train
5,4,739,train
5,4,740,train
5,4,741,train
5,4,742,train
5,4,743,train
5,4,744,train
5,4,745,train
5,4,747,train
5,4,748,train
5,4,750,train
5,4,751,train
5,4,753,train
5,4,754,train
5,4,757,train
5,4,758,train
5,4,759,train
5,4,761,train
5,4,762,train
5,4,763,train
5,4,764,train
5,4,765,train
5,4,766,train
5,4,767,train
5,4,768,train
5,4,769,train
5,4,770,train
5,4,771,train
5,4,772,train
5,4,773,train
5,4,774,train
5,4,775,train
5,4,777,train
5,4,778,train
5,4,779,train
5,4,780,train
5,4,781,train
5,4,782,train
5,4,783,train
5,4,784,train
5,4,786,train
5,4,787,train
5,4,788,train
5,4,790,train
5,4,791,train
5,4,792,train
5,4,794,train
5,4,795,train
5,4,796,train
5,4,798,train
5,4,799,train
5,4,801,train
5,4,802,train
5,4,803,train
5,4,804,train
5,4,807,train
5,4,809,train
5,4,811,train
5,4,812,train
5,4,814,train
5,4,815,train
5,4,816,train
5,4,818,train
5,4,819,train
5,4,821,train
5,4,822,train
5,4,823,train
5,4,824,train
5,4,826,train
5,4,827,train
5,4,828,train
5,4,829,train
5,4,830,train
5,4,831,train
5,4,832,train
5,4,833,train
5,4,834,train
5,4,835,train
5,4,836,train
5,4,837,train
5,4,838,train
5,4,839,train
5,4,840,train
5,4,841,train
5,4,842,train
5,4,843,train
5,4,844,train
5,4,846,train
5,4,848,train
5,4,850,train
5,4,851,train
5,4,852,train
5,4,853,train
5,4,854,train
5,4,855,train
5,4,856,train
5,4,858,train
5,4,859,train
5,4,860,train
5,4,861,train
5,4,862,train
5,4,863,train
5,4,864,train
5,4,865,train
5,4,866,train
5,4,867,train
5,4,868,train
5,4,869,train
5,4,870,train
5,4,871,train
5,4,872,train
5,4,873,train
5,4,874,train
5,4,875,train
5,4,876,train
5,4,877,train
5,4,878,train
5,4,879,train
5,4,880,train
5,4,881,train
5,4,882,train
5,4,883,train
5,4,884,train
5,4,888,train
5,4,890,train
5,4,891,train
5,4,892,train
5,4,893,train
5,4,894,train
5,4,895,train
5,4,896,train
5,4,898,train
5,4,899,train
5,4,900,train
5,4,901,train
5,4,902,train
5,4,903,train
5,4,905,train
5,4,906,train
5,4,907,train
5,4,908,train
5,4,909,train
5,4,910,train
5,4,912,train
5,4,913,train
5,4,914,train
5,4,916,train
5,4,917,train
5,4,918,train
5,4,920,train
5,4,922,train
5,4,923,train
5,4,924,train
5,4,925,train
5,4,927,train
5,4,929,train
5,4,930,train
5,4,931,train
5,4,932,train
5,4,933,train
5,4,934,train
5,4,936,train
5,4,938,train
5,4,939,train
5,4,940,train
5,4,941,train
5,4,942,train
5,4,943,train
5,4,944,train
5,4,945,train
5,4,947,train
5,4,948,train
5,4,949,train
5,4,950,train
5,4,951,train
5,4,952,train
5,4,953,train
5,4,954,train
5,4,955,train
5,4,956,train
5,4,957,train
5,4,959,train
5,4,960,train
5,4,961,train
5,4,962,train
5,4,963,train
5,4,964,train
5,4,965,train
5,4,966,train
5,4,967,train
5,4,968,train
5,4,969,train
5,4,970,train
5,4,971,train
5,4,972,train
5,4,973,train
5,4,974,train
5,4,975,train
5,4,976,train
5,4,978,train
5,4,979,train
5,4,980,train
5,4,981,train
5,4,982,train
5,4,985,train
5,4,986,train
5,4,987,train
5,4,990,train
5,4,992,train
5,4,994,train
5,4,995,train
5,4,996,train
5,4,998,train
5,4,999,train
5,4,1001,train
5,4,1002,train
5,4,1003,train
5,4,1006,train
5,4,1008,train
5,4,1009,train
5,4,1011,train
5,4,1012,train
5,4,1013,train
5,4,1014,train
5,4,1015,train
5,4,1016,train
5,4,1017,train
5,4,1018,train
5,4,1019,train
5,4,1020,train
5,4,1021,train
5,4,1022,train
5,4,1023,train
5,4,1025,train
5,4,1026,train
5,4,1029,train
5,4,1030,train
5,4,1031,train
5,4,1032,train
5,4,1033,train
5,4,1034,train
5,4,1035,train
5,4,1036,train
5,4,1037,train
5,4,1039,train
5,4,1040,train
5,4,1041,train
5,4,1042,train
5,4,1043,train
5,4,1045,train
5,4,1047,train
5,4,1048,train
5,4,1051,train
5,4,1053,train
5,4,1056,train
5,4,1057,train
5,4,1058,train
5,4,1060,train
5,4,1061,train
5,4,1062,train
5,4,1063,train
5,4,1066,train
5,4,1067,train
5,4,1068,train
5,4,1069,train
5,4,1070,train
5,4,1073,train
5,4,1075,train
5,4,1076,train
5,4,1077,train
5,4,1078,train
5,4,1080,train
5,4,1081,train
5,4,1082,train
5,4,1083,train
5,4,1085,train
5,4,1086,train
5,4,1087,train
5,4,1089,train
5,4,1090,train
5,4,1091,train
5,4,1092,train
5,4,1093,train
5,4,1094,train
5,4,1095,train
5,4,1096,train
5,4,1097,train
5,4,1098,train
5,4,0,valid
5,4,11,valid
5,4,15,valid
5,4,17,valid
5,4,24,valid
5,4,25,valid
5,4,30,valid
5,4,31,valid
5,4,36,valid
5,4,43,valid
5,4,45,valid
5,4,50,valid
5,4,56,valid
5,4,60,valid
5,4,62,valid
5,4,65,valid
5,4,74,valid
5,4,75,valid
5,4,76,valid
5,4,77,valid
5,4,81,valid
5,4,83,valid
5,4,84,valid
5,4,85,valid
5,4,95,valid
5,4,105,valid
5,4,121,valid
5,4,125,valid
5,4,129,valid
5,4,141,valid
5,4,150,valid
5,4,151,valid
5,4,155,valid
5,4,158,valid
5,4,165,valid
5,4,168,valid
5,4,174,valid
5,4,179,valid
5,4,182,valid
5,4,185,valid
5,4,191,valid
5,4,192,valid
5,4,196,valid
5,4,197,valid
5,4,204,valid
5,4,205,valid
5,4,209,valid
5,4,210,valid
5,4,214,valid
5,4,218,valid
5,4,227,valid
5,4,243,valid
5,4,248,valid
5,4,254,valid
5,4,256,valid
5,4,257,valid
5,4,265,valid
5,4,266,valid
5,4,271,valid
5,4,272,valid
5,4,283,valid
5,4,287,valid
5,4,289,valid
5,4,290,valid
5,4,295,valid
5,4,301,valid
5,4,314,valid
5,4,317,valid
5,4,321,valid
5,4,334,valid
5,4,335,valid
5,4,338,valid
5,4,343,valid
5,4,346,valid
5,4,361,valid
5,4,362,valid
5,4,370,valid
5,4,380,valid
5,4,382,valid
5,4,383,valid
5,4,384,valid
5,4,404,valid
5,4,409,valid
5,4,415,valid
5,4,416,valid
5,4,417,valid
5,4,419,valid
5,4,427,valid
5,4,431,valid
5,4,432,valid
5,4,435,valid
5,4,438,valid
5,4,441,valid
5,4,448,valid
5,4,461,valid
5,4,469,valid
5,4,470,valid
5,4,471,valid
5,4,474,valid
5,4,477,valid
5,4,478,valid
5,4,482,valid
5,4,494,valid
5,4,495,valid
5,4,496,valid
5,4,498,valid
5,4,499,valid
5,4,507,valid
5,4,521,valid
5,4,523,valid
5,4,546,valid
5,4,550,valid
5,4,558,valid
5,4,560,valid
5,4,562,valid
5,4,572,valid
5,4,577,valid
5,4,584,valid
5,4,586,valid
5,4,591,valid
5,4,594,valid
5,4,599,valid
5,4,602,valid
5,4,605,valid
5,4,606,valid
5,4,612,valid
5,4,613,valid
5,4,615,valid
5,4,625,valid
5,4,637,valid
5,4,645,valid
5,4,661,valid
5,4,663,valid
5,4,666,valid
5,4,668,valid
5,4,673,valid
5,4,675,valid
5,4,680,valid
5,4,701,valid
5,4,702,valid
5,4,705,valid
5,4,712,valid
5,4,716,valid
5,4,721,valid
5,4,724,valid
5,4,728,valid
5,4,735,valid
5,4,746,valid
5,4,749,valid
5,4,752,valid
5,4,755,valid
5,4,756,valid
5,4,760,valid
5,4,776,valid
5,4,785,valid
5,4,789,valid
5,4,793,valid
5,4,797,valid
5,4,800,valid
5,4,806,valid
5,4,808,valid
5,4,810,valid
5,4,813,valid
5,4,817,valid
5,4,820,valid
5,4,825,valid
5,4,845,valid
5,4,847,valid
5,4,849,valid
5,4,857,valid
5,4,885,valid
5,4,886,valid
5,4,887,valid
5,4,897,valid
5,4,904,valid
5,4,911,valid
5,4,915,valid
5,4,919,valid
5,4,921,valid
5,4,926,valid
5,4,928,valid
5,4,935,valid
5,4,937,valid
5,4,946,valid
5,4,958,valid
5,4,977,valid
5,4,983,valid
5,4,984,valid
5,4,988,valid
5,4,989,valid
5,4,991,valid
5,4,993,valid
5,4,997,valid
5,4,1000,valid
5,4,1004,valid
5,4,1005,valid
5,4,1007,valid
5,4,1010,valid
5,4,1024,valid
5,4,1027,valid
5,4,1028,valid
5,4,1038,valid
5,4,1044,valid
5,4,1046,valid
5,4,1049,valid
5,4,1050,valid
5,4,1052,valid
5,4,1054,valid
5,4,1055,valid
5,4,1059,valid
5,4,1064,valid
5,4,1065,valid
5,4,1071,valid
5,4,1072,valid
5,4,1074,valid
5,4,1079,valid
5,4,1084,valid
5,4,1088,valid
5,4,1099,valid
6,0,0,train
6,0,1,train
6,0,2,train
6,0,3,train
6,0,4,train
6,0,5,train
6,0,7,train
6,0,9,train
6,0,10,train
6,0,11,train
6,0,12,train
6,0,15,train
6,0,16,train
6,0,17,train
6,0,18,train
6,0,19,train
6,0,20,train
6,0,21,train
6,0,22,train
6,0,24,train
6,0,27,train
6,0,28,train
6,0,29,train
6,0,32,train
6,0,34,train
6,0,36,train
6,0,37,train
6,0,39,train
6,0,40,train
6,0,42,train
6,0,45,train
6,0,46,train
6,0,47,train
6,0,48,train
6,0,49,train
6,0,50,train
6,0,51,train
6,0,54,train
6,0,55,train
6,0,56,train
6,0,57,train
6,0,58,train
6,0,61,train
6,0,62,train
6,0,63,train
6,0,64,train
6,0,65,train
6,0,67,train
6,0,68,train
6,0,69,train
6,0,70,train
6,0,71,train
6,0,72,train
6,0,73,train
6,0,74,train
6,0,75,train
6,0,76,train
6,0,77,train
6,0,78,train
6,0,79,train
6,0,81,train
6,0,82,train
6,0,83,train
6,0,84,train
6,0,85,train
6,0,87,train
6,0,90,train
6,0,91,train
6,0,92,train
6,0,93,train
6,0,95,train
6,0,96,train
6,0,97,train
6,0,99,train
6,0,101,train
6,0,102,train
6,0,103,train
6,0,104,train
6,0,105,train
6,0,106,train
6,0,111,train
6,0,112,train
6,0,113,train
6,0,114,train
6,0,115,train
6,0,117,train
6,0,118,train
6,0,119,train
6,0,120,train
6,0,121,train
6,0,122,train
6,0,124,train
6,0,125,train
6,0,127,train
6,0,129,train
6,0,130,train
6,0,133,train
6,0,134,train
6,0,135,train
6,0,136,train
6,0,137,train
6,0,138,train
6,0,139,train
6,0,140,train
6,0,141,train
6,0,142,train
6,0,143,train
6,0,144,train
6,0,145,train
6,0,146,train
6,0,147,train
6,0,148,train
6,0,149,train
6,0,150,train
6,0,152,train
6,0,155,train
6,0,157,train
6,0,159,train
6,0,161,train
6,0,162,train
6,0,163,train
6,0,164,train
6,0,165,train
6,0,166,train
6,0,167,train
6,0,168,train
6,0,169,train
6,0,171,train
6,0,172,train
6,0,173,train
6,0,174,train
6,0,175,train
6,0,176,train
6,0,177,train
6,0,178,train
6,0,179,train
6,0,180,train
6,0,181,train
6,0,182,train
6,0,183,train
6,0,185,train
6,0,186,train
6,0,187,train
6,0,188,train
6,0,190,train
6,0,191,train
6,0,192,train
6,0,193,train
6,0,194,train
6,0,195,train
6,0,196,train
6,0,197,train
6,0,199,train
6,0,200,train
6,0,201,train
6,0,202,train
6,0,204,train
6,0,206,train
6,0,207,train
6,0,209,train
6,0,213,train
6,0,214,train
6,0,215,train
6,0,216,train
6,0,217,train
6,0,218,train
6,0,219,train
6,0,221,train
6,0,222,train
6,0,223,train
6,0,224,train
6,0,225,train
6,0,226,train
6,0,227,train
6,0,228,train
6,0,229,train
6,0,230,train
6,0,231,train
6,0,232,train
6,0,233,train
6,0,234,train
6,0,235,train
6,0,236,train
6,0,237,train
6,0,238,train
6,0,239,train
6,0,241,train
6,0,242,train
6,0,243,train
6,0,244,train
6,0,245,train
6,0,246,train
6,0,247,train
6,0,248,train
6,0,250,train
6,0,251,train
6,0,252,train
6,0,253,train
6,0,254,train
6,0,255,train
6,0,256,train
6,0,258,train
6,0,259,train
6,0,260,train
6,0,262,train
6,0,263,train
6,0,264,train
6,0,265,train
6,0,266,train
6,0,268,train
6,0,269,train
6,0,271,train
6,0,273,train
6,0,274,train
6,0,275,train
6,0,276,train
6,0,277,train
6,0,278,train
6,0,279,train
6,0,280,train
6,0,281,train
6,0,282,train
6,0,285,train
6,0,286,train
6,0,287,train
6,0,288,train
6,0,289,train
6,0,291,train
6,0,292,train
6,0,294,train
6,0,295,train
6,0,296,train
6,0,297,train
6,0,298,train
6,0,299,train
6,0,300,train
6,0,301,train
6,0,302,train
6,0,303,train
6,0,305,train
6,0,307,train
6,0,308,train
6,0,309,train
6,0,310,train
6,0,311,train
6,0,312,train
6,0,313,train
6,0,314,train
6,0,315,train
6,0,316,train
6,0,317,train
6,0,318,train
6,0,319,train
6,0,320,train
6,0,321,train
6,0,322,train
6,0,324,train
6,0,325,train
6,0,326,train
6,0,327,train
6,0,328,train
6,0,329,train
6,0,330,train
6,0,331,train
6,0,332,train
6,0,333,train
6,0,335,train
6,0,336,train
6,0,337,train
6,0,338,train
6,0,339,train
6,0,341,train
6,0,342,train
6,0,343,train
6,0,344,train
6,0,345,train
6,0,346,train
6,0,347,train
6,0,349,train
6,0,350,train
6,0,351,train
6,0,353,train
6,0,354,train
6,0,355,train
6,0,356,train
6,0,357,train
6,0,358,train
6,0,359,train
6,0,360,train
6,0,361,train
6,0,362,train
6,0,363,train
6,0,364,train
6,0,365,train
6,0,366,train
6,0,367,train
6,0,369,train
6,0,371,train
6,0,372,train
6,0,373,train
6,0,374,train
6,0,375,train
6,0,376,train
6,0,377,train
6,0,378,train
6,0,379,train
6,0,380,train
6,0,381,train
6,0,382,train
6,0,383,train
6,0,385,train
6,0,387,train
6,0,389,train
6,0,390,train
6,0,391,train
6,0,393,train
6,0,394,train
6,0,395,train
6,0,398,train
6,0,400,train
6,0,402,train
6,0,403,train
6,0,404,train
6,0,405,train
6,0,407,train
6,0,408,train
6,0,410,train
6,0,411,train
6,0,413,train
6,0,415,train
6,0,416,train
6,0,417,train
6,0,418,train
6,0,421,train
6,0,422,train
6,0,425,train
6,0,426,train
6,0,427,train
6,0,428,train
6,0,430,train
6,0,431,train
6,0,432,train
6,0,434,train
6,0,435,train
6,0,436,train
6,0,437,train
6,0,438,train
6,0,439,train
6,0,440,train
6,0,441,train
6,0,442,train
6,0,444,train
6,0,445,train
6,0,446,train
6,0,447,train
6,0,448,train
6,0,450,train
6,0,451,train
6,0,454,train
6,0,455,train
6,0,456,train
6,0,457,train
6,0,459,train
6,0,460,train
6,0,461,train
6,0,462,train
6,0,463,train
6,0,464,train
6,0,465,train
6,0,466,train
6,0,467,train
6,0,468,train
6,0,469,train
6,0,470,train
6,0,471,train
6,0,472,train
6,0,473,train
6,0,475,train
6,0,476,train
6,0,477,train
6,0,478,train
6,0,479,train
6,0,480,train
6,0,481,train
6,0,482,train
6,0,485,train
6,0,486,train
6,0,488,train
6,0,489,train
6,0,490,train
6,0,492,train
6,0,493,train
6,0,494,train
6,0,495,train
6,0,497,train
6,0,500,train
6,0,501,train
6,0,504,train
6,0,505,train
6,0,506,train
6,0,507,train
6,0,508,train
6,0,509,train
6,0,510,train
6,0,512,train
6,0,516,train
6,0,517,train
6,0,518,train
6,0,519,train
6,0,520,train
6,0,522,train
6,0,523,train
6,0,524,train
6,0,525,train
6,0,526,train
6,0,527,train
6,0,528,train
6,0,529,train
6,0,530,train
6,0,531,train
6,0,532,train
6,0,534,train
6,0,535,train
6,0,537,train
6,0,538,train
6,0,540,train
6,0,541,train
6,0,542,train
6,0,543,train
6,0,545,train
6,0,547,train
6,0,548,train
6,0,549,train
6,0,550,train
6,0,552,train
6,0,555,train
6,0,556,train
6,0,557,train
6,0,559,train
6,0,560,train
6,0,561,train
6,0,562,train
6,0,563,train
6,0,564,train
6,0,565,train
6,0,567,train
6,0,569,train
6,0,570,train
6,0,571,train
6,0,573,train
6,0,575,train
6,0,576,train
6,0,578,train
6,0,579,train
6,0,580,train
6,0,581,train
6,0,582,train
6,0,583,train
6,0,584,train
6,0,585,train
6,0,586,train
6,0,587,train
6,0,588,train
6,0,589,train
6,0,590,train
6,0,591,train
6,0,592,train
6,0,593,train
6,0,595,train
6,0,596,train
6,0,597,train
6,0,598,train
6,0,599,train
6,0,601,train
6,0,602,train
6,0,603,train
6,0,605,train
6,0,606,train
6,0,607,train
6,0,608,train
6,0,609,train
6,0,610,train
6,0,611,train
6,0,613,train
6,0,614,train
6,0,617,train
6,0,619,train
6,0,620,train
6,0,621,train
6,0,622,train
6,0,623,train
6,0,624,train
6,0,626,train
6,0,628,train
6,0,629,train
6,0,630,train
6,0,631,train
6,0,632,train
6,0,634,train
6,0,635,train
6,0,636,train
6,0,637,train
6,0,639,train
6,0,640,train
6,0,641,train
6,0,642,train
6,0,643,train
6,0,644,train
6,0,645,train
6,0,646,train
6,0,647,train
6,0,648,train
6,0,650,train
6,0,651,train
6,0,652,train
6,0,653,train
6,0,654,train
6,0,655,train
6,0,656,train
6,0,657,train
6,0,658,train
6,0,659,train
6,0,660,train
6,0,661,train
6,0,663,train
6,0,664,train
6,0,665,train
6,0,666,train
6,0,667,train
6,0,668,train
6,0,669,train
6,0,671,train
6,0,672,train
6,0,674,train
6,0,675,train
6,0,676,train
6,0,677,train
6,0,678,train
6,0,680,train
6,0,681,train
6,0,682,train
6,0,683,train
6,0,684,train
6,0,685,train
6,0,686,train
6,0,687,train
6,0,688,train
6,0,689,train
6,0,691,train
6,0,692,train
6,0,693,train
6,0,694,train
6,0,695,train
6,0,696,train
6,0,697,train
6,0,698,train
6,0,699,train
6,0,700,train
6,0,701,train
6,0,702,train
6,0,703,train
6,0,705,train
6,0,706,train
6,0,707,train
6,0,708,train
6,0,709,train
6,0,710,train
6,0,712,train
6,0,713,train
6,0,714,train
6,0,715,train
6,0,718,train
6,0,719,train
6,0,720,train
6,0,721,train
6,0,723,train
6,0,725,train
6,0,726,train
6,0,727,train
6,0,728,train
6,0,729,train
6,0,731,train
6,0,732,train
6,0,733,train
6,0,735,train
6,0,736,train
6,0,739,train
6,0,741,train
6,0,742,train
6,0,743,train
6,0,745,train
6,0,746,train
6,0,747,train
6,0,748,train
6,0,749,train
6,0,750,train
6,0,751,train
6,0,752,train
6,0,753,train
6,0,755,train
6,0,756,train
6,0,757,train
6,0,758,train
6,0,759,train
6,0,761,train
6,0,762,train
6,0,764,train
6,0,765,train
6,0,766,train
6,0,767,train
6,0,768,train
6,0,769,train
6,0,770,train
6,0,771,train
6,0,772,train
6,0,773,train
6,0,774,train
6,0,775,train
6,0,777,train
6,0,780,train
6,0,781,train
6,0,782,train
6,0,783,train
6,0,785,train
6,0,786,train
6,0,787,train
6,0,788,train
6,0,789,train
6,0,790,train
6,0,791,train
6,0,792,train
6,0,793,train
6,0,794,train
6,0,795,train
6,0,797,train
6,0,798,train
6,0,799,train
6,0,801,train
6,0,802,train
6,0,804,train
6,0,806,train
6,0,807,train
6,0,808,train
6,0,809,train
6,0,810,train
6,0,811,train
6,0,812,train
6,0,813,train
6,0,814,train
6,0,816,train
6,0,817,train
6,0,819,train
6,0,820,train
6,0,821,train
6,0,822,train
6,0,823,train
6,0,825,train
6,0,827,train
6,0,830,train
6,0,831,train
6,0,832,train
6,0,833,train
6,0,834,train
6,0,836,train
6,0,837,train
6,0,838,train
6,0,839,train
6,0,840,train
6,0,842,train
6,0,843,train
6,0,844,train
6,0,845,train
6,0,846,train
6,0,847,train
6,0,848,train
6,0,850,train
6,0,851,train
6,0,852,train
6,0,853,train
6,0,854,train
6,0,855,train
6,0,856,train
6,0,857,train
6,0,858,train
6,0,859,train
6,0,860,train
6,0,861,train
6,0,862,train
6,0,864,train
6,0,865,train
6,0,866,train
6,0,867,train
6,0,868,train
6,0,869,train
6,0,870,train
6,0,873,train
6,0,874,train
6,0,875,train
6,0,876,train
6,0,877,train
6,0,878,train
6,0,879,train
6,0,880,train
6,0,882,train
6,0,885,train
6,0,886,train
6,0,887,train
6,0,890,train
6,0,891,train
6,0,892,train
6,0,893,train
6,0,894,train
6,0,896,train
6,0,897,train
6,0,898,train
6,0,900,train
6,0,901,train
6,0,902,train
6,0,904,train
6,0,905,train
6,0,907,train
6,0,908,train
6,0,910,train
6,0,911,train
6,0,912,train
6,0,914,train
6,0,915,train
6,0,916,train
6,0,917,train
6,0,918,train
6,0,919,train
6,0,920,train
6,0,921,train
6,0,923,train
6,0,924,train
6,0,925,train
6,0,926,train
6,0,927,train
6,0,928,train
6,0,929,train
6,0,930,train
6,0,932,train
6,0,933,train
6,0,934,train
6,0,936,train
6,0,937,train
6,0,939,train
6,0,940,train
6,0,941,train
6,0,943,train
6,0,944,train
6,0,947,train
6,0,948,train
6,0,949,train
6,0,950,train
6,0,952,train
6,0,953,train
6,0,955,train
6,0,956,train
6,0,957,train
6,0,958,train
6,0,960,train
6,0,961,train
6,0,962,train
6,0,963,train
6,0,964,train
6,0,965,train
6,0,968,train
6,0,969,train
6,0,970,train
6,0,971,train
6,0,972,train
6,0,973,train
6,0,974,train
6,0,975,train
6,0,976,train
6,0,977,train
6,0,978,train
6,0,979,train
6,0,981,train
6,0,982,train
6,0,983,train
6,0,984,train
6,0,985,train
6,0,986,train
6,0,987,train
6,0,988,train
6,0,989,train
6,0,990,train
6,0,993,train
6,0,994,train
6,0,995,train
6,0,996,train
6,0,998,train
6,0,1000,train
6,0,1002,train
6,0,1003,train
6,0,1004,train
6,0,1005,train
6,0,1006,train
6,0,1007,train
6,0,1008,train
6,0,1009,train
6,0,1011,train
6,0,1013,train
6,0,1015,train
6,0,1016,train
6,0,1017,train
6,0,1020,train
6,0,1021,train
6,0,1022,train
6,0,1023,train
6,0,1024,train
6,0,1025,train
6,0,1026,train
6,0,1027,train
6,0,1028,train
6,0,1029,train
6,0,1030,train
6,0,1031,train
6,0,1032,train
6,0,1034,train
6,0,1035,train
6,0,1036,train
6,0,1037,train
6,0,1038,train
6,0,1040,train
6,0,1041,train
6,0,1042,train
6,0,1043,train
6,0,1044,train
6,0,1045,train
6,0,1046,train
6,0,1048,train
6,0,1049,train
6,0,1050,train
6,0,1051,train
6,0,1052,train
6,0,1053,train
6,0,1054,train
6,0,1056,train
6,0,1059,train
6,0,1061,train
6,0,1062,train
6,0,1063,train
6,0,1064,train
6,0,1065,train
6,0,1066,train
6,0,1067,train
6,0,1068,train
6,0,1069,train
6,0,1070,train
6,0,1071,train
6,0,1072,train
6,0,1073,train
6,0,1074,train
6,0,1075,train
6,0,1076,train
6,0,1077,train
6,0,1078,train
6,0,1079,train
6,0,1080,train
6,0,1081,train
6,0,1082,train
6,0,1084,train
6,0,1085,train
6,0,1086,train
6,0,1087,train
6,0,1088,train
6,0,1089,train
6,0,1091,train
6,0,1092,train
6,0,1093,train
6,0,1094,train
6,0,1095,train
6,0,1096,train
6,0,1097,train
6,0,1098,train
6,0,6,valid
6,0,8,valid
6,0,13,valid
6,0,14,valid
6,0,23,valid
6,0,25,valid
6,0,26,valid
6,0,30,valid
6,0,31,valid
6,0,33,valid
6,0,35,valid
6,0,38,valid
6,0,41,valid
6,0,43,valid
6,0,44,valid
6,0,52,valid
6,0,53,valid
6,0,59,valid
6,0,60,valid
6,0,66,valid
6,0,80,valid
6,0,86,valid
6,0,88,valid
6,0,89,valid
6,0,94,valid
6,0,98,valid
6,0,100,valid
6,0,107,valid
6,0,108,valid
6,0,109,valid
6,0,110,valid
6,0,116,valid
6,0,123,valid
6,0,126,valid
6,0,128,valid
6,0,131,valid
6,0,132,valid
6,0,151,valid
6,0,153,valid
6,0,154,valid
6,0,156,valid
6,0,158,valid
6,0,160,valid
6,0,170,valid
6,0,184,valid
6,0,189,valid
6,0,198,valid
6,0,203,valid
6,0,205,valid
6,0,208,valid
6,0,210,valid
6,0,211,valid
6,0,212,valid
6,0,220,valid
6,0,240,valid
6,0,249,valid
6,0,257,valid
6,0,261,valid
6,0,267,valid
6,0,270,valid
6,0,272,valid
6,0,283,valid
6,0,284,valid
6,0,290,valid
6,0,293,valid
6,0,304,valid
6,0,306,valid
6,0,323,valid
6,0,334,valid
6,0,340,valid
6,0,348,valid
6,0,352,valid
6,0,368,valid
6,0,370,valid
6,0,384,valid
6,0,386,valid
6,0,388,valid
6,0,392,valid
6,0,396,valid
6,0,397,valid
6,0,399,valid
6,0,401,valid
6,0,406,valid
6,0,409,valid
6,0,412,valid
6,0,414,valid
6,0,419,valid
6,0,420,valid
6,0,423,valid
6,0,424,valid
6,0,429,valid
6,0,433,valid
6,0,443,valid
6,0,449,valid
6,0,452,valid
6,0,453,valid
6,0,458,valid
6,0,474,valid
6,0,483,valid
6,0,484,valid
6,0,487,valid
6,0,491,valid
6,0,496,valid
6,0,498,valid
6,0,499,valid
6,0,502,valid
6,0,503,valid
6,0,511,valid
6,0,513,valid
6,0,514,valid
6,0,515,valid
6,0,521,valid
6,0,533,valid
6,0,536,valid
6,0,539,valid
6,0,544,valid
6,0,546,valid
6,0,551,valid
6,0,553,valid
6,0,554,valid
6,0,558,valid
6,0,566,valid
6,0,568,valid
6,0,572,valid
6,0,574,valid
6,0,577,valid
6,0,594,valid
6,0,600,valid
6,0,604,valid
6,0,612,valid
6,0,615,valid
6,0,616,valid
6,0,618,valid
6,0,625,valid
6,0,627,valid
6,0,633,valid
6,0,638,valid
6,0,649,valid
6,0,662,valid
6,0,670,valid
6,0,673,valid
6,0,679,valid
6,0,690,valid
6,0,704,valid
6,0,711,valid
6,0,716,valid
6,0,717,valid
6,0,722,valid
6,0,724,valid
6,0,730,valid
6,0,734,valid
6,0,737,valid
6,0,738,valid
6,0,740,valid
6,0,744,valid
6,0,754,valid
6,0,760,valid
6,0,763,valid
6,0,776,valid
6,0,778,valid
6,0,779,valid
6,0,784,valid
6,0,796,valid
6,0,800,valid
6,0,803,valid
6,0,815,valid
6,0,818,valid
6,0,824,valid
6,0,826,valid
6,0,828,valid
6,0,829,valid
6,0,835,valid
6,0,841,valid
6,0,849,valid
6,0,863,valid
6,0,871,valid
6,0,872,valid
6,0,881,valid
6,0,883,valid
6,0,884,valid
6,0,888,valid
6,0,895,valid
6,0,899,valid
6,0,903,valid
6,0,906,valid
6,0,909,valid
6,0,913,valid
6,0,922,valid
6,0,931,valid
6,0,935,valid
6,0,938,valid
6,0,942,valid
6,0,945,valid
6,0,946,valid
6,0,951,valid
6,0,954,valid
6,0,959,valid
6,0,966,valid
6,0,967,valid
6,0,980,valid
6,0,991,valid
6,0,992,valid
6,0,997,valid
6,0,999,valid
6,0,1001,valid
6,0,1010,valid
6,0,1012,valid
6,0,1014,valid
6,0,1018,valid
6,0,1019,valid
6,0,1033,valid
6,0,1039,valid
6,0,1047,valid
6,0,1055,valid
6,0,1057,valid
6,0,1058,valid
6,0,1060,valid
6,0,1083,valid
6,0,1090,valid
6,0,1099,valid
6,1,0,train
6,1,1,train
6,1,3,train
6,1,4,train
6,1,5,train
6,1,6,train
6,1,8,train
6,1,10,train
6,1,12,train
6,1,13,train
6,1,14,train
6,1,15,train
6,1,16,train
6,1,17,train
6,1,18,train
6,1,19,train
6,1,21,train
6,1,23,train
6,1,24,train
6,1,25,train
6,1,26,train
6,1,27,train
6,1,28,train
6,1,29,train
6,1,30,train
6,1,31,train
6,1,32,train
6,1,33,train
6,1,34,train
6,1,35,train
6,1,36,train
6,1,37,train
6,1,38,train
6,1,39,train
6,1,40,train
6,1,41,train
6,1,43,train
6,1,44,train
6,1,45,train
6,1,49,train
6,1,50,train
6,1,51,train
6,1,52,train
6,1,53,train
6,1,55,train
6,1,57,train
6,1,59,train
6,1,60,train
6,1,61,train
6,1,63,train
6,1,64,train
6,1,65,train
6,1,66,train
6,1,68,train
6,1,69,train
6,1,70,train
6,1,71,train
6,1,72,train
6,1,73,train
6,1,76,train
6,1,78,train
6,1,79,train
6,1,80,train
6,1,81,train
6,1,83,train
6,1,84,train
6,1,85,train
6,1,86,train
6,1,87,train
6,1,88,train
6,1,89,train
6,1,90,train
6,1,91,train
6,1,92,train
6,1,93,train
6,1,94,train
6,1,96,train
6,1,97,train
6,1,98,train
6,1,99,train
6,1,100,train
6,1,103,train
6,1,104,train
6,1,105,train
6,1,106,train
6,1,107,train
6,1,108,train
6,1,109,train
6,1,110,train
6,1,111,train
6,1,112,train
6,1,113,train
6,1,114,train
6,1,116,train
6,1,117,train
6,1,120,train
6,1,121,train
6,1,123,train
6,1,124,train
6,1,125,train
6,1,126,train
6,1,127,train
6,1,128,train
6,1,129,train
6,1,130,train
6,1,131,train
6,1,132,train
6,1,133,train
6,1,134,train
6,1,135,train
6,1,137,train
6,1,138,train
6,1,139,train
6,1,140,train
6,1,142,train
6,1,143,train
6,1,144,train
6,1,145,train
6,1,146,train
6,1,147,train
6,1,148,train
6,1,149,train
6,1,150,train
6,1,151,train
6,1,152,train
6,1,153,train
6,1,154,train
6,1,155,train
6,1,156,train
6,1,158,train
6,1,159,train
6,1,160,train
6,1,162,train
6,1,163,train
6,1,164,train
6,1,167,train
6,1,168,train
6,1,169,train
6,1,170,train
6,1,172,train
6,1,173,train
6,1,174,train
6,1,175,train
6,1,177,train
6,1,178,train
6,1,180,train
6,1,183,train
6,1,184,train
6,1,185,train
6,1,186,train
6,1,188,train
6,1,189,train
6,1,191,train
6,1,192,train
6,1,193,train
6,1,197,train
6,1,198,train
6,1,199,train
6,1,200,train
6,1,201,train
6,1,202,train
6,1,203,train
6,1,205,train
6,1,207,train
6,1,208,train
6,1,209,train
6,1,210,train
6,1,211,train
6,1,212,train
6,1,214,train
6,1,216,train
6,1,217,train
6,1,218,train
6,1,219,train
6,1,220,train
6,1,221,train
6,1,222,train
6,1,223,train
6,1,224,train
6,1,225,train
6,1,226,train
6,1,227,train
6,1,229,train
6,1,230,train
6,1,232,train
6,1,233,train
6,1,234,train
6,1,237,train
6,1,238,train
6,1,239,train
6,1,240,train
6,1,241,train
6,1,242,train
6,1,243,train
6,1,244,train
6,1,245,train
6,1,246,train
6,1,247,train
6,1,249,train
6,1,251,train
6,1,252,train
6,1,253,train
6,1,254,train
6,1,255,train
6,1,256,train
6,1,257,train
6,1,258,train
6,1,260,train
6,1,261,train
6,1,262,train
6,1,265,train
6,1,266,train
6,1,267,train
6,1,268,train
6,1,269,train
6,1,270,train
6,1,271,train
6,1,272,train
6,1,273,train
6,1,274,train
6,1,277,train
6,1,280,train
6,1,281,train
6,1,283,train
6,1,284,train
6,1,285,train
6,1,286,train
6,1,287,train
6,1,288,train
6,1,289,train
6,1,290,train
6,1,291,train
6,1,292,train
6,1,293,train
6,1,295,train
6,1,297,train
6,1,298,train
6,1,299,train
6,1,300,train
6,1,301,train
6,1,302,train
6,1,303,train
6,1,304,train
6,1,305,train
6,1,306,train
6,1,307,train
6,1,308,train
6,1,309,train
6,1,311,train
6,1,313,train
6,1,314,train
6,1,315,train
6,1,316,train
6,1,317,train
6,1,319,train
6,1,320,train
6,1,321,train
6,1,322,train
6,1,323,train
6,1,325,train
6,1,328,train
6,1,329,train
6,1,330,train
6,1,332,train
6,1,333,train
6,1,334,train
6,1,335,train
6,1,337,train
6,1,338,train
6,1,339,train
6,1,340,train
6,1,341,train
6,1,343,train
6,1,344,train
6,1,346,train
6,1,347,train
6,1,348,train
6,1,350,train
6,1,351,train
6,1,352,train
6,1,353,train
6,1,355,train
6,1,357,train
6,1,358,train
6,1,359,train
6,1,360,train
6,1,367,train
6,1,368,train
6,1,370,train
6,1,371,train
6,1,373,train
6,1,374,train
6,1,375,train
6,1,377,train
6,1,378,train
6,1,379,train
6,1,380,train
6,1,382,train
6,1,383,train
6,1,384,train
6,1,385,train
6,1,386,train
6,1,388,train
6,1,389,train
6,1,390,train
6,1,391,train
6,1,392,train
6,1,393,train
6,1,394,train
6,1,395,train
6,1,396,train
6,1,397,train
6,1,399,train
6,1,400,train
6,1,401,train
6,1,402,train
6,1,404,train
6,1,405,train
6,1,406,train
6,1,407,train
6,1,408,train
6,1,409,train
6,1,410,train
6,1,411,train
6,1,412,train
6,1,413,train
6,1,414,train
6,1,415,train
6,1,416,train
6,1,417,train
6,1,419,train
6,1,420,train
6,1,421,train
6,1,422,train
6,1,423,train
6,1,424,train
6,1,425,train
6,1,427,train
6,1,428,train
6,1,429,train
6,1,431,train
6,1,432,train
6,1,433,train
6,1,434,train
6,1,437,train
6,1,438,train
6,1,439,train
6,1,441,train
6,1,443,train
6,1,444,train
6,1,445,train
6,1,446,train
6,1,447,train
6,1,449,train
6,1,450,train
6,1,451,train
6,1,452,train
6,1,453,train
6,1,454,train
6,1,456,train
6,1,457,train
6,1,458,train
6,1,459,train
6,1,460,train
6,1,461,train
6,1,463,train
6,1,466,train
6,1,467,train
6,1,468,train
6,1,469,train
6,1,470,train
6,1,471,train
6,1,472,train
6,1,473,train
6,1,474,train
6,1,476,train
6,1,477,train
6,1,479,train
6,1,481,train
6,1,482,train
6,1,483,train
6,1,484,train
6,1,485,train
6,1,486,train
6,1,487,train
6,1,488,train
6,1,489,train
6,1,491,train
6,1,492,train
6,1,493,train
6,1,494,train
6,1,496,train
6,1,497,train
6,1,498,train
6,1,499,train
6,1,502,train
6,1,503,train
6,1,504,train
6,1,505,train
6,1,506,train
6,1,507,train
6,1,509,train
6,1,510,train
6,1,511,train
6,1,512,train
6,1,513,train
6,1,514,train
6,1,515,train
6,1,516,train
6,1,517,train
6,1,518,train
6,1,519,train
6,1,520,train
6,1,521,train
6,1,522,train
6,1,523,train
6,1,524,train
6,1,525,train
6,1,526,train
6,1,528,train
6,1,530,train
6,1,532,train
6,1,533,train
6,1,534,train
6,1,535,train
6,1,536,train
6,1,537,train
6,1,539,train
6,1,540,train
6,1,542,train
6,1,543,train
6,1,544,train
6,1,545,train
6,1,546,train
6,1,547,train
6,1,549,train
6,1,550,train
6,1,551,train
6,1,552,train
6,1,553,train
6,1,554,train
6,1,555,train
6,1,556,train
6,1,557,train
6,1,558,train
6,1,561,train
6,1,562,train
6,1,564,train
6,1,566,train
6,1,567,train
6,1,568,train
6,1,569,train
6,1,570,train
6,1,572,train
6,1,573,train
6,1,574,train
6,1,575,train
6,1,576,train
6,1,577,train
6,1,578,train
6,1,579,train
6,1,580,train
6,1,582,train
6,1,583,train
6,1,585,train
6,1,586,train
6,1,587,train
6,1,588,train
6,1,591,train
6,1,593,train
6,1,594,train
6,1,595,train
6,1,596,train
6,1,598,train
6,1,599,train
6,1,600,train
6,1,601,train
6,1,602,train
6,1,603,train
6,1,604,train
6,1,605,train
6,1,607,train
6,1,608,train
6,1,609,train
6,1,610,train
6,1,611,train
6,1,612,train
6,1,613,train
6,1,614,train
6,1,615,train
6,1,616,train
6,1,617,train
6,1,618,train
6,1,619,train
6,1,620,train
6,1,621,train
6,1,623,train
6,1,624,train
6,1,625,train
6,1,626,train
6,1,627,train
6,1,629,train
6,1,633,train
6,1,634,train
6,1,636,train
6,1,638,train
6,1,639,train
6,1,640,train
6,1,641,train
6,1,643,train
6,1,644,train
6,1,645,train
6,1,647,train
6,1,648,train
6,1,649,train
6,1,650,train
6,1,651,train
6,1,653,train
6,1,654,train
6,1,657,train
6,1,658,train
6,1,659,train
6,1,660,train
6,1,662,train
6,1,663,train
6,1,664,train
6,1,665,train
6,1,666,train
6,1,667,train
6,1,668,train
6,1,669,train
6,1,670,train
6,1,671,train
6,1,673,train
6,1,674,train
6,1,675,train
6,1,676,train
6,1,677,train
6,1,678,train
6,1,679,train
6,1,681,train
6,1,685,train
6,1,686,train
6,1,687,train
6,1,688,train
6,1,689,train
6,1,690,train
6,1,691,train
6,1,692,train
6,1,693,train
6,1,694,train
6,1,695,train
6,1,696,train
6,1,698,train
6,1,700,train
6,1,702,train
6,1,704,train
6,1,705,train
6,1,706,train
6,1,707,train
6,1,708,train
6,1,709,train
6,1,710,train
6,1,711,train
6,1,712,train
6,1,713,train
6,1,714,train
6,1,716,train
6,1,717,train
6,1,719,train
6,1,721,train
6,1,722,train
6,1,723,train
6,1,724,train
6,1,726,train
6,1,727,train
6,1,728,train
6,1,730,train
6,1,731,train
6,1,732,train
6,1,733,train
6,1,734,train
6,1,735,train
6,1,736,train
6,1,737,train
6,1,738,train
6,1,740,train
6,1,741,train
6,1,742,train
6,1,743,train
6,1,744,train
6,1,746,train
6,1,747,train
6,1,748,train
6,1,749,train
6,1,750,train
6,1,754,train
6,1,755,train
6,1,757,train
6,1,758,train
6,1,760,train
6,1,761,train
6,1,762,train
6,1,763,train
6,1,764,train
6,1,765,train
6,1,767,train
6,1,768,train
6,1,770,train
6,1,771,train
6,1,773,train
6,1,774,train
6,1,775,train
6,1,776,train
6,1,778,train
6,1,779,train
6,1,780,train
6,1,781,train
6,1,782,train
6,1,783,train
6,1,784,train
6,1,785,train
6,1,786,train
6,1,787,train
6,1,788,train
6,1,789,train
6,1,790,train
6,1,791,train
6,1,792,train
6,1,793,train
6,1,796,train
6,1,797,train
6,1,798,train
6,1,799,train
6,1,800,train
6,1,801,train
6,1,802,train
6,1,803,train
6,1,804,train
6,1,806,train
6,1,808,train
6,1,809,train
6,1,810,train
6,1,811,train
6,1,812,train
6,1,814,train
6,1,815,train
6,1,816,train
6,1,817,train
6,1,818,train
6,1,821,train
6,1,822,train
6,1,823,train
6,1,824,train
6,1,825,train
6,1,826,train
6,1,827,train
6,1,828,train
6,1,829,train
6,1,830,train
6,1,831,train
6,1,833,train
6,1,834,train
6,1,835,train
6,1,836,train
6,1,838,train
6,1,840,train
6,1,841,train
6,1,843,train
6,1,845,train
6,1,846,train
6,1,847,train
6,1,848,train
6,1,849,train
6,1,850,train
6,1,851,train
6,1,852,train
6,1,853,train
6,1,854,train
6,1,857,train
6,1,858,train
6,1,859,train
6,1,860,train
6,1,861,train
6,1,862,train
6,1,863,train
6,1,864,train
6,1,865,train
6,1,866,train
6,1,868,train
6,1,869,train
6,1,870,train
6,1,871,train
6,1,872,train
6,1,873,train
6,1,874,train
6,1,877,train
6,1,879,train
6,1,880,train
6,1,881,train
6,1,882,train
6,1,883,train
6,1,884,train
6,1,887,train
6,1,888,train
6,1,890,train
6,1,891,train
6,1,892,train
6,1,893,train
6,1,895,train
6,1,897,train
6,1,898,train
6,1,899,train
6,1,902,train
6,1,903,train
6,1,904,train
6,1,905,train
6,1,906,train
6,1,907,train
6,1,908,train
6,1,909,train
6,1,910,train
6,1,911,train
6,1,912,train
6,1,913,train
6,1,915,train
6,1,917,train
6,1,918,train
6,1,919,train
6,1,921,train
6,1,922,train
6,1,923,train
6,1,924,train
6,1,925,train
6,1,927,train
6,1,928,train
6,1,929,train
6,1,930,train
6,1,931,train
6,1,932,train
6,1,934,train
6,1,935,train
6,1,936,train
6,1,937,train
6,1,938,train
6,1,939,train
6,1,940,train
6,1,942,train
6,1,944,train
6,1,945,train
6,1,946,train
6,1,947,train
6,1,948,train
6,1,949,train
6,1,950,train
6,1,951,train
6,1,952,train
6,1,953,train
6,1,954,train
6,1,955,train
6,1,956,train
6,1,959,train
6,1,960,train
6,1,961,train
6,1,962,train
6,1,963,train
6,1,966,train
6,1,967,train
6,1,969,train
6,1,970,train
6,1,972,train
6,1,973,train
6,1,974,train
6,1,975,train
6,1,976,train
6,1,978,train
6,1,979,train
6,1,980,train
6,1,981,train
6,1,982,train
6,1,984,train
6,1,986,train
6,1,987,train
6,1,988,train
6,1,989,train
6,1,990,train
6,1,991,train
6,1,992,train
6,1,993,train
6,1,994,train
6,1,995,train
6,1,996,train
6,1,997,train
6,1,999,train
6,1,1001,train
6,1,1002,train
6,1,1003,train
6,1,1004,train
6,1,1005,train
6,1,1006,train
6,1,1007,train
6,1,1008,train
6,1,1009,train
6,1,1010,train
6,1,1011,train
6,1,1012,train
6,1,1013,train
6,1,1014,train
6,1,1015,train
6,1,1016,train
6,1,1017,train
6,1,1018,train
6,1,1019,train
6,1,1020,train
6,1,1021,train
6,1,1024,train
6,1,1025,train
6,1,1026,train
6,1,1028,train
6,1,1029,train
6,1,1031,train
6,1,1032,train
6,1,1033,train
6,1,1034,train
6,1,1035,train
6,1,1039,train
6,1,1041,train
6,1,1042,train
6,1,1043,train
6,1,1044,train
6,1,1045,train
6,1,1046,train
6,1,1047,train
6,1,1048,train
6,1,1049,train
6,1,1051,train
6,1,1053,train
6,1,1054,train
6,1,1055,train
6,1,1057,train
6,1,1058,train
6,1,1059,train
6,1,1060,train
6,1,1061,train
6,1,1063,train
6,1,1064,train
6,1,1065,train
6,1,1066,train
6,1,1068,train
6,1,1069,train
6,1,1070,train
6,1,1071,train
6,1,1072,train
6,1,1073,train
6,1,1074,train
6,1,1075,train
6,1,1076,train
6,1,1077,train
6,1,1078,train
6,1,1080,train
6,1,1081,train
6,1,1082,train
6,1,1083,train
6,1,1084,train
6,1,1085,train
6,1,1086,train
6,1,1087,train
6,1,1088,train
6,1,1089,train
6,1,1090,train
6,1,1091,train
6,1,1092,train
6,1,1094,train
6,1,1095,train
6,1,1096,train
6,1,1097,train
6,1,1098,train
6,1,1099,train
6,1,2,valid
6,1,7,valid
6,1,9,valid
6,1,11,valid
6,1,20,valid
6,1,22,valid
6,1,42,valid
6,1,46,valid
6,1,47,valid
6,1,48,valid
6,1,54,valid
6,1,56,valid
6,1,58,valid
6,1,62,valid
6,1,67,valid
6,1,74,valid
6,1,75,valid
6,1,77,valid
6,1,82,valid
6,1,95,valid
6,1,101,valid
6,1,102,valid
6,1,115,valid
6,1,118,valid
6,1,119,valid
6,1,122,valid
6,1,136,valid
6,1,141,valid
6,1,157,valid
6,1,161,valid
6,1,165,valid
6,1,166,valid
6,1,171,valid
6,1,176,valid
6,1,179,valid
6,1,181,valid
6,1,182,valid
6,1,187,valid
6,1,190,valid
6,1,194,valid
6,1,195,valid
6,1,196,valid
6,1,204,valid
6,1,206,valid
6,1,213,valid
6,1,215,valid
6,1,228,valid
6,1,231,valid
6,1,235,valid
6,1,236,valid
6,1,248,valid
6,1,250,valid
6,1,259,valid
6,1,263,valid
6,1,264,valid
6,1,275,valid
6,1,276,valid
6,1,278,valid
6,1,279,valid
6,1,282,valid
6,1,294,valid
6,1,296,valid
6,1,310,valid
6,1,312,valid
6,1,318,valid
6,1,324,valid
6,1,326,valid
6,1,327,valid
6,1,331,valid
6,1,336,valid
6,1,342,valid
6,1,345,valid
6,1,349,valid
6,1,354,valid
6,1,356,valid
6,1,361,valid
6,1,362,valid
6,1,363,valid
6,1,364,valid
6,1,365,valid
6,1,366,valid
6,1,369,valid
6,1,372,valid
6,1,376,valid
6,1,381,valid
6,1,387,valid
6,1,398,valid
6,1,403,valid
6,1,418,valid
6,1,426,valid
6,1,430,valid
6,1,435,valid
6,1,436,valid
6,1,440,valid
6,1,442,valid
6,1,448,valid
6,1,455,valid
6,1,462,valid
6,1,464,valid
6,1,465,valid
6,1,475,valid
6,1,478,valid
6,1,480,valid
6,1,490,valid
6,1,495,valid
6,1,500,valid
6,1,501,valid
6,1,508,valid
6,1,527,valid
6,1,529,valid
6,1,531,valid
6,1,538,valid
6,1,541,valid
6,1,548,valid
6,1,559,valid
6,1,560,valid
6,1,563,valid
6,1,565,valid
6,1,571,valid
6,1,581,valid
6,1,584,valid
6,1,589,valid
6,1,590,valid
6,1,592,valid
6,1,597,valid
6,1,606,valid
6,1,622,valid
6,1,628,valid
6,1,630,valid
6,1,631,valid
6,1,632,valid
6,1,635,valid
6,1,637,valid
6,1,642,valid
6,1,646,valid
6,1,652,valid
6,1,655,valid
6,1,656,valid
6,1,661,valid
6,1,672,valid
6,1,680,valid
6,1,682,valid
6,1,683,valid
6,1,684,valid
6,1,697,valid
6,1,699,valid
6,1,701,valid
6,1,703,valid
6,1,715,valid
6,1,718,valid
6,1,720,valid
6,1,725,valid
6,1,729,valid
6,1,739,valid
6,1,745,valid
6,1,751,valid
6,1,752,valid
6,1,753,valid
6,1,756,valid
6,1,759,valid
6,1,766,valid
6,1,769,valid
6,1,772,valid
6,1,777,valid
6,1,794,valid
6,1,795,valid
6,1,807,valid
6,1,813,valid
6,1,819,valid
6,1,820,valid
6,1,832,valid
6,1,837,valid
6,1,839,valid
6,1,842,valid
6,1,844,valid
6,1,855,valid
6,1,856,valid
6,1,867,valid
6,1,875,valid
6,1,876,valid
6,1,878,valid
6,1,885,valid
6,1,886,valid
6,1,894,valid
6,1,896,valid
6,1,900,valid
6,1,901,valid
6,1,914,valid
6,1,916,valid
6,1,920,valid
6,1,926,valid
6,1,933,valid
6,1,941,valid
6,1,943,valid
6,1,957,valid
6,1,958,valid
6,1,964,valid
6,1,965,valid
6,1,968,valid
6,1,971,valid
6,1,977,valid
6,1,983,valid
6,1,985,valid
6,1,998,valid
6,1,1000,valid
6,1,1022,valid
6,1,1023,valid
6,1,1027,valid
6,1,1030,valid
6,1,1036,valid
6,1,1037,valid
6,1,1038,valid
6,1,1040,valid
6,1,1050,valid
6,1,1052,valid
6,1,1056,valid
6,1,1062,valid
6,1,1067,valid
6,1,1079,valid
6,1,1093,valid
6,2,1,train
6,2,2,train
6,2,3,train
6,2,4,train
6,2,5,train
6,2,6,train
6,2,7,train
6,2,8,train
6,2,9,train
6,2,10,train
6,2,11,train
6,2,12,train
6,2,13,train
6,2,14,train
6,2,16,train
6,2,17,train
6,2,18,train
6,2,19,train
6,2,20,train
6,2,21,train
6,2,22,train
6,2,23,train
6,2,24,train
6,2,25,train
6,2,26,train
6,2,27,train
6,2,28,train
6,2,29,train
6,2,30,train
6,2,31,train
6,2,32,train
6,2,33,train
6,2,35,train
6,2,36,train
6,2,37,train
6,2,38,train
6,2,39,train
6,2,40,train
6,2,41,train
6,2,42,train
6,2,43,train
6,2,44,train
6,2,45,train
6,2,46,train
6,2,47,train
6,2,48,train
6,2,51,train
6,2,52,train
6,2,53,train
6,2,54,train
6,2,56,train
6,2,58,train
6,2,59,train
6,2,60,train
6,2,62,train
6,2,65,train
6,2,66,train
6,2,67,train
6,2,68,train
6,2,69,train
6,2,71,train
6,2,73,train
6,2,74,train
6,2,75,train
6,2,77,train
6,2,80,train
6,2,81,train
6,2,82,train
6,2,86,train
6,2,87,train
6,2,88,train
6,2,89,train
6,2,90,train
6,2,94,train
6,2,95,train
6,2,96,train
6,2,97,train
6,2,98,train
6,2,100,train
6,2,101,train
6,2,102,train
6,2,104,train
6,2,105,train
6,2,107,train
6,2,108,train
6,2,109,train
6,2,110,train
6,2,111,train
6,2,114,train
6,2,115,train
6,2,116,train
6,2,118,train
6,2,119,train
6,2,120,train
6,2,121,train
6,2,122,train
6,2,123,train
6,2,124,train
6,2,125,train
6,2,126,train
6,2,128,train
6,2,129,train
6,2,130,train
6,2,131,train
6,2,132,train
6,2,133,train
6,2,134,train
6,2,135,train
6,2,136,train
6,2,137,train
6,2,138,train
6,2,139,train
6,2,140,train
6,2,141,train
6,2,143,train
6,2,144,train
6,2,145,train
6,2,146,train
6,2,147,train
6,2,149,train
6,2,150,train
6,2,151,train
6,2,152,train
6,2,153,train
6,2,154,train
6,2,155,train
6,2,156,train
6,2,157,train
6,2,158,train
6,2,160,train
6,2,161,train
6,2,162,train
6,2,163,train
6,2,164,train
6,2,165,train
6,2,166,train
6,2,168,train
6,2,170,train
6,2,171,train
6,2,172,train
6,2,174,train
6,2,175,train
6,2,176,train
6,2,179,train
6,2,180,train
6,2,181,train
6,2,182,train
6,2,183,train
6,2,184,train
6,2,185,train
6,2,187,train
6,2,189,train
6,2,190,train
6,2,192,train
6,2,193,train
6,2,194,train
6,2,195,train
6,2,196,train
6,2,197,train
6,2,198,train
6,2,199,train
6,2,200,train
6,2,201,train
6,2,203,train
6,2,204,train
6,2,205,train
6,2,206,train
6,2,207,train
6,2,208,train
6,2,209,train
6,2,210,train
6,2,211,train
6,2,212,train
6,2,213,train
6,2,214,train
6,2,215,train
6,2,216,train
6,2,217,train
6,2,220,train
6,2,222,train
6,2,224,train
6,2,225,train
6,2,227,train
6,2,228,train
6,2,229,train
6,2,231,train
6,2,232,train
6,2,233,train
6,2,234,train
6,2,235,train
6,2,236,train
6,2,238,train
6,2,239,train
6,2,240,train
6,2,244,train
6,2,245,train
6,2,247,train
6,2,248,train
6,2,249,train
6,2,250,train
6,2,251,train
6,2,252,train
6,2,253,train
6,2,254,train
6,2,256,train
6,2,257,train
6,2,258,train
6,2,259,train
6,2,260,train
6,2,261,train
6,2,262,train
6,2,263,train
6,2,264,train
6,2,267,train
6,2,269,train
6,2,270,train
6,2,272,train
6,2,274,train
6,2,275,train
6,2,276,train
6,2,277,train
6,2,278,train
6,2,279,train
6,2,280,train
6,2,281,train
6,2,282,train
6,2,283,train
6,2,284,train
6,2,285,train
6,2,286,train
6,2,287,train
6,2,288,train
6,2,289,train
6,2,290,train
6,2,292,train
6,2,293,train
6,2,294,train
6,2,295,train
6,2,296,train
6,2,297,train
6,2,298,train
6,2,299,train
6,2,300,train
6,2,301,train
6,2,303,train
6,2,304,train
6,2,305,train
6,2,306,train
6,2,308,train
6,2,310,train
6,2,311,train
6,2,312,train
6,2,313,train
6,2,314,train
6,2,315,train
6,2,316,train
6,2,318,train
6,2,321,train
6,2,323,train
6,2,324,train
6,2,326,train
6,2,327,train
6,2,329,train
6,2,330,train
6,2,331,train
6,2,332,train
6,2,333,train
6,2,334,train
6,2,335,train
6,2,336,train
6,2,337,train
6,2,338,train
6,2,340,train
6,2,341,train
6,2,342,train
6,2,344,train
6,2,345,train
6,2,347,train
6,2,348,train
6,2,349,train
6,2,350,train
6,2,351,train
6,2,352,train
6,2,353,train
6,2,354,train
6,2,356,train
6,2,357,train
6,2,359,train
6,2,360,train
6,2,361,train
6,2,362,train
6,2,363,train
6,2,364,train
6,2,365,train
6,2,366,train
6,2,367,train
6,2,368,train
6,2,369,train
6,2,370,train
6,2,371,train
6,2,372,train
6,2,373,train
6,2,376,train
6,2,377,train
6,2,378,train
6,2,381,train
6,2,383,train
6,2,384,train
6,2,386,train
6,2,387,train
6,2,388,train
6,2,389,train
6,2,390,train
6,2,391,train
6,2,392,train
6,2,393,train
6,2,394,train
6,2,395,train
6,2,396,train
6,2,397,train
6,2,398,train
6,2,399,train
6,2,400,train
6,2,401,train
6,2,402,train
6,2,403,train
6,2,404,train
6,2,406,train
6,2,408,train
6,2,409,train
6,2,410,train
6,2,411,train
6,2,412,train
6,2,413,train
6,2,414,train
6,2,415,train
6,2,416,train
6,2,417,train
6,2,418,train
6,2,419,train
6,2,420,train
6,2,423,train
6,2,424,train
6,2,426,train
6,2,427,train
6,2,429,train
6,2,430,train
6,2,432,train
6,2,433,train
6,2,434,train
6,2,435,train
6,2,436,train
6,2,437,train
6,2,438,train
6,2,440,train
6,2,441,train
6,2,442,train
6,2,443,train
6,2,445,train
6,2,447,train
6,2,448,train
6,2,449,train
6,2,450,train
6,2,452,train
6,2,453,train
6,2,454,train
6,2,455,train
6,2,457,train
6,2,458,train
6,2,460,train
6,2,461,train
6,2,462,train
6,2,463,train
6,2,464,train
6,2,465,train
6,2,467,train
6,2,468,train
6,2,474,train
6,2,475,train
6,2,476,train
6,2,477,train
6,2,478,train
6,2,479,train
6,2,480,train
6,2,481,train
6,2,482,train
6,2,483,train
6,2,484,train
6,2,485,train
6,2,487,train
6,2,488,train
6,2,489,train
6,2,490,train
6,2,491,train
6,2,492,train
6,2,493,train
6,2,494,train
6,2,495,train
6,2,496,train
6,2,497,train
6,2,498,train
6,2,499,train
6,2,500,train
6,2,501,train
6,2,502,train
6,2,503,train
6,2,504,train
6,2,506,train
6,2,507,train
6,2,508,train
6,2,510,train
6,2,511,train
6,2,512,train
6,2,513,train
6,2,514,train
6,2,515,train
6,2,516,train
6,2,517,train
6,2,518,train
6,2,520,train
6,2,521,train
6,2,523,train
6,2,524,train
6,2,527,train
6,2,528,train
6,2,529,train
6,2,530,train
6,2,531,train
6,2,532,train
6,2,533,train
6,2,534,train
6,2,536,train
6,2,538,train
6,2,539,train
6,2,540,train
6,2,541,train
6,2,542,train
6,2,543,train
6,2,544,train
6,2,546,train
6,2,547,train
6,2,548,train
6,2,550,train
6,2,551,train
6,2,553,train
6,2,554,train
6,2,555,train
6,2,557,train
6,2,558,train
6,2,559,train
6,2,560,train
6,2,561,train
6,2,562,train
6,2,563,train
6,2,564,train
6,2,565,train
6,2,566,train
6,2,567,train
6,2,568,train
6,2,569,train
6,2,571,train
6,2,572,train
6,2,573,train
6,2,574,train
6,2,576,train
6,2,577,train
6,2,578,train
6,2,580,train
6,2,581,train
6,2,582,train
6,2,583,train
6,2,584,train
6,2,585,train
6,2,586,train
6,2,587,train
6,2,588,train
6,2,589,train
6,2,590,train
6,2,591,train
6,2,592,train
6,2,593,train
6,2,594,train
6,2,595,train
6,2,596,train
6,2,597,train
6,2,600,train
6,2,601,train
6,2,602,train
6,2,603,train
6,2,604,train
6,2,606,train
6,2,608,train
6,2,609,train
6,2,610,train
6,2,611,train
6,2,612,train
6,2,613,train
6,2,615,train
6,2,616,train
6,2,617,train
6,2,618,train
6,2,619,train
6,2,621,train
6,2,622,train
6,2,625,train
6,2,626,train
6,2,627,train
6,2,628,train
6,2,629,train
6,2,630,train
6,2,631,train
6,2,632,train
6,2,633,train
6,2,634,train
6,2,635,train
6,2,636,train
6,2,637,train
6,2,638,train
6,2,641,train
6,2,642,train
6,2,645,train
6,2,646,train
6,2,647,train
6,2,649,train
6,2,650,train
6,2,651,train
6,2,652,train
6,2,653,train
6,2,654,train
6,2,655,train
6,2,656,train
6,2,657,train
6,2,658,train
6,2,659,train
6,2,660,train
6,2,661,train
6,2,662,train
6,2,665,train
6,2,666,train
6,2,668,train
6,2,670,train
6,2,671,train
6,2,672,train
6,2,673,train
6,2,674,train
6,2,675,train
6,2,676,train
6,2,679,train
6,2,680,train
6,2,681,train
6,2,682,train
6,2,683,train
6,2,684,train
6,2,686,train
6,2,689,train
6,2,690,train
6,2,691,train
6,2,693,train
6,2,694,train
6,2,695,train
6,2,696,train
6,2,697,train
6,2,698,train
6,2,699,train
6,2,700,train
6,2,701,train
6,2,702,train
6,2,703,train
6,2,704,train
6,2,705,train
6,2,706,train
6,2,708,train
6,2,711,train
6,2,713,train
6,2,714,train
6,2,715,train
6,2,716,train
6,2,717,train
6,2,718,train
6,2,719,train
6,2,720,train
6,2,721,train
6,2,722,train
6,2,723,train
6,2,724,train
6,2,725,train
6,2,726,train
6,2,727,train
6,2,729,train
6,2,730,train
6,2,731,train
6,2,733,train
6,2,734,train
6,2,735,train
6,2,736,train
6,2,737,train
6,2,738,train
6,2,739,train
6,2,740,train
6,2,741,train
6,2,742,train
6,2,744,train
6,2,745,train
6,2,747,train
6,2,748,train
6,2,749,train
6,2,750,train
6,2,751,train
6,2,752,train
6,2,753,train
6,2,754,train
6,2,755,train
6,2,756,train
6,2,757,train
6,2,758,train
6,2,759,train
6,2,760,train
6,2,761,train
6,2,763,train
6,2,765,train
6,2,766,train
6,2,767,train
6,2,769,train
6,2,770,train
6,2,772,train
6,2,773,train
6,2,774,train
6,2,775,train
6,2,776,train
6,2,777,train
6,2,778,train
6,2,779,train
6,2,780,train
6,2,781,train
6,2,782,train
6,2,783,train
6,2,784,train
6,2,785,train
6,2,786,train
6,2,788,train
6,2,793,train
6,2,794,train
6,2,795,train
6,2,796,train
6,2,797,train
6,2,798,train
6,2,800,train
6,2,801,train
6,2,802,train
6,2,803,train
6,2,807,train
6,2,809,train
6,2,811,train
6,2,812,train
6,2,813,train
6,2,815,train
6,2,816,train
6,2,818,train
6,2,819,train
6,2,820,train
6,2,821,train
6,2,822,train
6,2,823,train
6,2,824,train
6,2,825,train
6,2,826,train
6,2,827,train
6,2,828,train
6,2,829,train
6,2,830,train
6,2,831,train
6,2,832,train
6,2,833,train
6,2,835,train
6,2,837,train
6,2,838,train
6,2,839,train
6,2,840,train
6,2,841,train
6,2,842,train
6,2,843,train
6,2,844,train
6,2,845,train
6,2,846,train
6,2,847,train
6,2,849,train
6,2,851,train
6,2,852,train
6,2,853,train
6,2,854,train
6,2,855,train
6,2,856,train
6,2,857,train
6,2,858,train
6,2,862,train
6,2,863,train
6,2,865,train
6,2,866,train
6,2,867,train
6,2,870,train
6,2,871,train
6,2,872,train
6,2,874,train
6,2,875,train
6,2,876,train
6,2,878,train
6,2,879,train
6,2,880,train
6,2,881,train
6,2,882,train
6,2,883,train
6,2,884,train
6,2,885,train
6,2,886,train
6,2,888,train
6,2,890,train
6,2,891,train
6,2,892,train
6,2,893,train
6,2,894,train
6,2,895,train
6,2,896,train
6,2,899,train
6,2,900,train
6,2,901,train
6,2,902,train
6,2,903,train
6,2,906,train
6,2,907,train
6,2,909,train
6,2,910,train
6,2,911,train
6,2,913,train
6,2,914,train
6,2,916,train
6,2,918,train
6,2,919,train
6,2,920,train
6,2,921,train
6,2,922,train
6,2,923,train
6,2,924,train
6,2,926,train
6,2,928,train
6,2,929,train
6,2,930,train
6,2,931,train
6,2,932,train
6,2,933,train
6,2,934,train
6,2,935,train
6,2,936,train
6,2,937,train
6,2,938,train
6,2,939,train
6,2,941,train
6,2,942,train
6,2,943,train
6,2,944,train
6,2,945,train
6,2,946,train
6,2,950,train
6,2,951,train
6,2,953,train
6,2,954,train
6,2,955,train
6,2,956,train
6,2,957,train
6,2,958,train
6,2,959,train
6,2,960,train
6,2,961,train
6,2,964,train
6,2,965,train
6,2,966,train
6,2,967,train
6,2,968,train
6,2,971,train
6,2,974,train
6,2,975,train
6,2,976,train
6,2,977,train
6,2,979,train
6,2,980,train
6,2,982,train
6,2,983,train
6,2,984,train
6,2,985,train
6,2,986,train
6,2,988,train
6,2,990,train
6,2,991,train
6,2,992,train
6,2,994,train
6,2,996,train
6,2,997,train
6,2,998,train
6,2,999,train
6,2,1000,train
6,2,1001,train
6,2,1002,train
6,2,1003,train
6,2,1004,train
6,2,1006,train
6,2,1007,train
6,2,1008,train
6,2,1009,train
6,2,1010,train
6,2,1011,train
6,2,1012,train
6,2,1013,train
6,2,1014,train
6,2,1015,train
6,2,1016,train
6,2,1018,train
6,2,1019,train
6,2,1020,train
6,2,1021,train
6,2,1022,train
6,2,1023,train
6,2,1024,train
6,2,1025,train
6,2,1026,train
6,2,1027,train
6,2,1029,train
6,2,1030,train
6,2,1031,train
6,2,1033,train
6,2,1034,train
6,2,1035,train
6,2,1036,train
6,2,1037,train
6,2,1038,train
6,2,1039,train
6,2,1040,train
6,2,1044,train
6,2,1045,train
6,2,1046,train
6,2,1047,train
6,2,1050,train
6,2,1051,train
6,2,1052,train
6,2,1053,train
6,2,1054,train
6,2,1055,train
6,2,1056,train
6,2,1057,train
6,2,1058,train
6,2,1059,train
6,2,1060,train
6,2,1062,train
6,2,1063,train
6,2,1064,train
6,2,1066,train
6,2,1067,train
6,2,1068,train
6,2,1069,train
6,2,1070,train
6,2,1072,train
6,2,1073,train
6,2,1077,train
6,2,1078,train
6,2,1079,train
6,2,1081,train
6,2,1083,train
6,2,1084,train
6,2,1086,train
6,2,1087,train
6,2,1088,train
6,2,1089,train
6,2,1090,train
6,2,1092,train
6,2,1093,train
6,2,1094,train
6,2,1095,train
6,2,1097,train
6,2,1098,train
6,2,1099,train
6,2,0,valid
6,2,15,valid
6,2,34,valid
6,2,49,valid
6,2,50,valid
6,2,55,valid
6,2,57,valid
6,2,61,valid
6,2,63,valid
6,2,64,valid
6,2,70,valid
6,2,72,valid
6,2,76,valid
6,2,78,valid
6,2,79,valid
6,2,83,valid
6,2,84,valid
6,2,85,valid
6,2,91,valid
6,2,92,valid
6,2,93,valid
6,2,99,valid
6,2,103,valid
6,2,106,valid
6,2,112,valid
6,2,113,valid
6,2,117,valid
6,2,127,valid
6,2,142,valid
6,2,148,valid
6,2,159,valid
6,2,167,valid
6,2,169,valid
6,2,173,valid
6,2,177,valid
6,2,178,valid
6,2,186,valid
6,2,188,valid
6,2,191,valid
6,2,202,valid
6,2,218,valid
6,2,219,valid
6,2,221,valid
6,2,223,valid
6,2,226,valid
6,2,230,valid
6,2,237,valid
6,2,241,valid
6,2,242,valid
6,2,243,valid
6,2,246,valid
6,2,255,valid
6,2,265,valid
6,2,266,valid
6,2,268,valid
6,2,271,valid
6,2,273,valid
6,2,291,valid
6,2,302,valid
6,2,307,valid
6,2,309,valid
6,2,317,valid
6,2,319,valid
6,2,320,valid
6,2,322,valid
6,2,325,valid
6,2,328,valid
6,2,339,valid
6,2,343,valid
6,2,346,valid
6,2,355,valid
6,2,358,valid
6,2,374,valid
6,2,375,valid
6,2,379,valid
6,2,380,valid
6,2,382,valid
6,2,385,valid
6,2,405,valid
6,2,407,valid
6,2,421,valid
6,2,422,valid
6,2,425,valid
6,2,428,valid
6,2,431,valid
6,2,439,valid
6,2,444,valid
6,2,446,valid
6,2,451,valid
6,2,456,valid
6,2,459,valid
6,2,466,valid
6,2,469,valid
6,2,470,valid
6,2,471,valid
6,2,472,valid
6,2,473,valid
6,2,486,valid
6,2,505,valid
6,2,509,valid
6,2,519,valid
6,2,522,valid
6,2,525,valid
6,2,526,valid
6,2,535,valid
6,2,537,valid
6,2,545,valid
6,2,549,valid
6,2,552,valid
6,2,556,valid
6,2,570,valid
6,2,575,valid
6,2,579,valid
6,2,598,valid
6,2,599,valid
6,2,605,valid
6,2,607,valid
6,2,614,valid
6,2,620,valid
6,2,623,valid
6,2,624,valid
6,2,639,valid
6,2,640,valid
6,2,643,valid
6,2,644,valid
6,2,648,valid
6,2,663,valid
6,2,664,valid
6,2,667,valid
6,2,669,valid
6,2,677,valid
6,2,678,valid
6,2,685,valid
6,2,687,valid
6,2,688,valid
6,2,692,valid
6,2,707,valid
6,2,709,valid
6,2,710,valid
6,2,712,valid
6,2,728,valid
6,2,732,valid
6,2,743,valid
6,2,746,valid
6,2,762,valid
6,2,764,valid
6,2,768,valid
6,2,771,valid
6,2,787,valid
6,2,789,valid
6,2,790,valid
6,2,791,valid
6,2,792,valid
6,2,799,valid
6,2,804,valid
6,2,806,valid
6,2,808,valid
6,2,810,valid
6,2,814,valid
6,2,817,valid
6,2,834,valid
6,2,836,valid
6,2,848,valid
6,2,850,valid
6,2,859,valid
6,2,860,valid
6,2,861,valid
6,2,864,valid
6,2,868,valid
6,2,869,valid
6,2,873,valid
6,2,877,valid
6,2,887,valid
6,2,897,valid
6,2,898,valid
6,2,904,valid
6,2,905,valid
6,2,908,valid
6,2,912,valid
6,2,915,valid
6,2,917,valid
6,2,925,valid
6,2,927,valid
6,2,940,valid
6,2,947,valid
6,2,948,valid
6,2,949,valid
6,2,952,valid
6,2,962,valid
6,2,963,valid
6,2,969,valid
6,2,970,valid
6,2,972,valid
6,2,973,valid
6,2,978,valid
6,2,981,valid
6,2,987,valid
6,2,989,valid
6,2,993,valid
6,2,995,valid
6,2,1005,valid
6,2,1017,valid
6,2,1028,valid
6,2,1032,valid
6,2,1041,valid
6,2,1042,valid
6,2,1043,valid
6,2,1048,valid
6,2,1049,valid
6,2,1061,valid
6,2,1065,valid
6,2,1071,valid
6,2,1074,valid
6,2,1075,valid
6,2,1076,valid
6,2,1080,valid
6,2,1082,valid
6,2,1085,valid
6,2,1091,valid
6,2,1096,valid
6,3,0,train
6,3,2,train
6,3,3,train
6,3,4,train
6,3,5,train
6,3,6,train
6,3,7,train
6,3,8,train
6,3,9,train
6,3,10,train
6,3,11,train
6,3,13,train
6,3,14,train
6,3,15,train
6,3,16,train
6,3,17,train
6,3,18,train
6,3,20,train
6,3,21,train
6,3,22,train
6,3,23,train
6,3,25,train
6,3,26,train
6,3,27,train
6,3,28,train
6,3,30,train
6,3,31,train
6,3,33,train
6,3,34,train
6,3,35,train
6,3,37,train
6,3,38,train
6,3,40,train
6,3,41,train
6,3,42,train
6,3,43,train
6,3,44,train
6,3,46,train
6,3,47,train
6,3,48,train
6,3,49,train
6,3,50,train
6,3,52,train
6,3,53,train
6,3,54,train
6,3,55,train
6,3,56,train
6,3,57,train
6,3,58,train
6,3,59,train
6,3,60,train
6,3,61,train
6,3,62,train
6,3,63,train
6,3,64,train
6,3,66,train
6,3,67,train
6,3,68,train
6,3,69,train
6,3,70,train
6,3,71,train
6,3,72,train
6,3,73,train
6,3,74,train
6,3,75,train
6,3,76,train
6,3,77,train
6,3,78,train
6,3,79,train
6,3,80,train
6,3,82,train
6,3,83,train
6,3,84,train
6,3,85,train
6,3,86,train
6,3,88,train
6,3,89,train
6,3,90,train
6,3,91,train
6,3,92,train
6,3,93,train
6,3,94,train
6,3,95,train
6,3,98,train
6,3,99,train
6,3,100,train
6,3,101,train
6,3,102,train
6,3,103,train
6,3,104,train
6,3,105,train
6,3,106,train
6,3,107,train
6,3,108,train
6,3,109,train
6,3,110,train
6,3,111,train
6,3,112,train
6,3,113,train
6,3,115,train
6,3,116,train
6,3,117,train
6,3,118,train
6,3,119,train
6,3,121,train
6,3,122,train
6,3,123,train
6,3,125,train
6,3,126,train
6,3,127,train
6,3,128,train
6,3,129,train
6,3,131,train
6,3,132,train
6,3,133,train
6,3,136,train
6,3,137,train
6,3,138,train
6,3,139,train
6,3,141,train
6,3,142,train
6,3,143,train
6,3,144,train
6,3,146,train
6,3,148,train
6,3,149,train
6,3,151,train
6,3,152,train
6,3,153,train
6,3,154,train
6,3,155,train
6,3,156,train
6,3,157,train
6,3,158,train
6,3,159,train
6,3,160,train
6,3,161,train
6,3,164,train
6,3,165,train
6,3,166,train
6,3,167,train
6,3,169,train
6,3,170,train
6,3,171,train
6,3,172,train
6,3,173,train
6,3,176,train
6,3,177,train
6,3,178,train
6,3,179,train
6,3,180,train
6,3,181,train
6,3,182,train
6,3,183,train
6,3,184,train
6,3,186,train
6,3,187,train
6,3,188,train
6,3,189,train
6,3,190,train
6,3,191,train
6,3,192,train
6,3,193,train
6,3,194,train
6,3,195,train
6,3,196,train
6,3,197,train
6,3,198,train
6,3,202,train
6,3,203,train
6,3,204,train
6,3,205,train
6,3,206,train
6,3,207,train
6,3,208,train
6,3,210,train
6,3,211,train
6,3,212,train
6,3,213,train
6,3,214,train
6,3,215,train
6,3,217,train
6,3,218,train
6,3,219,train
6,3,220,train
6,3,221,train
6,3,222,train
6,3,223,train
6,3,225,train
6,3,226,train
6,3,228,train
6,3,230,train
6,3,231,train
6,3,232,train
6,3,233,train
6,3,234,train
6,3,235,train
6,3,236,train
6,3,237,train
6,3,239,train
6,3,240,train
6,3,241,train
6,3,242,train
6,3,243,train
6,3,246,train
6,3,247,train
6,3,248,train
6,3,249,train
6,3,250,train
6,3,253,train
6,3,254,train
6,3,255,train
6,3,256,train
6,3,257,train
6,3,259,train
6,3,261,train
6,3,262,train
6,3,263,train
6,3,264,train
6,3,265,train
6,3,266,train
6,3,267,train
6,3,268,train
6,3,270,train
6,3,271,train
6,3,272,train
6,3,273,train
6,3,275,train
6,3,276,train
6,3,277,train
6,3,278,train
6,3,279,train
6,3,281,train
6,3,282,train
6,3,283,train
6,3,284,train
6,3,285,train
6,3,287,train
6,3,289,train
6,3,290,train
6,3,291,train
6,3,293,train
6,3,294,train
6,3,296,train
6,3,297,train
6,3,299,train
6,3,302,train
6,3,303,train
6,3,304,train
6,3,306,train
6,3,307,train
6,3,308,train
6,3,309,train
6,3,310,train
6,3,312,train
6,3,314,train
6,3,317,train
6,3,318,train
6,3,319,train
6,3,320,train
6,3,322,train
6,3,323,train
6,3,324,train
6,3,325,train
6,3,326,train
6,3,327,train
6,3,328,train
6,3,330,train
6,3,331,train
6,3,333,train
6,3,334,train
6,3,336,train
6,3,337,train
6,3,339,train
6,3,340,train
6,3,342,train
6,3,343,train
6,3,345,train
6,3,346,train
6,3,348,train
6,3,349,train
6,3,351,train
6,3,352,train
6,3,353,train
6,3,354,train
6,3,355,train
6,3,356,train
6,3,357,train
6,3,358,train
6,3,359,train
6,3,361,train
6,3,362,train
6,3,363,train
6,3,364,train
6,3,365,train
6,3,366,train
6,3,367,train
6,3,368,train
6,3,369,train
6,3,370,train
6,3,372,train
6,3,374,train
6,3,375,train
6,3,376,train
6,3,379,train
6,3,380,train
6,3,381,train
6,3,382,train
6,3,383,train
6,3,384,train
6,3,385,train
6,3,386,train
6,3,387,train
6,3,388,train
6,3,392,train
6,3,396,train
6,3,397,train
6,3,398,train
6,3,399,train
6,3,400,train
6,3,401,train
6,3,402,train
6,3,403,train
6,3,404,train
6,3,405,train
6,3,406,train
6,3,407,train
6,3,409,train
6,3,410,train
6,3,411,train
6,3,412,train
6,3,414,train
6,3,416,train
6,3,417,train
6,3,418,train
6,3,419,train
6,3,420,train
6,3,421,train
6,3,422,train
6,3,423,train
6,3,424,train
6,3,425,train
6,3,426,train
6,3,427,train
6,3,428,train
6,3,429,train
6,3,430,train
6,3,431,train
6,3,433,train
6,3,434,train
6,3,435,train
6,3,436,train
6,3,439,train
6,3,440,train
6,3,442,train
6,3,443,train
6,3,444,train
6,3,446,train
6,3,447,train
6,3,448,train
6,3,449,train
6,3,450,train
6,3,451,train
6,3,452,train
6,3,453,train
6,3,455,train
6,3,456,train
6,3,457,train
6,3,458,train
6,3,459,train
6,3,462,train
6,3,464,train
6,3,465,train
6,3,466,train
6,3,467,train
6,3,469,train
6,3,470,train
6,3,471,train
6,3,472,train
6,3,473,train
6,3,474,train
6,3,475,train
6,3,476,train
6,3,477,train
6,3,478,train
6,3,480,train
6,3,481,train
6,3,482,train
6,3,483,train
6,3,484,train
6,3,486,train
6,3,487,train
6,3,488,train
6,3,490,train
6,3,491,train
6,3,492,train
6,3,494,train
6,3,495,train
6,3,496,train
6,3,498,train
6,3,499,train
6,3,500,train
6,3,501,train
6,3,502,train
6,3,503,train
6,3,504,train
6,3,505,train
6,3,508,train
6,3,509,train
6,3,511,train
6,3,513,train
6,3,514,train
6,3,515,train
6,3,516,train
6,3,517,train
6,3,518,train
6,3,519,train
6,3,521,train
6,3,522,train
6,3,525,train
6,3,526,train
6,3,527,train
6,3,528,train
6,3,529,train
6,3,531,train
6,3,532,train
6,3,533,train
6,3,534,train
6,3,535,train
6,3,536,train
6,3,537,train
6,3,538,train
6,3,539,train
6,3,541,train
6,3,542,train
6,3,543,train
6,3,544,train
6,3,545,train
6,3,546,train
6,3,548,train
6,3,549,train
6,3,551,train
6,3,552,train
6,3,553,train
6,3,554,train
6,3,555,train
6,3,556,train
6,3,557,train
6,3,558,train
6,3,559,train
6,3,560,train
6,3,561,train
6,3,562,train
6,3,563,train
6,3,565,train
6,3,566,train
6,3,567,train
6,3,568,train
6,3,569,train
6,3,570,train
6,3,571,train
6,3,572,train
6,3,573,train
6,3,574,train
6,3,575,train
6,3,577,train
6,3,578,train
6,3,579,train
6,3,581,train
6,3,582,train
6,3,583,train
6,3,584,train
6,3,586,train
6,3,588,train
6,3,589,train
6,3,590,train
6,3,592,train
6,3,593,train
6,3,594,train
6,3,597,train
6,3,598,train
6,3,599,train
6,3,600,train
6,3,601,train
6,3,603,train
6,3,604,train
6,3,605,train
6,3,606,train
6,3,607,train
6,3,608,train
6,3,609,train
6,3,611,train
6,3,612,train
6,3,614,train
6,3,615,train
6,3,616,train
6,3,617,train
6,3,618,train
6,3,619,train
6,3,620,train
6,3,621,train
6,3,622,train
6,3,623,train
6,3,624,train
6,3,625,train
6,3,627,train
6,3,628,train
6,3,629,train
6,3,630,train
6,3,631,train
6,3,632,train
6,3,633,train
6,3,635,train
6,3,637,train
6,3,638,train
6,3,639,train
6,3,640,train
6,3,641,train
6,3,642,train
6,3,643,train
6,3,644,train
6,3,645,train
6,3,646,train
6,3,647,train
6,3,648,train
6,3,649,train
6,3,650,train
6,3,652,train
6,3,655,train
6,3,656,train
6,3,661,train
6,3,662,train
6,3,663,train
6,3,664,train
6,3,665,train
6,3,666,train
6,3,667,train
6,3,668,train
6,3,669,train
6,3,670,train
6,3,672,train
6,3,673,train
6,3,676,train
6,3,677,train
6,3,678,train
6,3,679,train
6,3,680,train
6,3,682,train
6,3,683,train
6,3,684,train
6,3,685,train
6,3,686,train
6,3,687,train
6,3,688,train
6,3,689,train
6,3,690,train
6,3,692,train
6,3,693,train
6,3,696,train
6,3,697,train
6,3,698,train
6,3,699,train
6,3,700,train
6,3,701,train
6,3,703,train
6,3,704,train
6,3,706,train
6,3,707,train
6,3,709,train
6,3,710,train
6,3,711,train
6,3,712,train
6,3,714,train
6,3,715,train
6,3,716,train
6,3,717,train
6,3,718,train
6,3,719,train
6,3,720,train
6,3,722,train
6,3,723,train
6,3,724,train
6,3,725,train
6,3,726,train
6,3,728,train
6,3,729,train
6,3,730,train
6,3,732,train
6,3,734,train
6,3,736,train
6,3,737,train
6,3,738,train
6,3,739,train
6,3,740,train
6,3,743,train
6,3,744,train
6,3,745,train
6,3,746,train
6,3,747,train
6,3,749,train
6,3,750,train
6,3,751,train
6,3,752,train
6,3,753,train
6,3,754,train
6,3,756,train
6,3,757,train
6,3,758,train
6,3,759,train
6,3,760,train
6,3,762,train
6,3,763,train
6,3,764,train
6,3,766,train
6,3,767,train
6,3,768,train
6,3,769,train
6,3,771,train
6,3,772,train
6,3,773,train
6,3,776,train
6,3,777,train
6,3,778,train
6,3,779,train
6,3,780,train
6,3,781,train
6,3,783,train
6,3,784,train
6,3,785,train
6,3,786,train
6,3,787,train
6,3,789,train
6,3,790,train
6,3,791,train
6,3,792,train
6,3,794,train
6,3,795,train
6,3,796,train
6,3,797,train
6,3,798,train
6,3,799,train
6,3,800,train
6,3,801,train
6,3,802,train
6,3,803,train
6,3,804,train
6,3,806,train
6,3,807,train
6,3,808,train
6,3,810,train
6,3,811,train
6,3,813,train
6,3,814,train
6,3,815,train
6,3,817,train
6,3,818,train
6,3,819,train
6,3,820,train
6,3,823,train
6,3,824,train
6,3,825,train
6,3,826,train
6,3,828,train
6,3,829,train
6,3,831,train
6,3,832,train
6,3,833,train
6,3,834,train
6,3,835,train
6,3,836,train
6,3,837,train
6,3,838,train
6,3,839,train
6,3,841,train
6,3,842,train
6,3,843,train
6,3,844,train
6,3,845,train
6,3,847,train
6,3,848,train
6,3,849,train
6,3,850,train
6,3,851,train
6,3,852,train
6,3,853,train
6,3,854,train
6,3,855,train
6,3,856,train
6,3,859,train
6,3,860,train
6,3,861,train
6,3,863,train
6,3,864,train
6,3,865,train
6,3,867,train
6,3,868,train
6,3,869,train
6,3,871,train
6,3,872,train
6,3,873,train
6,3,875,train
6,3,876,train
6,3,877,train
6,3,878,train
6,3,881,train
6,3,882,train
6,3,883,train
6,3,884,train
6,3,885,train
6,3,886,train
6,3,887,train
6,3,888,train
6,3,891,train
6,3,893,train
6,3,894,train
6,3,895,train
6,3,896,train
6,3,897,train
6,3,898,train
6,3,899,train
6,3,900,train
6,3,901,train
6,3,902,train
6,3,903,train
6,3,904,train
6,3,905,train
6,3,906,train
6,3,908,train
6,3,909,train
6,3,911,train
6,3,912,train
6,3,913,train
6,3,914,train
6,3,915,train
6,3,916,train
6,3,917,train
6,3,918,train
6,3,919,train
6,3,920,train
6,3,921,train
6,3,922,train
6,3,923,train
6,3,925,train
6,3,926,train
6,3,927,train
6,3,930,train
6,3,931,train
6,3,933,train
6,3,935,train
6,3,936,train
6,3,938,train
6,3,939,train
6,3,940,train
6,3,941,train
6,3,942,train
6,3,943,train
6,3,944,train
6,3,945,train
6,3,946,train
6,3,947,train
6,3,948,train
6,3,949,train
6,3,951,train
6,3,952,train
6,3,953,train
6,3,954,train
6,3,955,train
6,3,957,train
6,3,958,train
6,3,959,train
6,3,961,train
6,3,962,train
6,3,963,train
6,3,964,train
6,3,965,train
6,3,966,train
6,3,967,train
6,3,968,train
6,3,969,train
6,3,970,train
6,3,971,train
6,3,972,train
6,3,973,train
6,3,975,train
6,3,976,train
6,3,977,train
6,3,978,train
6,3,980,train
6,3,981,train
6,3,982,train
6,3,983,train
6,3,985,train
6,3,987,train
6,3,989,train
6,3,991,train
6,3,992,train
6,3,993,train
6,3,995,train
6,3,996,train
6,3,997,train
6,3,998,train
6,3,999,train
6,3,1000,train
6,3,1001,train
6,3,1002,train
6,3,1003,train
6,3,1005,train
6,3,1006,train
6,3,1007,train
6,3,1008,train
6,3,1010,train
6,3,1012,train
6,3,1013,train
6,3,1014,train
6,3,1015,train
6,3,1017,train
6,3,1018,train
6,3,1019,train
6,3,1022,train
6,3,1023,train
6,3,1024,train
6,3,1027,train
6,3,1028,train
6,3,1029,train
6,3,1030,train
6,3,1032,train
6,3,1033,train
6,3,1035,train
6,3,1036,train
6,3,1037,train
6,3,1038,train
6,3,1039,train
6,3,1040,train
6,3,1041,train
6,3,1042,train
6,3,1043,train
6,3,1047,train
6,3,1048,train
6,3,1049,train
6,3,1050,train
6,3,1052,train
6,3,1053,train
6,3,1054,train
6,3,1055,train
6,3,1056,train
6,3,1057,train
6,3,1058,train
6,3,1060,train
6,3,1061,train
6,3,1062,train
6,3,1064,train
6,3,1065,train
6,3,1066,train
6,3,1067,train
6,3,1069,train
6,3,1070,train
6,3,1071,train
6,3,1072,train
6,3,1073,train
6,3,1074,train
6,3,1075,train
6,3,1076,train
6,3,1078,train
6,3,1079,train
6,3,1080,train
6,3,1082,train
6,3,1083,train
6,3,1084,train
6,3,1085,train
6,3,1087,train
6,3,1089,train
6,3,1090,train
6,3,1091,train
6,3,1092,train
6,3,1093,train
6,3,1095,train
6,3,1096,train
6,3,1097,train
6,3,1099,train
6,3,1,valid
6,3,12,valid
6,3,19,valid
6,3,24,valid
6,3,29,valid
6,3,32,valid
6,3,36,valid
6,3,39,valid
6,3,45,valid
6,3,51,valid
6,3,65,valid
6,3,81,valid
6,3,87,valid
6,3,96,valid
6,3,97,valid
6,3,114,valid
6,3,120,valid
6,3,124,valid
6,3,130,valid
6,3,134,valid
6,3,135,valid
6,3,140,valid
6,3,145,valid
6,3,147,valid
6,3,150,valid
6,3,162,valid
6,3,163,valid
6,3,168,valid
6,3,174,valid
6,3,175,valid
6,3,185,valid
6,3,199,valid
6,3,200,valid
6,3,201,valid
6,3,209,valid
6,3,216,valid
6,3,224,valid
6,3,227,valid
6,3,229,valid
6,3,238,valid
6,3,244,valid
6,3,245,valid
6,3,251,valid
6,3,252,valid
6,3,258,valid
6,3,260,valid
6,3,269,valid
6,3,274,valid
6,3,280,valid
6,3,286,valid
6,3,288,valid
6,3,292,valid
6,3,295,valid
6,3,298,valid
6,3,300,valid
6,3,301,valid
6,3,305,valid
6,3,311,valid
6,3,313,valid
6,3,315,valid
6,3,316,valid
6,3,321,valid
6,3,329,valid
6,3,332,valid
6,3,335,valid
6,3,338,valid
6,3,341,valid
6,3,344,valid
6,3,347,valid
6,3,350,valid
6,3,360,valid
6,3,371,valid
6,3,373,valid
6,3,377,valid
6,3,378,valid
6,3,389,valid
6,3,390,valid
6,3,391,valid
6,3,393,valid
6,3,394,valid
6,3,395,valid
6,3,408,valid
6,3,413,valid
6,3,415,valid
6,3,432,valid
6,3,437,valid
6,3,438,valid
6,3,441,valid
6,3,445,valid
6,3,454,valid
6,3,460,valid
6,3,461,valid
6,3,463,valid
6,3,468,valid
6,3,479,valid
6,3,485,valid
6,3,489,valid
6,3,493,valid
6,3,497,valid
6,3,506,valid
6,3,507,valid
6,3,510,valid
6,3,512,valid
6,3,520,valid
6,3,523,valid
6,3,524,valid
6,3,530,valid
6,3,540,valid
6,3,547,valid
6,3,550,valid
6,3,564,valid
6,3,576,valid
6,3,580,valid
6,3,585,valid
6,3,587,valid
6,3,591,valid
6,3,595,valid
6,3,596,valid
6,3,602,valid
6,3,610,valid
6,3,613,valid
6,3,626,valid
6,3,634,valid
6,3,636,valid
6,3,651,valid
6,3,653,valid
6,3,654,valid
6,3,657,valid
6,3,658,valid
6,3,659,valid
6,3,660,valid
6,3,671,valid
6,3,674,valid
6,3,675,valid
6,3,681,valid
6,3,691,valid
6,3,694,valid
6,3,695,valid
6,3,702,valid
6,3,705,valid
6,3,708,valid
6,3,713,valid
6,3,721,valid
6,3,727,valid
6,3,731,valid
6,3,733,valid
6,3,735,valid
6,3,741,valid
6,3,742,valid
6,3,748,valid
6,3,755,valid
6,3,761,valid
6,3,765,valid
6,3,770,valid
6,3,774,valid
6,3,775,valid
6,3,782,valid
6,3,788,valid
6,3,793,valid
6,3,809,valid
6,3,812,valid
6,3,816,valid
6,3,821,valid
6,3,822,valid
6,3,827,valid
6,3,830,valid
6,3,840,valid
6,3,846,valid
6,3,857,valid
6,3,858,valid
6,3,862,valid
6,3,866,valid
6,3,870,valid
6,3,874,valid
6,3,879,valid
6,3,880,valid
6,3,890,valid
6,3,892,valid
6,3,907,valid
6,3,910,valid
6,3,924,valid
6,3,928,valid
6,3,929,valid
6,3,932,valid
6,3,934,valid
6,3,937,valid
6,3,950,valid
6,3,956,valid
6,3,960,valid
6,3,974,valid
6,3,979,valid
6,3,984,valid
6,3,986,valid
6,3,988,valid
6,3,990,valid
6,3,994,valid
6,3,1004,valid
6,3,1009,valid
6,3,1011,valid
6,3,1016,valid
6,3,1020,valid
6,3,1021,valid
6,3,1025,valid
6,3,1026,valid
6,3,1031,valid
6,3,1034,valid
6,3,1044,valid
6,3,1045,valid
6,3,1046,valid
6,3,1051,valid
6,3,1059,valid
6,3,1063,valid
6,3,1068,valid
6,3,1077,valid
6,3,1081,valid
6,3,1086,valid
6,3,1088,valid
6,3,1094,valid
6,3,1098,valid
6,4,0,train
6,4,1,train
6,4,2,train
6,4,6,train
6,4,7,train
6,4,8,train
6,4,9,train
6,4,11,train
6,4,12,train
6,4,13,train
6,4,14,train
6,4,15,train
6,4,19,train
6,4,20,train
6,4,22,train
6,4,23,train
6,4,24,train
6,4,25,train
6,4,26,train
6,4,29,train
6,4,30,train
6,4,31,train
6,4,32,train
6,4,33,train
6,4,34,train
6,4,35,train
6,4,36,train
6,4,38,train
6,4,39,train
6,4,41,train
6,4,42,train
6,4,43,train
6,4,44,train
6,4,45,train
6,4,46,train
6,4,47,train
6,4,48,train
6,4,49,train
6,4,50,train
6,4,51,train
6,4,52,train
6,4,53,train
6,4,54,train
6,4,55,train
6,4,56,train
6,4,57,train
6,4,58,train
6,4,59,train
6,4,60,train
6,4,61,train
6,4,62,train
6,4,63,train
6,4,64,train
6,4,65,train
6,4,66,train
6,4,67,train
6,4,70,train
6,4,72,train
6,4,74,train
6,4,75,train
6,4,76,train
6,4,77,train
6,4,78,train
6,4,79,train
6,4,80,train
6,4,81,train
6,4,82,train
6,4,83,train
6,4,84,train
6,4,85,train
6,4,86,train
6,4,87,train
6,4,88,train
6,4,89,train
6,4,91,train
6,4,92,train
6,4,93,train
6,4,94,train
6,4,95,train
6,4,96,train
6,4,97,train
6,4,98,train
6,4,99,train
6,4,100,train
6,4,101,train
6,4,102,train
6,4,103,train
6,4,106,train
6,4,107,train
6,4,108,train
6,4,109,train
6,4,110,train
6,4,112,train
6,4,113,train
6,4,114,train
6,4,115,train
6,4,116,train
6,4,117,train
6,4,118,train
6,4,119,train
6,4,120,train
6,4,122,train
6,4,123,train
6,4,124,train
6,4,126,train
6,4,127,train
6,4,128,train
6,4,130,train
6,4,131,train
6,4,132,train
6,4,134,train
6,4,135,train
6,4,136,train
6,4,140,train
6,4,141,train
6,4,142,train
6,4,145,train
6,4,147,train
6,4,148,train
6,4,150,train
6,4,151,train
6,4,153,train
6,4,154,train
6,4,156,train
6,4,157,train
6,4,158,train
6,4,159,train
6,4,160,train
6,4,161,train
6,4,162,train
6,4,163,train
6,4,165,train
6,4,166,train
6,4,167,train
6,4,168,train
6,4,169,train
6,4,170,train
6,4,171,train
6,4,173,train
6,4,174,train
6,4,175,train
6,4,176,train
6,4,177,train
6,4,178,train
6,4,179,train
6,4,181,train
6,4,182,train
6,4,184,train
6,4,185,train
6,4,186,train
6,4,187,train
6,4,188,train
6,4,189,train
6,4,190,train
6,4,191,train
6,4,194,train
6,4,195,train
6,4,196,train
6,4,198,train
6,4,199,train
6,4,200,train
6,4,201,train
6,4,202,train
6,4,203,train
6,4,204,train
6,4,205,train
6,4,206,train
6,4,208,train
6,4,209,train
6,4,210,train
6,4,211,train
6,4,212,train
6,4,213,train
6,4,215,train
6,4,216,train
6,4,218,train
6,4,219,train
6,4,220,train
6,4,221,train
6,4,223,train
6,4,224,train
6,4,226,train
6,4,227,train
6,4,228,train
6,4,229,train
6,4,230,train
6,4,231,train
6,4,235,train
6,4,236,train
6,4,237,train
6,4,238,train
6,4,240,train
6,4,241,train
6,4,242,train
6,4,243,train
6,4,244,train
6,4,245,train
6,4,246,train
6,4,248,train
6,4,249,train
6,4,250,train
6,4,251,train
6,4,252,train
6,4,255,train
6,4,257,train
6,4,258,train
6,4,259,train
6,4,260,train
6,4,261,train
6,4,263,train
6,4,264,train
6,4,265,train
6,4,266,train
6,4,267,train
6,4,268,train
6,4,269,train
6,4,270,train
6,4,271,train
6,4,272,train
6,4,273,train
6,4,274,train
6,4,275,train
6,4,276,train
6,4,278,train
6,4,279,train
6,4,280,train
6,4,282,train
6,4,283,train
6,4,284,train
6,4,286,train
6,4,288,train
6,4,290,train
6,4,291,train
6,4,292,train
6,4,293,train
6,4,294,train
6,4,295,train
6,4,296,train
6,4,298,train
6,4,300,train
6,4,301,train
6,4,302,train
6,4,304,train
6,4,305,train
6,4,306,train
6,4,307,train
6,4,309,train
6,4,310,train
6,4,311,train
6,4,312,train
6,4,313,train
6,4,315,train
6,4,316,train
6,4,317,train
6,4,318,train
6,4,319,train
6,4,320,train
6,4,321,train
6,4,322,train
6,4,323,train
6,4,324,train
6,4,325,train
6,4,326,train
6,4,327,train
6,4,328,train
6,4,329,train
6,4,331,train
6,4,332,train
6,4,334,train
6,4,335,train
6,4,336,train
6,4,338,train
6,4,339,train
6,4,340,train
6,4,341,train
6,4,342,train
6,4,343,train
6,4,344,train
6,4,345,train
6,4,346,train
6,4,347,train
6,4,348,train
6,4,349,train
6,4,350,train
6,4,352,train
6,4,354,train
6,4,355,train
6,4,356,train
6,4,358,train
6,4,360,train
6,4,361,train
6,4,362,train
6,4,363,train
6,4,364,train
6,4,365,train
6,4,366,train
6,4,368,train
6,4,369,train
6,4,370,train
6,4,371,train
6,4,372,train
6,4,373,train
6,4,374,train
6,4,375,train
6,4,376,train
6,4,377,train
6,4,378,train
6,4,379,train
6,4,380,train
6,4,381,train
6,4,382,train
6,4,384,train
6,4,385,train
6,4,386,train
6,4,387,train
6,4,388,train
6,4,389,train
6,4,390,train
6,4,391,train
6,4,392,train
6,4,393,train
6,4,394,train
6,4,395,train
6,4,396,train
6,4,397,train
6,4,398,train
6,4,399,train
6,4,401,train
6,4,403,train
6,4,405,train
6,4,406,train
6,4,407,train
6,4,408,train
6,4,409,train
6,4,412,train
6,4,413,train
6,4,414,train
6,4,415,train
6,4,418,train
6,4,419,train
6,4,420,train
6,4,421,train
6,4,422,train
6,4,423,train
6,4,424,train
6,4,425,train
6,4,426,train
6,4,428,train
6,4,429,train
6,4,430,train
6,4,431,train
6,4,432,train
6,4,433,train
6,4,435,train
6,4,436,train
6,4,437,train
6,4,438,train
6,4,439,train
6,4,440,train
6,4,441,train
6,4,442,train
6,4,443,train
6,4,444,train
6,4,445,train
6,4,446,train
6,4,448,train
6,4,449,train
6,4,451,train
6,4,452,train
6,4,453,train
6,4,454,train
6,4,455,train
6,4,456,train
6,4,458,train
6,4,459,train
6,4,460,train
6,4,461,train
6,4,462,train
6,4,463,train
6,4,464,train
6,4,465,train
6,4,466,train
6,4,468,train
6,4,469,train
6,4,470,train
6,4,471,train
6,4,472,train
6,4,473,train
6,4,474,train
6,4,475,train
6,4,478,train
6,4,479,train
6,4,480,train
6,4,483,train
6,4,484,train
6,4,485,train
6,4,486,train
6,4,487,train
6,4,489,train
6,4,490,train
6,4,491,train
6,4,493,train
6,4,495,train
6,4,496,train
6,4,497,train
6,4,498,train
6,4,499,train
6,4,500,train
6,4,501,train
6,4,502,train
6,4,503,train
6,4,505,train
6,4,506,train
6,4,507,train
6,4,508,train
6,4,509,train
6,4,510,train
6,4,511,train
6,4,512,train
6,4,513,train
6,4,514,train
6,4,515,train
6,4,519,train
6,4,520,train
6,4,521,train
6,4,522,train
6,4,523,train
6,4,524,train
6,4,525,train
6,4,526,train
6,4,527,train
6,4,529,train
6,4,530,train
6,4,531,train
6,4,533,train
6,4,535,train
6,4,536,train
6,4,537,train
6,4,538,train
6,4,539,train
6,4,540,train
6,4,541,train
6,4,544,train
6,4,545,train
6,4,546,train
6,4,547,train
6,4,548,train
6,4,549,train
6,4,550,train
6,4,551,train
6,4,552,train
6,4,553,train
6,4,554,train
6,4,556,train
6,4,558,train
6,4,559,train
6,4,560,train
6,4,563,train
6,4,564,train
6,4,565,train
6,4,566,train
6,4,568,train
6,4,570,train
6,4,571,train
6,4,572,train
6,4,574,train
6,4,575,train
6,4,576,train
6,4,577,train
6,4,579,train
6,4,580,train
6,4,581,train
6,4,584,train
6,4,585,train
6,4,587,train
6,4,589,train
6,4,590,train
6,4,591,train
6,4,592,train
6,4,594,train
6,4,595,train
6,4,596,train
6,4,597,train
6,4,598,train
6,4,599,train
6,4,600,train
6,4,602,train
6,4,604,train
6,4,605,train
6,4,606,train
6,4,607,train
6,4,610,train
6,4,612,train
6,4,613,train
6,4,614,train
6,4,615,train
6,4,616,train
6,4,618,train
6,4,620,train
6,4,622,train
6,4,623,train
6,4,624,train
6,4,625,train
6,4,626,train
6,4,627,train
6,4,628,train
6,4,630,train
6,4,631,train
6,4,632,train
6,4,633,train
6,4,634,train
6,4,635,train
6,4,636,train
6,4,637,train
6,4,638,train
6,4,639,train
6,4,640,train
6,4,642,train
6,4,643,train
6,4,644,train
6,4,646,train
6,4,648,train
6,4,649,train
6,4,651,train
6,4,652,train
6,4,653,train
6,4,654,train
6,4,655,train
6,4,656,train
6,4,657,train
6,4,658,train
6,4,659,train
6,4,660,train
6,4,661,train
6,4,662,train
6,4,663,train
6,4,664,train
6,4,667,train
6,4,669,train
6,4,670,train
6,4,671,train
6,4,672,train
6,4,673,train
6,4,674,train
6,4,675,train
6,4,677,train
6,4,678,train
6,4,679,train
6,4,680,train
6,4,681,train
6,4,682,train
6,4,683,train
6,4,684,train
6,4,685,train
6,4,687,train
6,4,688,train
6,4,690,train
6,4,691,train
6,4,692,train
6,4,694,train
6,4,695,train
6,4,697,train
6,4,699,train
6,4,701,train
6,4,702,train
6,4,703,train
6,4,704,train
6,4,705,train
6,4,707,train
6,4,708,train
6,4,709,train
6,4,710,train
6,4,711,train
6,4,712,train
6,4,713,train
6,4,715,train
6,4,716,train
6,4,717,train
6,4,718,train
6,4,720,train
6,4,721,train
6,4,722,train
6,4,724,train
6,4,725,train
6,4,727,train
6,4,728,train
6,4,729,train
6,4,730,train
6,4,731,train
6,4,732,train
6,4,733,train
6,4,734,train
6,4,735,train
6,4,737,train
6,4,738,train
6,4,739,train
6,4,740,train
6,4,741,train
6,4,742,train
6,4,743,train
6,4,744,train
6,4,745,train
6,4,746,train
6,4,748,train
6,4,751,train
6,4,752,train
6,4,753,train
6,4,754,train
6,4,755,train
6,4,756,train
6,4,759,train
6,4,760,train
6,4,761,train
6,4,762,train
6,4,763,train
6,4,764,train
6,4,765,train
6,4,766,train
6,4,768,train
6,4,769,train
6,4,770,train
6,4,771,train
6,4,772,train
6,4,774,train
6,4,775,train
6,4,776,train
6,4,777,train
6,4,778,train
6,4,779,train
6,4,782,train
6,4,784,train
6,4,787,train
6,4,788,train
6,4,789,train
6,4,790,train
6,4,791,train
6,4,792,train
6,4,793,train
6,4,794,train
6,4,795,train
6,4,796,train
6,4,799,train
6,4,800,train
6,4,803,train
6,4,804,train
6,4,806,train
6,4,807,train
6,4,808,train
6,4,809,train
6,4,810,train
6,4,812,train
6,4,813,train
6,4,814,train
6,4,815,train
6,4,816,train
6,4,817,train
6,4,818,train
6,4,819,train
6,4,820,train
6,4,821,train
6,4,822,train
6,4,824,train
6,4,826,train
6,4,827,train
6,4,828,train
6,4,829,train
6,4,830,train
6,4,832,train
6,4,834,train
6,4,835,train
6,4,836,train
6,4,837,train
6,4,839,train
6,4,840,train
6,4,841,train
6,4,842,train
6,4,844,train
6,4,846,train
6,4,848,train
6,4,849,train
6,4,850,train
6,4,855,train
6,4,856,train
6,4,857,train
6,4,858,train
6,4,859,train
6,4,860,train
6,4,861,train
6,4,862,train
6,4,863,train
6,4,864,train
6,4,866,train
6,4,867,train
6,4,868,train
6,4,869,train
6,4,870,train
6,4,871,train
6,4,872,train
6,4,873,train
6,4,874,train
6,4,875,train
6,4,876,train
6,4,877,train
6,4,878,train
6,4,879,train
6,4,880,train
6,4,881,train
6,4,883,train
6,4,884,train
6,4,885,train
6,4,886,train
6,4,887,train
6,4,888,train
6,4,890,train
6,4,892,train
6,4,894,train
6,4,895,train
6,4,896,train
6,4,897,train
6,4,898,train
6,4,899,train
6,4,900,train
6,4,901,train
6,4,903,train
6,4,904,train
6,4,905,train
6,4,906,train
6,4,907,train
6,4,908,train
6,4,909,train
6,4,910,train
6,4,912,train
6,4,913,train
6,4,914,train
6,4,915,train
6,4,916,train
6,4,917,train
6,4,920,train
6,4,922,train
6,4,924,train
6,4,925,train
6,4,926,train
6,4,927,train
6,4,928,train
6,4,929,train
6,4,931,train
6,4,932,train
6,4,933,train
6,4,934,train
6,4,935,train
6,4,937,train
6,4,938,train
6,4,940,train
6,4,941,train
6,4,942,train
6,4,943,train
6,4,945,train
6,4,946,train
6,4,947,train
6,4,948,train
6,4,949,train
6,4,950,train
6,4,951,train
6,4,952,train
6,4,954,train
6,4,956,train
6,4,957,train
6,4,958,train
6,4,959,train
6,4,960,train
6,4,962,train
6,4,963,train
6,4,964,train
6,4,965,train
6,4,966,train
6,4,967,train
6,4,968,train
6,4,969,train
6,4,970,train
6,4,971,train
6,4,972,train
6,4,973,train
6,4,974,train
6,4,977,train
6,4,978,train
6,4,979,train
6,4,980,train
6,4,981,train
6,4,983,train
6,4,984,train
6,4,985,train
6,4,986,train
6,4,987,train
6,4,988,train
6,4,989,train
6,4,990,train
6,4,991,train
6,4,992,train
6,4,993,train
6,4,994,train
6,4,995,train
6,4,997,train
6,4,998,train
6,4,999,train
6,4,1000,train
6,4,1001,train
6,4,1004,train
6,4,1005,train
6,4,1009,train
6,4,1010,train
6,4,1011,train
6,4,1012,train
6,4,1014,train
6,4,1016,train
6,4,1017,train
6,4,1018,train
6,4,1019,train
6,4,1020,train
6,4,1021,train
6,4,1022,train
6,4,1023,train
6,4,1025,train
6,4,1026,train
6,4,1027,train
6,4,1028,train
6,4,1030,train
6,4,1031,train
6,4,1032,train
6,4,1033,train
6,4,1034,train
6,4,1036,train
6,4,1037,train
6,4,1038,train
6,4,1039,train
6,4,1040,train
6,4,1041,train
6,4,1042,train
6,4,1043,train
6,4,1044,train
6,4,1045,train
6,4,1046,train
6,4,1047,train
6,4,1048,train
6,4,1049,train
6,4,1050,train
6,4,1051,train
6,4,1052,train
6,4,1055,train
6,4,1056,train
6,4,1057,train
6,4,1058,train
6,4,1059,train
6,4,1060,train
6,4,1061,train
6,4,1062,train
6,4,1063,train
6,4,1065,train
6,4,1067,train
6,4,1068,train
6,4,1071,train
6,4,1074,train
6,4,1075,train
6,4,1076,train
6,4,1077,train
6,4,1079,train
6,4,1080,train
6,4,1081,train
6,4,1082,train
6,4,1083,train
6,4,1085,train
6,4,1086,train
6,4,1088,train
6,4,1090,train
6,4,1091,train
6,4,1093,train
6,4,1094,train
6,4,1096,train
6,4,1098,train
6,4,1099,train
6,4,3,valid
6,4,4,valid
6,4,5,valid
6,4,10,valid
6,4,16,valid
6,4,17,valid
6,4,18,valid
6,4,21,valid
6,4,27,valid
6,4,28,valid
6,4,37,valid
6,4,40,valid
6,4,68,valid
6,4,69,valid
6,4,71,valid
6,4,73,valid
6,4,90,valid
6,4,104,valid
6,4,105,valid
6,4,111,valid
6,4,121,valid
6,4,125,valid
6,4,129,valid
6,4,133,valid
6,4,137,valid
6,4,138,valid
6,4,139,valid
6,4,143,valid
6,4,144,valid
6,4,146,valid
6,4,149,valid
6,4,152,valid
6,4,155,valid
6,4,164,valid
6,4,172,valid
6,4,180,valid
6,4,183,valid
6,4,192,valid
6,4,193,valid
6,4,197,valid
6,4,207,valid
6,4,214,valid
6,4,217,valid
6,4,222,valid
6,4,225,valid
6,4,232,valid
6,4,233,valid
6,4,234,valid
6,4,239,valid
6,4,247,valid
6,4,253,valid
6,4,254,valid
6,4,256,valid
6,4,262,valid
6,4,277,valid
6,4,281,valid
6,4,285,valid
6,4,287,valid
6,4,289,valid
6,4,297,valid
6,4,299,valid
6,4,303,valid
6,4,308,valid
6,4,314,valid
6,4,330,valid
6,4,333,valid
6,4,337,valid
6,4,351,valid
6,4,353,valid
6,4,357,valid
6,4,359,valid
6,4,367,valid
6,4,383,valid
6,4,400,valid
6,4,402,valid
6,4,404,valid
6,4,410,valid
6,4,411,valid
6,4,416,valid
6,4,417,valid
6,4,427,valid
6,4,434,valid
6,4,447,valid
6,4,450,valid
6,4,457,valid
6,4,467,valid
6,4,476,valid
6,4,477,valid
6,4,481,valid
6,4,482,valid
6,4,488,valid
6,4,492,valid
6,4,494,valid
6,4,504,valid
6,4,516,valid
6,4,517,valid
6,4,518,valid
6,4,528,valid
6,4,532,valid
6,4,534,valid
6,4,542,valid
6,4,543,valid
6,4,555,valid
6,4,557,valid
6,4,561,valid
6,4,562,valid
6,4,567,valid
6,4,569,valid
6,4,573,valid
6,4,578,valid
6,4,582,valid
6,4,583,valid
6,4,586,valid
6,4,588,valid
6,4,593,valid
6,4,601,valid
6,4,603,valid
6,4,608,valid
6,4,609,valid
6,4,611,valid
6,4,617,valid
6,4,619,valid
6,4,621,valid
6,4,629,valid
6,4,641,valid
6,4,645,valid
6,4,647,valid
6,4,650,valid
6,4,665,valid
6,4,666,valid
6,4,668,valid
6,4,676,valid
6,4,686,valid
6,4,689,valid
6,4,693,valid
6,4,696,valid
6,4,698,valid
6,4,700,valid
6,4,706,valid
6,4,714,valid
6,4,719,valid
6,4,723,valid
6,4,726,valid
6,4,736,valid
6,4,747,valid
6,4,749,valid
6,4,750,valid
6,4,757,valid
6,4,758,valid
6,4,767,valid
6,4,773,valid
6,4,780,valid
6,4,781,valid
6,4,783,valid
6,4,785,valid
6,4,786,valid
6,4,797,valid
6,4,798,valid
6,4,801,valid
6,4,802,valid
6,4,811,valid
6,4,823,valid
6,4,825,valid
6,4,831,valid
6,4,833,valid
6,4,838,valid
6,4,843,valid
6,4,845,valid
6,4,847,valid
6,4,851,valid
6,4,852,valid
6,4,853,valid
6,4,854,valid
6,4,865,valid
6,4,882,valid
6,4,891,valid
6,4,893,valid
6,4,902,valid
6,4,911,valid
6,4,918,valid
6,4,919,valid
6,4,921,valid
6,4,923,valid
6,4,930,valid
6,4,936,valid
6,4,939,valid
6,4,944,valid
6,4,953,valid
6,4,955,valid
6,4,961,valid
6,4,975,valid
6,4,976,valid
6,4,982,valid
6,4,996,valid
6,4,1002,valid
6,4,1003,valid
6,4,1006,valid
6,4,1007,valid
6,4,1008,valid
6,4,1013,valid
6,4,1015,valid
6,4,1024,valid
6,4,1029,valid
6,4,1035,valid
6,4,1053,valid
6,4,1054,valid
6,4,1064,valid
6,4,1066,valid
6,4,1069,valid
6,4,1070,valid
6,4,1072,valid
6,4,1073,valid
6,4,1078,valid
6,4,1084,valid
6,4,1087,valid
6,4,1089,valid
6,4,1092,valid
6,4,1095,valid
6,4,1097,valid
7,0,0,train
7,0,2,train
7,0,3,train
7,0,6,train
7,0,7,train
7,0,8,train
7,0,10,train
7,0,11,train
7,0,12,train
7,0,13,train
7,0,14,train
7,0,15,train
7,0,16,train
7,0,17,train
7,0,20,train
7,0,21,train
7,0,24,train
7,0,27,train
7,0,28,train
7,0,30,train
7,0,31,train
7,0,32,train
7,0,35,train
7,0,36,train
7,0,37,train
7,0,38,train
7,0,39,train
7,0,40,train
7,0,41,train
7,0,42,train
7,0,43,train
7,0,44,train
7,0,46,train
7,0,47,train
7,0,49,train
7,0,50,train
7,0,51,train
7,0,52,train
7,0,53,train
7,0,56,train
7,0,57,train
7,0,58,train
7,0,59,train
7,0,60,train
7,0,61,train
7,0,62,train
7,0,63,train
7,0,65,train
7,0,66,train
7,0,67,train
7,0,68,train
7,0,70,train
7,0,71,train
7,0,72,train
7,0,73,train
7,0,74,train
7,0,75,train
7,0,76,train
7,0,77,train
7,0,79,train
7,0,80,train
7,0,81,train
7,0,82,train
7,0,83,train
7,0,85,train
7,0,86,train
7,0,87,train
7,0,89,train
7,0,90,train
7,0,91,train
7,0,92,train
7,0,93,train
7,0,96,train
7,0,97,train
7,0,99,train
7,0,100,train
7,0,101,train
7,0,105,train
7,0,106,train
7,0,107,train
7,0,108,train
7,0,109,train
7,0,110,train
7,0,111,train
7,0,112,train
7,0,113,train
7,0,114,train
7,0,115,train
7,0,116,train
7,0,117,train
7,0,120,train
7,0,122,train
7,0,123,train
7,0,124,train
7,0,126,train
7,0,127,train
7,0,130,train
7,0,131,train
7,0,132,train
7,0,133,train
7,0,134,train
7,0,135,train
7,0,136,train
7,0,137,train
7,0,138,train
7,0,139,train
7,0,140,train
7,0,141,train
7,0,142,train
7,0,144,train
7,0,145,train
7,0,146,train
7,0,148,train
7,0,150,train
7,0,151,train
7,0,152,train
7,0,154,train
7,0,155,train
7,0,158,train
7,0,159,train
7,0,160,train
7,0,161,train
7,0,162,train
7,0,163,train
7,0,165,train
7,0,166,train
7,0,167,train
7,0,168,train
7,0,169,train
7,0,170,train
7,0,172,train
7,0,174,train
7,0,175,train
7,0,176,train
7,0,177,train
7,0,178,train
7,0,179,train
7,0,181,train
7,0,182,train
7,0,183,train
7,0,186,train
7,0,187,train
7,0,188,train
7,0,189,train
7,0,191,train
7,0,192,train
7,0,193,train
7,0,194,train
7,0,195,train
7,0,196,train
7,0,198,train
7,0,200,train
7,0,201,train
7,0,203,train
7,0,204,train
7,0,205,train
7,0,206,train
7,0,207,train
7,0,208,train
7,0,211,train
7,0,213,train
7,0,214,train
7,0,217,train
7,0,218,train
7,0,219,train
7,0,220,train
7,0,222,train
7,0,223,train
7,0,224,train
7,0,225,train
7,0,227,train
7,0,229,train
7,0,230,train
7,0,231,train
7,0,232,train
7,0,234,train
7,0,235,train
7,0,236,train
7,0,237,train
7,0,238,train
7,0,239,train
7,0,240,train
7,0,241,train
7,0,242,train
7,0,243,train
7,0,246,train
7,0,247,train
7,0,249,train
7,0,251,train
7,0,253,train
7,0,254,train
7,0,255,train
7,0,256,train
7,0,257,train
7,0,258,train
7,0,259,train
7,0,261,train
7,0,263,train
7,0,264,train
7,0,265,train
7,0,267,train
7,0,268,train
7,0,270,train
7,0,271,train
7,0,272,train
7,0,274,train
7,0,276,train
7,0,277,train
7,0,278,train
7,0,279,train
7,0,280,train
7,0,281,train
7,0,282,train
7,0,283,train
7,0,284,train
7,0,285,train
7,0,287,train
7,0,288,train
7,0,289,train
7,0,290,train
7,0,291,train
7,0,292,train
7,0,293,train
7,0,294,train
7,0,295,train
7,0,297,train
7,0,298,train
7,0,299,train
7,0,300,train
7,0,301,train
7,0,302,train
7,0,303,train
7,0,306,train
7,0,307,train
7,0,309,train
7,0,310,train
7,0,311,train
7,0,312,train
7,0,313,train
7,0,314,train
7,0,315,train
7,0,316,train
7,0,317,train
7,0,318,train
7,0,320,train
7,0,321,train
7,0,322,train
7,0,324,train
7,0,325,train
7,0,326,train
7,0,327,train
7,0,328,train
7,0,330,train
7,0,331,train
7,0,334,train
7,0,336,train
7,0,337,train
7,0,338,train
7,0,340,train
7,0,343,train
7,0,344,train
7,0,348,train
7,0,349,train
7,0,350,train
7,0,351,train
7,0,352,train
7,0,354,train
7,0,355,train
7,0,356,train
7,0,357,train
7,0,358,train
7,0,360,train
7,0,361,train
7,0,362,train
7,0,364,train
7,0,365,train
7,0,366,train
7,0,368,train
7,0,369,train
7,0,371,train
7,0,372,train
7,0,373,train
7,0,375,train
7,0,376,train
7,0,378,train
7,0,381,train
7,0,382,train
7,0,383,train
7,0,384,train
7,0,385,train
7,0,386,train
7,0,387,train
7,0,388,train
7,0,389,train
7,0,390,train
7,0,391,train
7,0,392,train
7,0,393,train
7,0,394,train
7,0,395,train
7,0,396,train
7,0,397,train
7,0,399,train
7,0,400,train
7,0,401,train
7,0,403,train
7,0,404,train
7,0,405,train
7,0,407,train
7,0,408,train
7,0,409,train
7,0,410,train
7,0,411,train
7,0,412,train
7,0,413,train
7,0,414,train
7,0,415,train
7,0,417,train
7,0,418,train
7,0,419,train
7,0,420,train
7,0,421,train
7,0,423,train
7,0,424,train
7,0,427,train
7,0,428,train
7,0,429,train
7,0,430,train
7,0,431,train
7,0,432,train
7,0,433,train
7,0,435,train
7,0,436,train
7,0,437,train
7,0,438,train
7,0,439,train
7,0,440,train
7,0,441,train
7,0,442,train
7,0,443,train
7,0,444,train
7,0,445,train
7,0,446,train
7,0,448,train
7,0,449,train
7,0,452,train
7,0,453,train
7,0,454,train
7,0,455,train
7,0,457,train
7,0,458,train
7,0,459,train
7,0,460,train
7,0,462,train
7,0,463,train
7,0,464,train
7,0,465,train
7,0,466,train
7,0,467,train
7,0,468,train
7,0,469,train
7,0,470,train
7,0,471,train
7,0,472,train
7,0,473,train
7,0,474,train
7,0,477,train
7,0,478,train
7,0,479,train
7,0,480,train
7,0,482,train
7,0,483,train
7,0,484,train
7,0,485,train
7,0,486,train
7,0,488,train
7,0,490,train
7,0,492,train
7,0,494,train
7,0,495,train
7,0,496,train
7,0,497,train
7,0,498,train
7,0,499,train
7,0,500,train
7,0,501,train
7,0,502,train
7,0,503,train
7,0,504,train
7,0,505,train
7,0,506,train
7,0,507,train
7,0,508,train
7,0,509,train
7,0,510,train
7,0,512,train
7,0,513,train
7,0,514,train
7,0,515,train
7,0,516,train
7,0,517,train
7,0,518,train
7,0,519,train
7,0,520,train
7,0,521,train
7,0,522,train
7,0,523,train
7,0,524,train
7,0,525,train
7,0,526,train
7,0,527,train
7,0,529,train
7,0,530,train
7,0,531,train
7,0,532,train
7,0,533,train
7,0,536,train
7,0,537,train
7,0,538,train
7,0,539,train
7,0,540,train
7,0,541,train
7,0,542,train
7,0,543,train
7,0,545,train
7,0,546,train
7,0,547,train
7,0,549,train
7,0,550,train
7,0,551,train
7,0,552,train
7,0,553,train
7,0,554,train
7,0,555,train
7,0,556,train
7,0,557,train
7,0,558,train
7,0,559,train
7,0,560,train
7,0,561,train
7,0,562,train
7,0,563,train
7,0,564,train
7,0,566,train
7,0,567,train
7,0,568,train
7,0,569,train
7,0,572,train
7,0,573,train
7,0,574,train
7,0,577,train
7,0,578,train
7,0,579,train
7,0,580,train
7,0,581,train
7,0,584,train
7,0,585,train
7,0,586,train
7,0,588,train
7,0,589,train
7,0,590,train
7,0,591,train
7,0,593,train
7,0,594,train
7,0,596,train
7,0,597,train
7,0,598,train
7,0,599,train
7,0,600,train
7,0,601,train
7,0,602,train
7,0,603,train
7,0,604,train
7,0,606,train
7,0,607,train
7,0,608,train
7,0,609,train
7,0,612,train
7,0,613,train
7,0,614,train
7,0,616,train
7,0,617,train
7,0,618,train
7,0,621,train
7,0,622,train
7,0,623,train
7,0,624,train
7,0,625,train
7,0,627,train
7,0,628,train
7,0,629,train
7,0,631,train
7,0,632,train
7,0,633,train
7,0,634,train
7,0,635,train
7,0,636,train
7,0,637,train
7,0,638,train
7,0,640,train
7,0,642,train
7,0,644,train
7,0,646,train
7,0,647,train
7,0,648,train
7,0,649,train
7,0,650,train
7,0,652,train
7,0,654,train
7,0,656,train
7,0,657,train
7,0,658,train
7,0,659,train
7,0,660,train
7,0,661,train
7,0,662,train
7,0,663,train
7,0,664,train
7,0,665,train
7,0,667,train
7,0,668,train
7,0,669,train
7,0,670,train
7,0,671,train
7,0,672,train
7,0,673,train
7,0,674,train
7,0,675,train
7,0,676,train
7,0,677,train
7,0,678,train
7,0,679,train
7,0,680,train
7,0,681,train
7,0,683,train
7,0,684,train
7,0,685,train
7,0,686,train
7,0,687,train
7,0,688,train
7,0,689,train
7,0,690,train
7,0,691,train
7,0,692,train
7,0,693,train
7,0,695,train
7,0,696,train
7,0,697,train
7,0,698,train
7,0,699,train
7,0,700,train
7,0,701,train
7,0,702,train
7,0,703,train
7,0,704,train
7,0,706,train
7,0,707,train
7,0,708,train
7,0,709,train
7,0,710,train
7,0,711,train
7,0,712,train
7,0,713,train
7,0,714,train
7,0,715,train
7,0,716,train
7,0,717,train
7,0,718,train
7,0,719,train
7,0,720,train
7,0,721,train
7,0,722,train
7,0,724,train
7,0,725,train
7,0,727,train
7,0,728,train
7,0,729,train
7,0,730,train
7,0,731,train
7,0,732,train
7,0,733,train
7,0,734,train
7,0,736,train
7,0,737,train
7,0,738,train
7,0,739,train
7,0,741,train
7,0,742,train
7,0,743,train
7,0,744,train
7,0,746,train
7,0,747,train
7,0,749,train
7,0,750,train
7,0,751,train
7,0,753,train
7,0,755,train
7,0,756,train
7,0,757,train
7,0,758,train
7,0,759,train
7,0,760,train
7,0,761,train
7,0,762,train
7,0,763,train
7,0,765,train
7,0,766,train
7,0,768,train
7,0,769,train
7,0,770,train
7,0,771,train
7,0,772,train
7,0,775,train
7,0,776,train
7,0,777,train
7,0,778,train
7,0,780,train
7,0,781,train
7,0,782,train
7,0,783,train
7,0,785,train
7,0,786,train
7,0,787,train
7,0,788,train
7,0,789,train
7,0,790,train
7,0,791,train
7,0,792,train
7,0,793,train
7,0,794,train
7,0,795,train
7,0,796,train
7,0,797,train
7,0,798,train
7,0,799,train
7,0,800,train
7,0,801,train
7,0,802,train
7,0,803,train
7,0,804,train
7,0,806,train
7,0,807,train
7,0,808,train
7,0,810,train
7,0,813,train
7,0,814,train
7,0,815,train
7,0,818,train
7,0,820,train
7,0,821,train
7,0,822,train
7,0,823,train
7,0,824,train
7,0,825,train
7,0,826,train
7,0,827,train
7,0,828,train
7,0,829,train
7,0,830,train
7,0,831,train
7,0,832,train
7,0,833,train
7,0,834,train
7,0,835,train
7,0,836,train
7,0,837,train
7,0,838,train
7,0,839,train
7,0,840,train
7,0,844,train
7,0,845,train
7,0,846,train
7,0,848,train
7,0,849,train
7,0,850,train
7,0,851,train
7,0,852,train
7,0,853,train
7,0,854,train
7,0,855,train
7,0,856,train
7,0,857,train
7,0,858,train
7,0,859,train
7,0,860,train
7,0,861,train
7,0,862,train
7,0,863,train
7,0,864,train
7,0,865,train
7,0,866,train
7,0,867,train
7,0,868,train
7,0,869,train
7,0,870,train
7,0,871,train
7,0,872,train
7,0,873,train
7,0,876,train
7,0,877,train
7,0,879,train
7,0,880,train
7,0,881,train
7,0,882,train
7,0,885,train
7,0,886,train
7,0,887,train
7,0,888,train
7,0,890,train
7,0,891,train
7,0,893,train
7,0,894,train
7,0,896,train
7,0,897,train
7,0,898,train
7,0,899,train
7,0,900,train
7,0,901,train
7,0,902,train
7,0,903,train
7,0,904,train
7,0,905,train
7,0,906,train
7,0,907,train
7,0,909,train
7,0,910,train
7,0,911,train
7,0,912,train
7,0,913,train
7,0,914,train
7,0,915,train
7,0,916,train
7,0,917,train
7,0,918,train
7,0,919,train
7,0,920,train
7,0,921,train
7,0,923,train
7,0,925,train
7,0,926,train
7,0,928,train
7,0,930,train
7,0,932,train
7,0,933,train
7,0,934,train
7,0,935,train
7,0,936,train
7,0,937,train
7,0,938,train
7,0,939,train
7,0,941,train
7,0,942,train
7,0,943,train
7,0,945,train
7,0,946,train
7,0,948,train
7,0,949,train
7,0,950,train
7,0,951,train
7,0,952,train
7,0,953,train
7,0,954,train
7,0,955,train
7,0,956,train
7,0,957,train
7,0,958,train
7,0,959,train
7,0,960,train
7,0,961,train
7,0,962,train
7,0,963,train
7,0,964,train
7,0,965,train
7,0,966,train
7,0,967,train
7,0,968,train
7,0,969,train
7,0,970,train
7,0,972,train
7,0,973,train
7,0,976,train
7,0,978,train
7,0,979,train
7,0,980,train
7,0,981,train
7,0,982,train
7,0,983,train
7,0,985,train
7,0,986,train
7,0,987,train
7,0,988,train
7,0,989,train
7,0,990,train
7,0,991,train
7,0,992,train
7,0,993,train
7,0,994,train
7,0,995,train
7,0,996,train
7,0,997,train
7,0,998,train
7,0,999,train
7,0,1000,train
7,0,1002,train
7,0,1005,train
7,0,1006,train
7,0,1007,train
7,0,1008,train
7,0,1009,train
7,0,1010,train
7,0,1012,train
7,0,1013,train
7,0,1014,train
7,0,1015,train
7,0,1017,train
7,0,1018,train
7,0,1019,train
7,0,1020,train
7,0,1021,train
7,0,1022,train
7,0,1023,train
7,0,1025,train
7,0,1026,train
7,0,1028,train
7,0,1029,train
7,0,1030,train
7,0,1031,train
7,0,1032,train
7,0,1033,train
7,0,1034,train
7,0,1035,train
7,0,1036,train
7,0,1038,train
7,0,1039,train
7,0,1040,train
7,0,1042,train
7,0,1043,train
7,0,1044,train
7,0,1045,train
7,0,1047,train
7,0,1049,train
7,0,1050,train
7,0,1052,train
7,0,1053,train
7,0,1057,train
7,0,1058,train
7,0,1061,train
7,0,1062,train
7,0,1063,train
7,0,1064,train
7,0,1065,train
7,0,1066,train
7,0,1067,train
7,0,1068,train
7,0,1069,train
7,0,1070,train
7,0,1072,train
7,0,1073,train
7,0,1074,train
7,0,1075,train
7,0,1076,train
7,0,1077,train
7,0,1078,train
7,0,1079,train
7,0,1080,train
7,0,1081,train
7,0,1082,train
7,0,1083,train
7,0,1088,train
7,0,1089,train
7,0,1091,train
7,0,1092,train
7,0,1093,train
7,0,1094,train
7,0,1095,train
7,0,1096,train
7,0,1097,train
7,0,1099,train
7,0,1,valid
7,0,4,valid
7,0,5,valid
7,0,9,valid
7,0,18,valid
7,0,19,valid
7,0,22,valid
7,0,23,valid
7,0,25,valid
7,0,26,valid
7,0,29,valid
7,0,33,valid
7,0,34,valid
7,0,45,valid
7,0,48,valid
7,0,54,valid
7,0,55,valid
7,0,64,valid
7,0,69,valid
7,0,78,valid
7,0,84,valid
7,0,88,valid
7,0,94,valid
7,0,95,valid
7,0,98,valid
7,0,102,valid
7,0,103,valid
7,0,104,valid
7,0,118,valid
7,0,119,valid
7,0,121,valid
7,0,125,valid
7,0,128,valid
7,0,129,valid
7,0,143,valid
7,0,147,valid
7,0,149,valid
7,0,153,valid
7,0,156,valid
7,0,157,valid
7,0,164,valid
7,0,171,valid
7,0,173,valid
7,0,180,valid
7,0,184,valid
7,0,185,valid
7,0,190,valid
7,0,197,valid
7,0,199,valid
7,0,202,valid
7,0,209,valid
7,0,210,valid
7,0,212,valid
7,0,215,valid
7,0,216,valid
7,0,221,valid
7,0,226,valid
7,0,228,valid
7,0,233,valid
7,0,244,valid
7,0,245,valid
7,0,248,valid
7,0,250,valid
7,0,252,valid
7,0,260,valid
7,0,262,valid
7,0,266,valid
7,0,269,valid
7,0,273,valid
7,0,275,valid
7,0,286,valid
7,0,296,valid
7,0,304,valid
7,0,305,valid
7,0,308,valid
7,0,319,valid
7,0,323,valid
7,0,329,valid
7,0,332,valid
7,0,333,valid
7,0,335,valid
7,0,339,valid
7,0,341,valid
7,0,342,valid
7,0,345,valid
7,0,346,valid
7,0,347,valid
7,0,353,valid
7,0,359,valid
7,0,363,valid
7,0,367,valid
7,0,370,valid
7,0,374,valid
7,0,377,valid
7,0,379,valid
7,0,380,valid
7,0,398,valid
7,0,402,valid
7,0,406,valid
7,0,416,valid
7,0,422,valid
7,0,425,valid
7,0,426,valid
7,0,434,valid
7,0,447,valid
7,0,450,valid
7,0,451,valid
7,0,456,valid
7,0,461,valid
7,0,475,valid
7,0,476,valid
7,0,481,valid
7,0,487,valid
7,0,489,valid
7,0,491,valid
7,0,493,valid
7,0,511,valid
7,0,528,valid
7,0,534,valid
7,0,535,valid
7,0,544,valid
7,0,548,valid
7,0,565,valid
7,0,570,valid
7,0,571,valid
7,0,575,valid
7,0,576,valid
7,0,582,valid
7,0,583,valid
7,0,587,valid
7,0,592,valid
7,0,595,valid
7,0,605,valid
7,0,610,valid
7,0,611,valid
7,0,615,valid
7,0,619,valid
7,0,620,valid
7,0,626,valid
7,0,630,valid
7,0,639,valid
7,0,641,valid
7,0,643,valid
7,0,645,valid
7,0,651,valid
7,0,653,valid
7,0,655,valid
7,0,666,valid
7,0,682,valid
7,0,694,valid
7,0,705,valid
7,0,723,valid
7,0,726,valid
7,0,735,valid
7,0,740,valid
7,0,745,valid
7,0,748,valid
7,0,752,valid
7,0,754,valid
7,0,764,valid
7,0,767,valid
7,0,773,valid
7,0,774,valid
7,0,779,valid
7,0,784,valid
7,0,809,valid
7,0,811,valid
7,0,812,valid
7,0,816,valid
7,0,817,valid
7,0,819,valid
7,0,841,valid
7,0,842,valid
7,0,843,valid
7,0,847,valid
7,0,874,valid
7,0,875,valid
7,0,878,valid
7,0,883,valid
7,0,884,valid
7,0,892,valid
7,0,895,valid
7,0,908,valid
7,0,922,valid
7,0,924,valid
7,0,927,valid
7,0,929,valid
7,0,931,valid
7,0,940,valid
7,0,944,valid
7,0,947,valid
7,0,971,valid
7,0,974,valid
7,0,975,valid
7,0,977,valid
7,0,984,valid
7,0,1001,valid
7,0,1003,valid
7,0,1004,valid
7,0,1011,valid
7,0,1016,valid
7,0,1024,valid
7,0,1027,valid
7,0,1037,valid
7,0,1041,valid
7,0,1046,valid
7,0,1048,valid
7,0,1051,valid
7,0,1054,valid
7,0,1055,valid
7,0,1056,valid
7,0,1059,valid
7,0,1060,valid
7,0,1071,valid
7,0,1084,valid
7,0,1085,valid
7,0,1086,valid
7,0,1087,valid
7,0,1090,valid
7,0,1098,valid
7,1,0,train
7,1,1,train
7,1,4,train
7,1,5,train
7,1,7,train
7,1,9,train
7,1,10,train
7,1,11,train
7,1,12,train
7,1,13,train
7,1,14,train
7,1,15,train
7,1,17,train
7,1,18,train
7,1,19,train
7,1,21,train
7,1,22,train
7,1,23,train
7,1,25,train
7,1,26,train
7,1,27,train
7,1,28,train
7,1,29,train
7,1,30,train
7,1,31,train
7,1,32,train
7,1,33,train
7,1,34,train
7,1,35,train
7,1,36,train
7,1,38,train
7,1,41,train
7,1,43,train
7,1,44,train
7,1,45,train
7,1,46,train
7,1,47,train
7,1,48,train
7,1,49,train
7,1,50,train
7,1,52,train
7,1,54,train
7,1,55,train
7,1,56,train
7,1,57,train
7,1,59,train
7,1,63,train
7,1,64,train
7,1,65,train
7,1,66,train
7,1,67,train
7,1,68,train
7,1,69,train
7,1,70,train
7,1,73,train
7,1,74,train
7,1,75,train
7,1,76,train
7,1,77,train
7,1,78,train
7,1,80,train
7,1,81,train
7,1,82,train
7,1,83,train
7,1,84,train
7,1,85,train
7,1,88,train
7,1,90,train
7,1,91,train
7,1,92,train
7,1,93,train
7,1,94,train
7,1,95,train
7,1,96,train
7,1,97,train
7,1,98,train
7,1,100,train
7,1,101,train
7,1,102,train
7,1,103,train
7,1,104,train
7,1,105,train
7,1,107,train
7,1,108,train
7,1,112,train
7,1,113,train
7,1,114,train
7,1,115,train
7,1,116,train
7,1,117,train
7,1,118,train
7,1,119,train
7,1,121,train
7,1,122,train
7,1,123,train
7,1,125,train
7,1,126,train
7,1,127,train
7,1,128,train
7,1,129,train
7,1,133,train
7,1,134,train
7,1,135,train
7,1,136,train
7,1,141,train
7,1,142,train
7,1,143,train
7,1,144,train
7,1,146,train
7,1,147,train
7,1,148,train
7,1,149,train
7,1,151,train
7,1,153,train
7,1,154,train
7,1,155,train
7,1,156,train
7,1,157,train
7,1,158,train
7,1,159,train
7,1,160,train
7,1,161,train
7,1,162,train
7,1,163,train
7,1,164,train
7,1,165,train
7,1,166,train
7,1,167,train
7,1,170,train
7,1,171,train
7,1,173,train
7,1,177,train
7,1,178,train
7,1,179,train
7,1,180,train
7,1,181,train
7,1,182,train
7,1,183,train
7,1,184,train
7,1,185,train
7,1,186,train
7,1,187,train
7,1,189,train
7,1,190,train
7,1,192,train
7,1,193,train
7,1,195,train
7,1,196,train
7,1,197,train
7,1,198,train
7,1,199,train
7,1,200,train
7,1,201,train
7,1,202,train
7,1,203,train
7,1,204,train
7,1,206,train
7,1,207,train
7,1,209,train
7,1,210,train
7,1,211,train
7,1,212,train
7,1,213,train
7,1,214,train
7,1,215,train
7,1,216,train
7,1,218,train
7,1,219,train
7,1,220,train
7,1,221,train
7,1,222,train
7,1,223,train
7,1,225,train
7,1,226,train
7,1,227,train
7,1,228,train
7,1,229,train
7,1,230,train
7,1,231,train
7,1,232,train
7,1,233,train
7,1,234,train
7,1,237,train
7,1,238,train
7,1,239,train
7,1,240,train
7,1,241,train
7,1,242,train
7,1,243,train
7,1,244,train
7,1,245,train
7,1,246,train
7,1,247,train
7,1,248,train
7,1,249,train
7,1,250,train
7,1,251,train
7,1,252,train
7,1,253,train
7,1,254,train
7,1,259,train
7,1,260,train
7,1,261,train
7,1,262,train
7,1,264,train
7,1,265,train
7,1,266,train
7,1,267,train
7,1,268,train
7,1,269,train
7,1,272,train
7,1,273,train
7,1,274,train
7,1,275,train
7,1,276,train
7,1,277,train
7,1,278,train
7,1,279,train
7,1,280,train
7,1,281,train
7,1,282,train
7,1,283,train
7,1,284,train
7,1,285,train
7,1,286,train
7,1,287,train
7,1,289,train
7,1,290,train
7,1,291,train
7,1,292,train
7,1,293,train
7,1,294,train
7,1,295,train
7,1,296,train
7,1,298,train
7,1,299,train
7,1,300,train
7,1,301,train
7,1,302,train
7,1,303,train
7,1,304,train
7,1,305,train
7,1,306,train
7,1,307,train
7,1,308,train
7,1,310,train
7,1,312,train
7,1,313,train
7,1,314,train
7,1,315,train
7,1,316,train
7,1,317,train
7,1,318,train
7,1,319,train
7,1,320,train
7,1,321,train
7,1,322,train
7,1,323,train
7,1,324,train
7,1,328,train
7,1,329,train
7,1,330,train
7,1,331,train
7,1,332,train
7,1,333,train
7,1,335,train
7,1,336,train
7,1,337,train
7,1,338,train
7,1,339,train
7,1,340,train
7,1,341,train
7,1,342,train
7,1,343,train
7,1,344,train
7,1,345,train
7,1,346,train
7,1,347,train
7,1,349,train
7,1,350,train
7,1,351,train
7,1,352,train
7,1,353,train
7,1,355,train
7,1,356,train
7,1,359,train
7,1,360,train
7,1,361,train
7,1,362,train
7,1,363,train
7,1,365,train
7,1,367,train
7,1,368,train
7,1,369,train
7,1,370,train
7,1,371,train
7,1,372,train
7,1,374,train
7,1,375,train
7,1,376,train
7,1,377,train
7,1,378,train
7,1,379,train
7,1,380,train
7,1,381,train
7,1,382,train
7,1,383,train
7,1,384,train
7,1,385,train
7,1,386,train
7,1,387,train
7,1,388,train
7,1,389,train
7,1,390,train
7,1,392,train
7,1,393,train
7,1,395,train
7,1,396,train
7,1,397,train
7,1,398,train
7,1,399,train
7,1,400,train
7,1,401,train
7,1,402,train
7,1,403,train
7,1,405,train
7,1,406,train
7,1,407,train
7,1,408,train
7,1,409,train
7,1,411,train
7,1,412,train
7,1,413,train
7,1,414,train
7,1,415,train
7,1,416,train
7,1,417,train
7,1,418,train
7,1,420,train
7,1,422,train
7,1,423,train
7,1,425,train
7,1,426,train
7,1,427,train
7,1,429,train
7,1,431,train
7,1,432,train
7,1,433,train
7,1,434,train
7,1,435,train
7,1,436,train
7,1,437,train
7,1,438,train
7,1,440,train
7,1,442,train
7,1,443,train
7,1,445,train
7,1,447,train
7,1,449,train
7,1,450,train
7,1,451,train
7,1,452,train
7,1,455,train
7,1,456,train
7,1,457,train
7,1,458,train
7,1,459,train
7,1,460,train
7,1,461,train
7,1,462,train
7,1,463,train
7,1,464,train
7,1,465,train
7,1,466,train
7,1,467,train
7,1,468,train
7,1,469,train
7,1,470,train
7,1,471,train
7,1,472,train
7,1,473,train
7,1,474,train
7,1,475,train
7,1,476,train
7,1,477,train
7,1,478,train
7,1,479,train
7,1,480,train
7,1,481,train
7,1,484,train
7,1,485,train
7,1,486,train
7,1,487,train
7,1,488,train
7,1,489,train
7,1,490,train
7,1,491,train
7,1,493,train
7,1,494,train
7,1,495,train
7,1,496,train
7,1,497,train
7,1,498,train
7,1,500,train
7,1,501,train
7,1,502,train
7,1,503,train
7,1,504,train
7,1,505,train
7,1,506,train
7,1,509,train
7,1,511,train
7,1,512,train
7,1,514,train
7,1,516,train
7,1,517,train
7,1,518,train
7,1,519,train
7,1,520,train
7,1,522,train
7,1,523,train
7,1,524,train
7,1,525,train
7,1,527,train
7,1,528,train
7,1,529,train
7,1,530,train
7,1,531,train
7,1,533,train
7,1,534,train
7,1,535,train
7,1,537,train
7,1,538,train
7,1,539,train
7,1,540,train
7,1,541,train
7,1,543,train
7,1,544,train
7,1,545,train
7,1,546,train
7,1,548,train
7,1,549,train
7,1,550,train
7,1,551,train
7,1,552,train
7,1,553,train
7,1,555,train
7,1,556,train
7,1,557,train
7,1,558,train
7,1,559,train
7,1,562,train
7,1,563,train
7,1,564,train
7,1,565,train
7,1,566,train
7,1,567,train
7,1,569,train
7,1,570,train
7,1,571,train
7,1,572,train
7,1,573,train
7,1,575,train
7,1,576,train
7,1,577,train
7,1,578,train
7,1,580,train
7,1,581,train
7,1,582,train
7,1,583,train
7,1,584,train
7,1,585,train
7,1,586,train
7,1,587,train
7,1,588,train
7,1,589,train
7,1,590,train
7,1,591,train
7,1,592,train
7,1,593,train
7,1,594,train
7,1,595,train
7,1,596,train
7,1,597,train
7,1,600,train
7,1,601,train
7,1,602,train
7,1,603,train
7,1,604,train
7,1,605,train
7,1,607,train
7,1,608,train
7,1,610,train
7,1,611,train
7,1,612,train
7,1,613,train
7,1,614,train
7,1,615,train
7,1,617,train
7,1,618,train
7,1,619,train
7,1,620,train
7,1,622,train
7,1,625,train
7,1,626,train
7,1,627,train
7,1,628,train
7,1,630,train
7,1,631,train
7,1,632,train
7,1,633,train
7,1,635,train
7,1,637,train
7,1,638,train
7,1,639,train
7,1,640,train
7,1,641,train
7,1,642,train
7,1,643,train
7,1,645,train
7,1,646,train
7,1,647,train
7,1,648,train
7,1,649,train
7,1,651,train
7,1,652,train
7,1,653,train
7,1,654,train
7,1,655,train
7,1,657,train
7,1,659,train
7,1,660,train
7,1,662,train
7,1,663,train
7,1,664,train
7,1,665,train
7,1,666,train
7,1,667,train
7,1,669,train
7,1,670,train
7,1,672,train
7,1,673,train
7,1,674,train
7,1,675,train
7,1,677,train
7,1,680,train
7,1,681,train
7,1,682,train
7,1,683,train
7,1,684,train
7,1,686,train
7,1,687,train
7,1,688,train
7,1,689,train
7,1,690,train
7,1,692,train
7,1,694,train
7,1,695,train
7,1,696,train
7,1,697,train
7,1,699,train
7,1,700,train
7,1,701,train
7,1,702,train
7,1,703,train
7,1,704,train
7,1,705,train
7,1,706,train
7,1,708,train
7,1,710,train
7,1,712,train
7,1,713,train
7,1,714,train
7,1,716,train
7,1,717,train
7,1,718,train
7,1,719,train
7,1,720,train
7,1,721,train
7,1,722,train
7,1,723,train
7,1,724,train
7,1,725,train
7,1,726,train
7,1,727,train
7,1,728,train
7,1,729,train
7,1,730,train
7,1,731,train
7,1,732,train
7,1,734,train
7,1,735,train
7,1,736,train
7,1,737,train
7,1,738,train
7,1,739,train
7,1,740,train
7,1,741,train
7,1,742,train
7,1,743,train
7,1,745,train
7,1,746,train
7,1,748,train
7,1,749,train
7,1,751,train
7,1,752,train
7,1,753,train
7,1,754,train
7,1,755,train
7,1,756,train
7,1,758,train
7,1,759,train
7,1,760,train
7,1,762,train
7,1,763,train
7,1,764,train
7,1,766,train
7,1,767,train
7,1,768,train
7,1,770,train
7,1,771,train
7,1,772,train
7,1,773,train
7,1,774,train
7,1,775,train
7,1,776,train
7,1,778,train
7,1,779,train
7,1,781,train
7,1,782,train
7,1,783,train
7,1,784,train
7,1,786,train
7,1,787,train
7,1,788,train
7,1,789,train
7,1,790,train
7,1,791,train
7,1,792,train
7,1,793,train
7,1,794,train
7,1,795,train
7,1,797,train
7,1,798,train
7,1,799,train
7,1,801,train
7,1,802,train
7,1,803,train
7,1,806,train
7,1,807,train
7,1,808,train
7,1,809,train
7,1,810,train
7,1,811,train
7,1,812,train
7,1,813,train
7,1,814,train
7,1,815,train
7,1,816,train
7,1,817,train
7,1,818,train
7,1,819,train
7,1,820,train
7,1,821,train
7,1,823,train
7,1,824,train
7,1,825,train
7,1,826,train
7,1,827,train
7,1,828,train
7,1,829,train
7,1,830,train
7,1,831,train
7,1,833,train
7,1,834,train
7,1,835,train
7,1,836,train
7,1,839,train
7,1,840,train
7,1,841,train
7,1,842,train
7,1,843,train
7,1,845,train
7,1,847,train
7,1,848,train
7,1,850,train
7,1,851,train
7,1,853,train
7,1,854,train
7,1,855,train
7,1,856,train
7,1,858,train
7,1,859,train
7,1,862,train
7,1,864,train
7,1,865,train
7,1,867,train
7,1,868,train
7,1,869,train
7,1,870,train
7,1,871,train
7,1,872,train
7,1,873,train
7,1,874,train
7,1,875,train
7,1,876,train
7,1,877,train
7,1,878,train
7,1,879,train
7,1,881,train
7,1,882,train
7,1,883,train
7,1,884,train
7,1,885,train
7,1,888,train
7,1,890,train
7,1,891,train
7,1,892,train
7,1,893,train
7,1,894,train
7,1,895,train
7,1,896,train
7,1,897,train
7,1,899,train
7,1,901,train
7,1,902,train
7,1,903,train
7,1,905,train
7,1,908,train
7,1,910,train
7,1,912,train
7,1,913,train
7,1,915,train
7,1,917,train
7,1,918,train
7,1,919,train
7,1,921,train
7,1,922,train
7,1,923,train
7,1,924,train
7,1,927,train
7,1,928,train
7,1,929,train
7,1,931,train
7,1,932,train
7,1,933,train
7,1,934,train
7,1,935,train
7,1,936,train
7,1,938,train
7,1,940,train
7,1,941,train
7,1,942,train
7,1,943,train
7,1,944,train
7,1,945,train
7,1,947,train
7,1,948,train
7,1,951,train
7,1,952,train
7,1,953,train
7,1,956,train
7,1,957,train
7,1,961,train
7,1,962,train
7,1,963,train
7,1,964,train
7,1,965,train
7,1,967,train
7,1,968,train
7,1,970,train
7,1,971,train
7,1,972,train
7,1,973,train
7,1,974,train
7,1,975,train
7,1,976,train
7,1,977,train
7,1,978,train
7,1,980,train
7,1,981,train
7,1,982,train
7,1,983,train
7,1,984,train
7,1,985,train
7,1,986,train
7,1,987,train
7,1,988,train
7,1,991,train
7,1,992,train
7,1,993,train
7,1,995,train
7,1,996,train
7,1,999,train
7,1,1000,train
7,1,1001,train
7,1,1002,train
7,1,1003,train
7,1,1004,train
7,1,1007,train
7,1,1009,train
7,1,1010,train
7,1,1011,train
7,1,1012,train
7,1,1014,train
7,1,1016,train
7,1,1017,train
7,1,1018,train
7,1,1019,train
7,1,1020,train
7,1,1021,train
7,1,1023,train
7,1,1024,train
7,1,1025,train
7,1,1026,train
7,1,1027,train
7,1,1029,train
7,1,1030,train
7,1,1031,train
7,1,1032,train
7,1,1033,train
7,1,1034,train
7,1,1036,train
7,1,1037,train
7,1,1038,train
7,1,1039,train
7,1,1040,train
7,1,1041,train
7,1,1043,train
7,1,1044,train
7,1,1045,train
7,1,1046,train
7,1,1047,train
7,1,1048,train
7,1,1049,train
7,1,1050,train
7,1,1051,train
7,1,1052,train
7,1,1053,train
7,1,1054,train
7,1,1055,train
7,1,1056,train
7,1,1057,train
7,1,1058,train
7,1,1059,train
7,1,1060,train
7,1,1061,train
7,1,1062,train
7,1,1063,train
7,1,1064,train
7,1,1065,train
7,1,1066,train
7,1,1067,train
7,1,1068,train
7,1,1069,train
7,1,1070,train
7,1,1071,train
7,1,1072,train
7,1,1073,train
7,1,1075,train
7,1,1077,train
7,1,1078,train
7,1,1080,train
7,1,1082,train
7,1,1084,train
7,1,1085,train
7,1,1086,train
7,1,1087,train
7,1,1088,train
7,1,1089,train
7,1,1090,train
7,1,1091,train
7,1,1093,train
7,1,1094,train
7,1,1095,train
7,1,1096,train
7,1,1097,train
7,1,1098,train
7,1,2,valid
7,1,3,valid
7,1,6,valid
7,1,8,valid
7,1,16,valid
7,1,20,valid
7,1,24,valid
7,1,37,valid
7,1,39,valid
7,1,40,valid
7,1,42,valid
7,1,51,valid
7,1,53,valid
7,1,58,valid
7,1,60,valid
7,1,61,valid
7,1,62,valid
7,1,71,valid
7,1,72,valid
7,1,79,valid
7,1,86,valid
7,1,87,valid
7,1,89,valid
7,1,99,valid
7,1,106,valid
7,1,109,valid
7,1,110,valid
7,1,111,valid
7,1,120,valid
7,1,124,valid
7,1,130,valid
7,1,131,valid
7,1,132,valid
7,1,137,valid
7,1,138,valid
7,1,139,valid
7,1,140,valid
7,1,145,valid
7,1,150,valid
7,1,152,valid
7,1,168,valid
7,1,169,valid
7,1,172,valid
7,1,174,valid
7,1,175,valid
7,1,176,valid
7,1,188,valid
7,1,191,valid
7,1,194,valid
7,1,205,valid
7,1,208,valid
7,1,217,valid
7,1,224,valid
7,1,235,valid
7,1,236,valid
7,1,255,valid
7,1,256,valid
7,1,257,valid
7,1,258,valid
7,1,263,valid
7,1,270,valid
7,1,271,valid
7,1,288,valid
7,1,297,valid
7,1,309,valid
7,1,311,valid
7,1,325,valid
7,1,326,valid
7,1,327,valid
7,1,334,valid
7,1,348,valid
7,1,354,valid
7,1,357,valid
7,1,358,valid
7,1,364,valid
7,1,366,valid
7,1,373,valid
7,1,391,valid
7,1,394,valid
7,1,404,valid
7,1,410,valid
7,1,419,valid
7,1,421,valid
7,1,424,valid
7,1,428,valid
7,1,430,valid
7,1,439,valid
7,1,441,valid
7,1,444,valid
7,1,446,valid
7,1,448,valid
7,1,453,valid
7,1,454,valid
7,1,482,valid
7,1,483,valid
7,1,492,valid
7,1,499,valid
7,1,507,valid
7,1,508,valid
7,1,510,valid
7,1,513,valid
7,1,515,valid
7,1,521,valid
7,1,526,valid
7,1,532,valid
7,1,536,valid
7,1,542,valid
7,1,547,valid
7,1,554,valid
7,1,560,valid
7,1,561,valid
7,1,568,valid
7,1,574,valid
7,1,579,valid
7,1,598,valid
7,1,599,valid
7,1,606,valid
7,1,609,valid
7,1,616,valid
7,1,621,valid
7,1,623,valid
7,1,624,valid
7,1,629,valid
7,1,634,valid
7,1,636,valid
7,1,644,valid
7,1,650,valid
7,1,656,valid
7,1,658,valid
7,1,661,valid
7,1,668,valid
7,1,671,valid
7,1,676,valid
7,1,678,valid
7,1,679,valid
7,1,685,valid
7,1,691,valid
7,1,693,valid
7,1,698,valid
7,1,707,valid
7,1,709,valid
7,1,711,valid
7,1,715,valid
7,1,733,valid
7,1,744,valid
7,1,747,valid
7,1,750,valid
7,1,757,valid
7,1,761,valid
7,1,765,valid
7,1,769,valid
7,1,777,valid
7,1,780,valid
7,1,785,valid
7,1,796,valid
7,1,800,valid
7,1,804,valid
7,1,822,valid
7,1,832,valid
7,1,837,valid
7,1,838,valid
7,1,844,valid
7,1,846,valid
7,1,849,valid
7,1,852,valid
7,1,857,valid
7,1,860,valid
7,1,861,valid
7,1,863,valid
7,1,866,valid
7,1,880,valid
7,1,886,valid
7,1,887,valid
7,1,898,valid
7,1,900,valid
7,1,904,valid
7,1,906,valid
7,1,907,valid
7,1,909,valid
7,1,911,valid
7,1,914,valid
7,1,916,valid
7,1,920,valid
7,1,925,valid
7,1,926,valid
7,1,930,valid
7,1,937,valid
7,1,939,valid
7,1,946,valid
7,1,949,valid
7,1,950,valid
7,1,954,valid
7,1,955,valid
7,1,958,valid
7,1,959,valid
7,1,960,valid
7,1,966,valid
7,1,969,valid
7,1,979,valid
7,1,989,valid
7,1,990,valid
7,1,994,valid
7,1,997,valid
7,1,998,valid
7,1,1005,valid
7,1,1006,valid
7,1,1008,valid
7,1,1013,valid
7,1,1015,valid
7,1,1022,valid
7,1,1028,valid
7,1,1035,valid
7,1,1042,valid
7,1,1074,valid
7,1,1076,valid
7,1,1079,valid
7,1,1081,valid
7,1,1083,valid
7,1,1092,valid
7,1,1099,valid
7,2,1,train
7,2,2,train
7,2,3,train
7,2,4,train
7,2,5,train
7,2,6,train
7,2,7,train
7,2,8,train
7,2,9,train
7,2,10,train
7,2,14,train
7,2,15,train
7,2,16,train
7,2,17,train
7,2,18,train
7,2,19,train
7,2,20,train
7,2,21,train
7,2,22,train
7,2,23,train
7,2,24,train
7,2,25,train
7,2,26,train
7,2,28,train
7,2,29,train
7,2,31,train
7,2,33,train
7,2,34,train
7,2,35,train
7,2,36,train
7,2,37,train
7,2,38,train
7,2,39,train
7,2,40,train
7,2,41,train
7,2,42,train
7,2,43,train
7,2,44,train
7,2,45,train
7,2,47,train
7,2,48,train
7,2,50,train
7,2,51,train
7,2,52,train
7,2,53,train
7,2,54,train
7,2,55,train
7,2,56,train
7,2,58,train
7,2,59,train
7,2,60,train
7,2,61,train
7,2,62,train
7,2,63,train
7,2,64,train
7,2,65,train
7,2,66,train
7,2,67,train
7,2,68,train
7,2,69,train
7,2,70,train
7,2,71,train
7,2,72,train
7,2,73,train
7,2,74,train
7,2,75,train
7,2,76,train
7,2,78,train
7,2,79,train
7,2,80,train
7,2,81,train
7,2,82,train
7,2,84,train
7,2,85,train
7,2,86,train
7,2,87,train
7,2,88,train
7,2,89,train
7,2,90,train
7,2,91,train
7,2,92,train
7,2,93,train
7,2,94,train
7,2,95,train
7,2,97,train
7,2,98,train
7,2,99,train
7,2,101,train
7,2,102,train
7,2,103,train
7,2,104,train
7,2,105,train
7,2,106,train
7,2,107,train
7,2,108,train
7,2,109,train
7,2,110,train
7,2,111,train
7,2,112,train
7,2,113,train
7,2,117,train
7,2,118,train
7,2,119,train
7,2,120,train
7,2,121,train
7,2,122,train
7,2,123,train
7,2,124,train
7,2,125,train
7,2,128,train
7,2,129,train
7,2,130,train
7,2,131,train
7,2,132,train
7,2,133,train
7,2,134,train
7,2,136,train
7,2,137,train
7,2,138,train
7,2,139,train
7,2,140,train
7,2,141,train
7,2,143,train
7,2,145,train
7,2,146,train
7,2,147,train
7,2,149,train
7,2,150,train
7,2,152,train
7,2,153,train
7,2,154,train
7,2,155,train
7,2,156,train
7,2,157,train
7,2,158,train
7,2,159,train
7,2,160,train
7,2,161,train
7,2,164,train
7,2,167,train
7,2,168,train
7,2,169,train
7,2,170,train
7,2,171,train
7,2,172,train
7,2,173,train
7,2,174,train
7,2,175,train
7,2,176,train
7,2,177,train
7,2,178,train
7,2,180,train
7,2,181,train
7,2,182,train
7,2,184,train
7,2,185,train
7,2,186,train
7,2,187,train
7,2,188,train
7,2,189,train
7,2,190,train
7,2,191,train
7,2,192,train
7,2,193,train
7,2,194,train
7,2,195,train
7,2,196,train
7,2,197,train
7,2,198,train
7,2,199,train
7,2,201,train
7,2,202,train
7,2,204,train
7,2,205,train
7,2,206,train
7,2,208,train
7,2,209,train
7,2,210,train
7,2,211,train
7,2,212,train
7,2,213,train
7,2,214,train
7,2,215,train
7,2,216,train
7,2,217,train
7,2,218,train
7,2,219,train
7,2,220,train
7,2,221,train
7,2,223,train
7,2,224,train
7,2,225,train
7,2,226,train
7,2,227,train
7,2,228,train
7,2,229,train
7,2,231,train
7,2,232,train
7,2,233,train
7,2,235,train
7,2,236,train
7,2,239,train
7,2,242,train
7,2,243,train
7,2,244,train
7,2,245,train
7,2,246,train
7,2,248,train
7,2,249,train
7,2,250,train
7,2,251,train
7,2,252,train
7,2,253,train
7,2,254,train
7,2,255,train
7,2,256,train
7,2,257,train
7,2,258,train
7,2,259,train
7,2,260,train
7,2,261,train
7,2,262,train
7,2,263,train
7,2,264,train
7,2,266,train
7,2,267,train
7,2,269,train
7,2,270,train
7,2,271,train
7,2,272,train
7,2,273,train
7,2,275,train
7,2,276,train
7,2,277,train
7,2,278,train
7,2,279,train
7,2,282,train
7,2,285,train
7,2,286,train
7,2,288,train
7,2,289,train
7,2,290,train
7,2,296,train
7,2,297,train
7,2,298,train
7,2,300,train
7,2,301,train
7,2,302,train
7,2,304,train
7,2,305,train
7,2,306,train
7,2,308,train
7,2,309,train
7,2,310,train
7,2,311,train
7,2,313,train
7,2,316,train
7,2,318,train
7,2,319,train
7,2,320,train
7,2,321,train
7,2,323,train
7,2,324,train
7,2,325,train
7,2,326,train
7,2,327,train
7,2,329,train
7,2,330,train
7,2,331,train
7,2,332,train
7,2,333,train
7,2,334,train
7,2,335,train
7,2,336,train
7,2,337,train
7,2,339,train
7,2,341,train
7,2,342,train
7,2,343,train
7,2,345,train
7,2,346,train
7,2,347,train
7,2,348,train
7,2,350,train
7,2,351,train
7,2,352,train
7,2,353,train
7,2,354,train
7,2,355,train
7,2,356,train
7,2,357,train
7,2,358,train
7,2,359,train
7,2,361,train
7,2,363,train
7,2,364,train
7,2,366,train
7,2,367,train
7,2,368,train
7,2,370,train
7,2,371,train
7,2,372,train
7,2,373,train
7,2,374,train
7,2,375,train
7,2,376,train
7,2,377,train
7,2,379,train
7,2,380,train
7,2,382,train
7,2,383,train
7,2,384,train
7,2,385,train
7,2,387,train
7,2,388,train
7,2,389,train
7,2,390,train
7,2,391,train
7,2,394,train
7,2,395,train
7,2,396,train
7,2,397,train
7,2,398,train
7,2,402,train
7,2,403,train
7,2,404,train
7,2,405,train
7,2,406,train
7,2,407,train
7,2,408,train
7,2,410,train
7,2,411,train
7,2,412,train
7,2,414,train
7,2,415,train
7,2,416,train
7,2,418,train
7,2,419,train
7,2,421,train
7,2,422,train
7,2,424,train
7,2,425,train
7,2,426,train
7,2,427,train
7,2,428,train
7,2,429,train
7,2,430,train
7,2,431,train
7,2,433,train
7,2,434,train
7,2,435,train
7,2,438,train
7,2,439,train
7,2,441,train
7,2,443,train
7,2,444,train
7,2,445,train
7,2,446,train
7,2,447,train
7,2,448,train
7,2,450,train
7,2,451,train
7,2,452,train
7,2,453,train
7,2,454,train
7,2,456,train
7,2,458,train
7,2,460,train
7,2,461,train
7,2,462,train
7,2,464,train
7,2,465,train
7,2,466,train
7,2,467,train
7,2,468,train
7,2,469,train
7,2,470,train
7,2,472,train
7,2,473,train
7,2,474,train
7,2,475,train
7,2,476,train
7,2,479,train
7,2,481,train
7,2,482,train
7,2,483,train
7,2,484,train
7,2,485,train
7,2,486,train
7,2,487,train
7,2,489,train
7,2,491,train
7,2,492,train
7,2,493,train
7,2,494,train
7,2,497,train
7,2,498,train
7,2,499,train
7,2,501,train
7,2,502,train
7,2,503,train
7,2,504,train
7,2,505,train
7,2,507,train
7,2,508,train
7,2,509,train
7,2,510,train
7,2,511,train
7,2,512,train
7,2,513,train
7,2,515,train
7,2,516,train
7,2,517,train
7,2,518,train
7,2,519,train
7,2,521,train
7,2,522,train
7,2,523,train
7,2,525,train
7,2,526,train
7,2,527,train
7,2,528,train
7,2,530,train
7,2,531,train
7,2,532,train
7,2,533,train
7,2,534,train
7,2,535,train
7,2,536,train
7,2,539,train
7,2,540,train
7,2,542,train
7,2,543,train
7,2,544,train
7,2,545,train
7,2,547,train
7,2,548,train
7,2,549,train
7,2,551,train
7,2,553,train
7,2,554,train
7,2,558,train
7,2,559,train
7,2,560,train
7,2,561,train
7,2,564,train
7,2,565,train
7,2,567,train
7,2,568,train
7,2,569,train
7,2,570,train
7,2,571,train
7,2,572,train
7,2,574,train
7,2,575,train
7,2,576,train
7,2,577,train
7,2,578,train
7,2,579,train
7,2,580,train
7,2,582,train
7,2,583,train
7,2,585,train
7,2,587,train
7,2,588,train
7,2,589,train
7,2,592,train
7,2,593,train
7,2,594,train
7,2,595,train
7,2,596,train
7,2,597,train
7,2,598,train
7,2,599,train
7,2,601,train
7,2,604,train
7,2,605,train
7,2,606,train
7,2,607,train
7,2,608,train
7,2,609,train
7,2,610,train
7,2,611,train
7,2,614,train
7,2,615,train
7,2,616,train
7,2,617,train
7,2,619,train
7,2,620,train
7,2,621,train
7,2,622,train
7,2,623,train
7,2,624,train
7,2,625,train
7,2,626,train
7,2,627,train
7,2,628,train
7,2,629,train
7,2,630,train
7,2,631,train
7,2,632,train
7,2,634,train
7,2,635,train
7,2,636,train
7,2,639,train
7,2,640,train
7,2,641,train
7,2,642,train
7,2,643,train
7,2,644,train
7,2,645,train
7,2,647,train
7,2,648,train
7,2,649,train
7,2,650,train
7,2,651,train
7,2,652,train
7,2,653,train
7,2,654,train
7,2,655,train
7,2,656,train
7,2,657,train
7,2,658,train
7,2,661,train
7,2,662,train
7,2,664,train
7,2,665,train
7,2,666,train
7,2,667,train
7,2,668,train
7,2,669,train
7,2,670,train
7,2,671,train
7,2,674,train
7,2,675,train
7,2,676,train
7,2,678,train
7,2,679,train
7,2,681,train
7,2,682,train
7,2,685,train
7,2,686,train
7,2,688,train
7,2,689,train
7,2,690,train
7,2,691,train
7,2,692,train
7,2,693,train
7,2,694,train
7,2,696,train
7,2,697,train
7,2,698,train
7,2,699,train
7,2,700,train
7,2,701,train
7,2,702,train
7,2,704,train
7,2,705,train
7,2,706,train
7,2,707,train
7,2,708,train
7,2,709,train
7,2,711,train
7,2,712,train
7,2,715,train
7,2,717,train
7,2,718,train
7,2,719,train
7,2,720,train
7,2,722,train
7,2,723,train
7,2,724,train
7,2,726,train
7,2,727,train
7,2,729,train
7,2,730,train
7,2,731,train
7,2,732,train
7,2,733,train
7,2,735,train
7,2,737,train
7,2,739,train
7,2,740,train
7,2,742,train
7,2,743,train
7,2,744,train
7,2,745,train
7,2,746,train
7,2,747,train
7,2,748,train
7,2,749,train
7,2,750,train
7,2,751,train
7,2,752,train
7,2,753,train
7,2,754,train
7,2,755,train
7,2,756,train
7,2,757,train
7,2,758,train
7,2,759,train
7,2,761,train
7,2,762,train
7,2,763,train
7,2,764,train
7,2,765,train
7,2,766,train
7,2,767,train
7,2,769,train
7,2,772,train
7,2,773,train
7,2,774,train
7,2,776,train
7,2,777,train
7,2,778,train
7,2,779,train
7,2,780,train
7,2,781,train
7,2,782,train
7,2,783,train
7,2,784,train
7,2,785,train
7,2,787,train
7,2,789,train
7,2,790,train
7,2,793,train
7,2,795,train
7,2,796,train
7,2,797,train
7,2,798,train
7,2,799,train
7,2,800,train
7,2,802,train
7,2,804,train
7,2,808,train
7,2,809,train
7,2,811,train
7,2,812,train
7,2,815,train
7,2,816,train
7,2,817,train
7,2,818,train
7,2,819,train
7,2,820,train
7,2,821,train
7,2,822,train
7,2,823,train
7,2,825,train
7,2,826,train
7,2,827,train
7,2,829,train
7,2,832,train
7,2,833,train
7,2,834,train
7,2,835,train
7,2,836,train
7,2,837,train
7,2,838,train
7,2,840,train
7,2,841,train
7,2,842,train
7,2,843,train
7,2,844,train
7,2,845,train
7,2,846,train
7,2,847,train
7,2,848,train
7,2,849,train
7,2,850,train
7,2,852,train
7,2,853,train
7,2,854,train
7,2,855,train
7,2,856,train
7,2,857,train
7,2,858,train
7,2,859,train
7,2,860,train
7,2,861,train
7,2,863,train
7,2,864,train
7,2,866,train
7,2,867,train
7,2,869,train
7,2,870,train
7,2,873,train
7,2,874,train
7,2,875,train
7,2,877,train
7,2,878,train
7,2,879,train
7,2,880,train
7,2,881,train
7,2,883,train
7,2,884,train
7,2,885,train
7,2,886,train
7,2,887,train
7,2,888,train
7,2,890,train
7,2,892,train
7,2,893,train
7,2,894,train
7,2,895,train
7,2,897,train
7,2,898,train
7,2,899,train
7,2,900,train
7,2,901,train
7,2,903,train
7,2,904,train
7,2,905,train
7,2,906,train
7,2,907,train
7,2,908,train
7,2,909,train
7,2,910,train
7,2,911,train
7,2,912,train
7,2,914,train
7,2,916,train
7,2,917,train
7,2,920,train
7,2,921,train
7,2,922,train
7,2,923,train
7,2,924,train
7,2,925,train
7,2,926,train
7,2,927,train
7,2,928,train
7,2,929,train
7,2,930,train
7,2,931,train
7,2,932,train
7,2,933,train
7,2,934,train
7,2,936,train
7,2,937,train
7,2,938,train
7,2,939,train
7,2,940,train
7,2,942,train
7,2,944,train
7,2,945,train
7,2,946,train
7,2,947,train
7,2,948,train
7,2,949,train
7,2,950,train
7,2,951,train
7,2,952,train
7,2,953,train
7,2,954,train
7,2,955,train
7,2,956,train
7,2,957,train
7,2,958,train
7,2,959,train
7,2,960,train
7,2,962,train
7,2,963,train
7,2,964,train
7,2,966,train
7,2,968,train
7,2,969,train
7,2,971,train
7,2,972,train
7,2,973,train
7,2,974,train
7,2,975,train
7,2,976,train
7,2,977,train
7,2,978,train
7,2,979,train
7,2,980,train
7,2,981,train
7,2,983,train
7,2,984,train
7,2,987,train
7,2,989,train
7,2,990,train
7,2,991,train
7,2,992,train
7,2,993,train
7,2,994,train
7,2,995,train
7,2,996,train
7,2,997,train
7,2,998,train
7,2,999,train
7,2,1001,train
7,2,1002,train
7,2,1003,train
7,2,1004,train
7,2,1005,train
7,2,1006,train
7,2,1007,train
7,2,1008,train
7,2,1009,train
7,2,1010,train
7,2,1011,train
7,2,1013,train
7,2,1014,train
7,2,1015,train
7,2,1016,train
7,2,1017,train
7,2,1018,train
7,2,1019,train
7,2,1020,train
7,2,1022,train
7,2,1024,train
7,2,1025,train
7,2,1026,train
7,2,1027,train
7,2,1028,train
7,2,1029,train
7,2,1030,train
7,2,1031,train
7,2,1032,train
7,2,1033,train
7,2,1034,train
7,2,1035,train
7,2,1037,train
7,2,1039,train
7,2,1040,train
7,2,1041,train
7,2,1042,train
7,2,1043,train
7,2,1044,train
7,2,1045,train
7,2,1046,train
7,2,1047,train
7,2,1048,train
7,2,1051,train
7,2,1052,train
7,2,1053,train
7,2,1054,train
7,2,1055,train
7,2,1056,train
7,2,1057,train
7,2,1058,train
7,2,1059,train
7,2,1060,train
7,2,1061,train
7,2,1062,train
7,2,1064,train
7,2,1065,train
7,2,1067,train
7,2,1068,train
7,2,1069,train
7,2,1070,train
7,2,1071,train
7,2,1072,train
7,2,1073,train
7,2,1074,train
7,2,1075,train
7,2,1076,train
7,2,1078,train
7,2,1079,train
7,2,1080,train
7,2,1081,train
7,2,1083,train
7,2,1084,train
7,2,1085,train
7,2,1086,train
7,2,1087,train
7,2,1088,train
7,2,1089,train
7,2,1090,train
7,2,1092,train
7,2,1093,train
7,2,1094,train
7,2,1095,train
7,2,1096,train
7,2,1097,train
7,2,1098,train
7,2,1099,train
7,2,0,valid
7,2,11,valid
7,2,12,valid
7,2,13,valid
7,2,27,valid
7,2,30,valid
7,2,32,valid
7,2,46,valid
7,2,49,valid
7,2,57,valid
7,2,77,valid
7,2,83,valid
7,2,96,valid
7,2,100,valid
7,2,114,valid
7,2,115,valid
7,2,116,valid
7,2,126,valid
7,2,127,valid
7,2,135,valid
7,2,142,valid
7,2,144,valid
7,2,148,valid
7,2,151,valid
7,2,162,valid
7,2,163,valid
7,2,165,valid
7,2,166,valid
7,2,179,valid
7,2,183,valid
7,2,200,valid
7,2,203,valid
7,2,207,valid
7,2,222,valid
7,2,230,valid
7,2,234,valid
7,2,237,valid
7,2,238,valid
7,2,240,valid
7,2,241,valid
7,2,247,valid
7,2,265,valid
7,2,268,valid
7,2,274,valid
7,2,280,valid
7,2,281,valid
7,2,283,valid
7,2,284,valid
7,2,287,valid
7,2,291,valid
7,2,292,valid
7,2,293,valid
7,2,294,valid
7,2,295,valid
7,2,299,valid
7,2,303,valid
7,2,307,valid
7,2,312,valid
7,2,314,valid
7,2,315,valid
7,2,317,valid
7,2,322,valid
7,2,328,valid
7,2,338,valid
7,2,340,valid
7,2,344,valid
7,2,349,valid
7,2,360,valid
7,2,362,valid
7,2,365,valid
7,2,369,valid
7,2,378,valid
7,2,381,valid
7,2,386,valid
7,2,392,valid
7,2,393,valid
7,2,399,valid
7,2,400,valid
7,2,401,valid
7,2,409,valid
7,2,413,valid
7,2,417,valid
7,2,420,valid
7,2,423,valid
7,2,432,valid
7,2,436,valid
7,2,437,valid
7,2,440,valid
7,2,442,valid
7,2,449,valid
7,2,455,valid
7,2,457,valid
7,2,459,valid
7,2,463,valid
7,2,471,valid
7,2,477,valid
7,2,478,valid
7,2,480,valid
7,2,488,valid
7,2,490,valid
7,2,495,valid
7,2,496,valid
7,2,500,valid
7,2,506,valid
7,2,514,valid
7,2,520,valid
7,2,524,valid
7,2,529,valid
7,2,537,valid
7,2,538,valid
7,2,541,valid
7,2,546,valid
7,2,550,valid
7,2,552,valid
7,2,555,valid
7,2,556,valid
7,2,557,valid
7,2,562,valid
7,2,563,valid
7,2,566,valid
7,2,573,valid
7,2,581,valid
7,2,584,valid
7,2,586,valid
7,2,590,valid
7,2,591,valid
7,2,600,valid
7,2,602,valid
7,2,603,valid
7,2,612,valid
7,2,613,valid
7,2,618,valid
7,2,633,valid
7,2,637,valid
7,2,638,valid
7,2,646,valid
7,2,659,valid
7,2,660,valid
7,2,663,valid
7,2,672,valid
7,2,673,valid
7,2,677,valid
7,2,680,valid
7,2,683,valid
7,2,684,valid
7,2,687,valid
7,2,695,valid
7,2,703,valid
7,2,710,valid
7,2,713,valid
7,2,714,valid
7,2,716,valid
7,2,721,valid
7,2,725,valid
7,2,728,valid
7,2,734,valid
7,2,736,valid
7,2,738,valid
7,2,741,valid
7,2,760,valid
7,2,768,valid
7,2,770,valid
7,2,771,valid
7,2,775,valid
7,2,786,valid
7,2,788,valid
7,2,791,valid
7,2,792,valid
7,2,794,valid
7,2,801,valid
7,2,803,valid
7,2,806,valid
7,2,807,valid
7,2,810,valid
7,2,813,valid
7,2,814,valid
7,2,824,valid
7,2,828,valid
7,2,830,valid
7,2,831,valid
7,2,839,valid
7,2,851,valid
7,2,862,valid
7,2,865,valid
7,2,868,valid
7,2,871,valid
7,2,872,valid
7,2,876,valid
7,2,882,valid
7,2,891,valid
7,2,896,valid
7,2,902,valid
7,2,913,valid
7,2,915,valid
7,2,918,valid
7,2,919,valid
7,2,935,valid
7,2,941,valid
7,2,943,valid
7,2,961,valid
7,2,965,valid
7,2,967,valid
7,2,970,valid
7,2,982,valid
7,2,985,valid
7,2,986,valid
7,2,988,valid
7,2,1000,valid
7,2,1012,valid
7,2,1021,valid
7,2,1023,valid
7,2,1036,valid
7,2,1038,valid
7,2,1049,valid
7,2,1050,valid
7,2,1063,valid
7,2,1066,valid
7,2,1077,valid
7,2,1082,valid
7,2,1091,valid
7,3,0,train
7,3,1,train
7,3,2,train
7,3,3,train
7,3,4,train
7,3,5,train
7,3,6,train
7,3,8,train
7,3,9,train
7,3,11,train
7,3,12,train
7,3,13,train
7,3,14,train
7,3,15,train
7,3,16,train
7,3,17,train
7,3,18,train
7,3,19,train
7,3,20,train
7,3,21,train
7,3,22,train
7,3,23,train
7,3,24,train
7,3,25,train
7,3,26,train
7,3,27,train
7,3,29,train
7,3,30,train
7,3,31,train
7,3,32,train
7,3,33,train
7,3,34,train
7,3,35,train
7,3,36,train
7,3,37,train
7,3,39,train
7,3,40,train
7,3,42,train
7,3,44,train
7,3,45,train
7,3,46,train
7,3,47,train
7,3,48,train
7,3,49,train
7,3,51,train
7,3,53,train
7,3,54,train
7,3,55,train
7,3,57,train
7,3,58,train
7,3,60,train
7,3,61,train
7,3,62,train
7,3,64,train
7,3,68,train
7,3,69,train
7,3,71,train
7,3,72,train
7,3,73,train
7,3,77,train
7,3,78,train
7,3,79,train
7,3,80,train
7,3,81,train
7,3,82,train
7,3,83,train
7,3,84,train
7,3,86,train
7,3,87,train
7,3,88,train
7,3,89,train
7,3,90,train
7,3,91,train
7,3,92,train
7,3,93,train
7,3,94,train
7,3,95,train
7,3,96,train
7,3,98,train
7,3,99,train
7,3,100,train
7,3,102,train
7,3,103,train
7,3,104,train
7,3,105,train
7,3,106,train
7,3,109,train
7,3,110,train
7,3,111,train
7,3,114,train
7,3,115,train
7,3,116,train
7,3,117,train
7,3,118,train
7,3,119,train
7,3,120,train
7,3,121,train
7,3,124,train
7,3,125,train
7,3,126,train
7,3,127,train
7,3,128,train
7,3,129,train
7,3,130,train
7,3,131,train
7,3,132,train
7,3,133,train
7,3,135,train
7,3,137,train
7,3,138,train
7,3,139,train
7,3,140,train
7,3,141,train
7,3,142,train
7,3,143,train
7,3,144,train
7,3,145,train
7,3,147,train
7,3,148,train
7,3,149,train
7,3,150,train
7,3,151,train
7,3,152,train
7,3,153,train
7,3,155,train
7,3,156,train
7,3,157,train
7,3,159,train
7,3,160,train
7,3,162,train
7,3,163,train
7,3,164,train
7,3,165,train
7,3,166,train
7,3,167,train
7,3,168,train
7,3,169,train
7,3,170,train
7,3,171,train
7,3,172,train
7,3,173,train
7,3,174,train
7,3,175,train
7,3,176,train
7,3,178,train
7,3,179,train
7,3,180,train
7,3,181,train
7,3,182,train
7,3,183,train
7,3,184,train
7,3,185,train
7,3,186,train
7,3,188,train
7,3,189,train
7,3,190,train
7,3,191,train
7,3,194,train
7,3,197,train
7,3,199,train
7,3,200,train
7,3,202,train
7,3,203,train
7,3,204,train
7,3,205,train
7,3,206,train
7,3,207,train
7,3,208,train
7,3,209,train
7,3,210,train
7,3,211,train
7,3,212,train
7,3,213,train
7,3,214,train
7,3,215,train
7,3,216,train
7,3,217,train
7,3,218,train
7,3,220,train
7,3,221,train
7,3,222,train
7,3,224,train
7,3,226,train
7,3,228,train
7,3,229,train
7,3,230,train
7,3,232,train
7,3,233,train
7,3,234,train
7,3,235,train
7,3,236,train
7,3,237,train
7,3,238,train
7,3,239,train
7,3,240,train
7,3,241,train
7,3,243,train
7,3,244,train
7,3,245,train
7,3,246,train
7,3,247,train
7,3,248,train
7,3,249,train
7,3,250,train
7,3,251,train
7,3,252,train
7,3,254,train
7,3,255,train
7,3,256,train
7,3,257,train
7,3,258,train
7,3,260,train
7,3,261,train
7,3,262,train
7,3,263,train
7,3,265,train
7,3,266,train
7,3,267,train
7,3,268,train
7,3,269,train
7,3,270,train
7,3,271,train
7,3,273,train
7,3,274,train
7,3,275,train
7,3,276,train
7,3,278,train
7,3,280,train
7,3,281,train
7,3,282,train
7,3,283,train
7,3,284,train
7,3,286,train
7,3,287,train
7,3,288,train
7,3,290,train
7,3,291,train
7,3,292,train
7,3,293,train
7,3,294,train
7,3,295,train
7,3,296,train
7,3,297,train
7,3,298,train
7,3,299,train
7,3,302,train
7,3,303,train
7,3,304,train
7,3,305,train
7,3,307,train
7,3,308,train
7,3,309,train
7,3,310,train
7,3,311,train
7,3,312,train
7,3,314,train
7,3,315,train
7,3,317,train
7,3,319,train
7,3,320,train
7,3,321,train
7,3,322,train
7,3,323,train
7,3,325,train
7,3,326,train
7,3,327,train
7,3,328,train
7,3,329,train
7,3,332,train
7,3,333,train
7,3,334,train
7,3,335,train
7,3,336,train
7,3,338,train
7,3,339,train
7,3,340,train
7,3,341,train
7,3,342,train
7,3,343,train
7,3,344,train
7,3,345,train
7,3,346,train
7,3,347,train
7,3,348,train
7,3,349,train
7,3,353,train
7,3,354,train
7,3,356,train
7,3,357,train
7,3,358,train
7,3,359,train
7,3,360,train
7,3,361,train
7,3,362,train
7,3,363,train
7,3,364,train
7,3,365,train
7,3,366,train
7,3,367,train
7,3,369,train
7,3,370,train
7,3,373,train
7,3,374,train
7,3,375,train
7,3,376,train
7,3,377,train
7,3,378,train
7,3,379,train
7,3,380,train
7,3,381,train
7,3,385,train
7,3,386,train
7,3,388,train
7,3,389,train
7,3,390,train
7,3,391,train
7,3,392,train
7,3,393,train
7,3,394,train
7,3,396,train
7,3,397,train
7,3,398,train
7,3,399,train
7,3,400,train
7,3,401,train
7,3,402,train
7,3,404,train
7,3,406,train
7,3,408,train
7,3,409,train
7,3,410,train
7,3,411,train
7,3,412,train
7,3,413,train
7,3,414,train
7,3,415,train
7,3,416,train
7,3,417,train
7,3,419,train
7,3,420,train
7,3,421,train
7,3,422,train
7,3,423,train
7,3,424,train
7,3,425,train
7,3,426,train
7,3,428,train
7,3,430,train
7,3,432,train
7,3,433,train
7,3,434,train
7,3,436,train
7,3,437,train
7,3,438,train
7,3,439,train
7,3,440,train
7,3,441,train
7,3,442,train
7,3,443,train
7,3,444,train
7,3,445,train
7,3,446,train
7,3,447,train
7,3,448,train
7,3,449,train
7,3,450,train
7,3,451,train
7,3,453,train
7,3,454,train
7,3,455,train
7,3,456,train
7,3,457,train
7,3,459,train
7,3,461,train
7,3,463,train
7,3,464,train
7,3,465,train
7,3,466,train
7,3,467,train
7,3,469,train
7,3,470,train
7,3,471,train
7,3,472,train
7,3,474,train
7,3,475,train
7,3,476,train
7,3,477,train
7,3,478,train
7,3,480,train
7,3,481,train
7,3,482,train
7,3,483,train
7,3,484,train
7,3,486,train
7,3,487,train
7,3,488,train
7,3,489,train
7,3,490,train
7,3,491,train
7,3,492,train
7,3,493,train
7,3,494,train
7,3,495,train
7,3,496,train
7,3,499,train
7,3,500,train
7,3,501,train
7,3,502,train
7,3,503,train
7,3,506,train
7,3,507,train
7,3,508,train
7,3,509,train
7,3,510,train
7,3,511,train
7,3,513,train
7,3,514,train
7,3,515,train
7,3,516,train
7,3,519,train
7,3,520,train
7,3,521,train
7,3,524,train
7,3,526,train
7,3,527,train
7,3,528,train
7,3,529,train
7,3,531,train
7,3,532,train
7,3,534,train
7,3,535,train
7,3,536,train
7,3,537,train
7,3,538,train
7,3,539,train
7,3,541,train
7,3,542,train
7,3,543,train
7,3,544,train
7,3,545,train
7,3,546,train
7,3,547,train
7,3,548,train
7,3,550,train
7,3,551,train
7,3,552,train
7,3,553,train
7,3,554,train
7,3,555,train
7,3,556,train
7,3,557,train
7,3,558,train
7,3,559,train
7,3,560,train
7,3,561,train
7,3,562,train
7,3,563,train
7,3,565,train
7,3,566,train
7,3,568,train
7,3,570,train
7,3,571,train
7,3,573,train
7,3,574,train
7,3,575,train
7,3,576,train
7,3,578,train
7,3,579,train
7,3,581,train
7,3,582,train
7,3,583,train
7,3,584,train
7,3,585,train
7,3,586,train
7,3,587,train
7,3,588,train
7,3,590,train
7,3,591,train
7,3,592,train
7,3,594,train
7,3,595,train
7,3,596,train
7,3,597,train
7,3,598,train
7,3,599,train
7,3,600,train
7,3,602,train
7,3,603,train
7,3,605,train
7,3,606,train
7,3,607,train
7,3,609,train
7,3,610,train
7,3,611,train
7,3,612,train
7,3,613,train
7,3,615,train
7,3,616,train
7,3,617,train
7,3,618,train
7,3,619,train
7,3,620,train
7,3,621,train
7,3,622,train
7,3,623,train
7,3,624,train
7,3,625,train
7,3,626,train
7,3,627,train
7,3,629,train
7,3,630,train
7,3,632,train
7,3,633,train
7,3,634,train
7,3,636,train
7,3,637,train
7,3,638,train
7,3,639,train
7,3,640,train
7,3,641,train
7,3,643,train
7,3,644,train
7,3,645,train
7,3,646,train
7,3,647,train
7,3,648,train
7,3,649,train
7,3,650,train
7,3,651,train
7,3,653,train
7,3,655,train
7,3,656,train
7,3,658,train
7,3,659,train
7,3,660,train
7,3,661,train
7,3,662,train
7,3,663,train
7,3,665,train
7,3,666,train
7,3,668,train
7,3,669,train
7,3,670,train
7,3,671,train
7,3,672,train
7,3,673,train
7,3,674,train
7,3,676,train
7,3,677,train
7,3,678,train
7,3,679,train
7,3,680,train
7,3,682,train
7,3,683,train
7,3,684,train
7,3,685,train
7,3,687,train
7,3,689,train
7,3,690,train
7,3,691,train
7,3,692,train
7,3,693,train
7,3,694,train
7,3,695,train
7,3,698,train
7,3,700,train
7,3,701,train
7,3,702,train
7,3,703,train
7,3,705,train
7,3,706,train
7,3,707,train
7,3,709,train
7,3,710,train
7,3,711,train
7,3,713,train
7,3,714,train
7,3,715,train
7,3,716,train
7,3,720,train
7,3,721,train
7,3,722,train
7,3,723,train
7,3,725,train
7,3,726,train
7,3,727,train
7,3,728,train
7,3,729,train
7,3,733,train
7,3,734,train
7,3,735,train
7,3,736,train
7,3,737,train
7,3,738,train
7,3,740,train
7,3,741,train
7,3,742,train
7,3,744,train
7,3,745,train
7,3,746,train
7,3,747,train
7,3,748,train
7,3,749,train
7,3,750,train
7,3,752,train
7,3,754,train
7,3,757,train
7,3,760,train
7,3,761,train
7,3,764,train
7,3,765,train
7,3,766,train
7,3,767,train
7,3,768,train
7,3,769,train
7,3,770,train
7,3,771,train
7,3,772,train
7,3,773,train
7,3,774,train
7,3,775,train
7,3,777,train
7,3,778,train
7,3,779,train
7,3,780,train
7,3,781,train
7,3,782,train
7,3,783,train
7,3,784,train
7,3,785,train
7,3,786,train
7,3,788,train
7,3,789,train
7,3,790,train
7,3,791,train
7,3,792,train
7,3,794,train
7,3,796,train
7,3,797,train
7,3,799,train
7,3,800,train
7,3,801,train
7,3,802,train
7,3,803,train
7,3,804,train
7,3,806,train
7,3,807,train
7,3,808,train
7,3,809,train
7,3,810,train
7,3,811,train
7,3,812,train
7,3,813,train
7,3,814,train
7,3,815,train
7,3,816,train
7,3,817,train
7,3,818,train
7,3,819,train
7,3,820,train
7,3,822,train
7,3,824,train
7,3,825,train
7,3,827,train
7,3,828,train
7,3,830,train
7,3,831,train
7,3,832,train
7,3,835,train
7,3,836,train
7,3,837,train
7,3,838,train
7,3,839,train
7,3,840,train
7,3,841,train
7,3,842,train
7,3,843,train
7,3,844,train
7,3,846,train
7,3,847,train
7,3,849,train
7,3,851,train
7,3,852,train
7,3,856,train
7,3,857,train
7,3,858,train
7,3,859,train
7,3,860,train
7,3,861,train
7,3,862,train
7,3,863,train
7,3,865,train
7,3,866,train
7,3,867,train
7,3,868,train
7,3,869,train
7,3,870,train
7,3,871,train
7,3,872,train
7,3,874,train
7,3,875,train
7,3,876,train
7,3,877,train
7,3,878,train
7,3,880,train
7,3,881,train
7,3,882,train
7,3,883,train
7,3,884,train
7,3,885,train
7,3,886,train
7,3,887,train
7,3,888,train
7,3,890,train
7,3,891,train
7,3,892,train
7,3,894,train
7,3,895,train
7,3,896,train
7,3,897,train
7,3,898,train
7,3,900,train
7,3,902,train
7,3,904,train
7,3,905,train
7,3,906,train
7,3,907,train
7,3,908,train
7,3,909,train
7,3,910,train
7,3,911,train
7,3,912,train
7,3,913,train
7,3,914,train
7,3,915,train
7,3,916,train
7,3,918,train
7,3,919,train
7,3,920,train
7,3,922,train
7,3,924,train
7,3,925,train
7,3,926,train
7,3,927,train
7,3,929,train
7,3,930,train
7,3,931,train
7,3,933,train
7,3,934,train
7,3,935,train
7,3,937,train
7,3,938,train
7,3,939,train
7,3,940,train
7,3,941,train
7,3,943,train
7,3,944,train
7,3,945,train
7,3,946,train
7,3,947,train
7,3,948,train
7,3,949,train
7,3,950,train
7,3,951,train
7,3,953,train
7,3,954,train
7,3,955,train
7,3,956,train
7,3,958,train
7,3,959,train
7,3,960,train
7,3,961,train
7,3,963,train
7,3,965,train
7,3,966,train
7,3,967,train
7,3,968,train
7,3,969,train
7,3,970,train
7,3,971,train
7,3,972,train
7,3,973,train
7,3,974,train
7,3,975,train
7,3,976,train
7,3,977,train
7,3,978,train
7,3,979,train
7,3,980,train
7,3,982,train
7,3,984,train
7,3,985,train
7,3,986,train
7,3,987,train
7,3,988,train
7,3,989,train
7,3,990,train
7,3,992,train
7,3,993,train
7,3,994,train
7,3,995,train
7,3,996,train
7,3,997,train
7,3,998,train
7,3,1000,train
7,3,1001,train
7,3,1002,train
7,3,1003,train
7,3,1004,train
7,3,1005,train
7,3,1006,train
7,3,1008,train
7,3,1010,train
7,3,1011,train
7,3,1012,train
7,3,1013,train
7,3,1014,train
7,3,1015,train
7,3,1016,train
7,3,1018,train
7,3,1020,train
7,3,1021,train
7,3,1022,train
7,3,1023,train
7,3,1024,train
7,3,1025,train
7,3,1027,train
7,3,1028,train
7,3,1029,train
7,3,1031,train
7,3,1032,train
7,3,1033,train
7,3,1034,train
7,3,1035,train
7,3,1036,train
7,3,1037,train
7,3,1038,train
7,3,1041,train
7,3,1042,train
7,3,1043,train
7,3,1046,train
7,3,1047,train
7,3,1048,train
7,3,1049,train
7,3,1050,train
7,3,1051,train
7,3,1054,train
7,3,1055,train
7,3,1056,train
7,3,1057,train
7,3,1058,train
7,3,1059,train
7,3,1060,train
7,3,1061,train
7,3,1063,train
7,3,1066,train
7,3,1067,train
7,3,1071,train
7,3,1073,train
7,3,1074,train
7,3,1076,train
7,3,1077,train
7,3,1079,train
7,3,1081,train
7,3,1082,train
7,3,1083,train
7,3,1084,train
7,3,1085,train
7,3,1086,train
7,3,1087,train
7,3,1088,train
7,3,1089,train
7,3,1090,train
7,3,1091,train
7,3,1092,train
7,3,1093,train
7,3,1096,train
7,3,1098,train
7,3,1099,train
7,3,7,valid
7,3,10,valid
7,3,28,valid
7,3,38,valid
7,3,41,valid
7,3,43,valid
7,3,50,valid
7,3,52,valid
7,3,56,valid
7,3,59,valid
7,3,63,valid
7,3,65,valid
7,3,66,valid
7,3,67,valid
7,3,70,valid
7,3,74,valid
7,3,75,valid
7,3,76,valid
7,3,85,valid
7,3,97,valid
7,3,101,valid
7,3,107,valid
7,3,108,valid
7,3,112,valid
7,3,113,valid
7,3,122,valid
7,3,123,valid
7,3,134,valid
7,3,136,valid
7,3,146,valid
7,3,154,valid
7,3,158,valid
7,3,161,valid
7,3,177,valid
7,3,187,valid
7,3,192,valid
7,3,193,valid
7,3,195,valid
7,3,196,valid
7,3,198,valid
7,3,201,valid
7,3,219,valid
7,3,223,valid
7,3,225,valid
7,3,227,valid
7,3,231,valid
7,3,242,valid
7,3,253,valid
7,3,259,valid
7,3,264,valid
7,3,272,valid
7,3,277,valid
7,3,279,valid
7,3,285,valid
7,3,289,valid
7,3,300,valid
7,3,301,valid
7,3,306,valid
7,3,313,valid
7,3,316,valid
7,3,318,valid
7,3,324,valid
7,3,330,valid
7,3,331,valid
7,3,337,valid
7,3,350,valid
7,3,351,valid
7,3,352,valid
7,3,355,valid
7,3,368,valid
7,3,371,valid
7,3,372,valid
7,3,382,valid
7,3,383,valid
7,3,384,valid
7,3,387,valid
7,3,395,valid
7,3,403,valid
7,3,405,valid
7,3,407,valid
7,3,418,valid
7,3,427,valid
7,3,429,valid
7,3,431,valid
7,3,435,valid
7,3,452,valid
7,3,458,valid
7,3,460,valid
7,3,462,valid
7,3,468,valid
7,3,473,valid
7,3,479,valid
7,3,485,valid
7,3,497,valid
7,3,498,valid
7,3,504,valid
7,3,505,valid
7,3,512,valid
7,3,517,valid
7,3,518,valid
7,3,522,valid
7,3,523,valid
7,3,525,valid
7,3,530,valid
7,3,533,valid
7,3,540,valid
7,3,549,valid
7,3,564,valid
7,3,567,valid
7,3,569,valid
7,3,572,valid
7,3,577,valid
7,3,580,valid
7,3,589,valid
7,3,593,valid
7,3,601,valid
7,3,604,valid
7,3,608,valid
7,3,614,valid
7,3,628,valid
7,3,631,valid
7,3,635,valid
7,3,642,valid
7,3,652,valid
7,3,654,valid
7,3,657,valid
7,3,664,valid
7,3,667,valid
7,3,675,valid
7,3,681,valid
7,3,686,valid
7,3,688,valid
7,3,696,valid
7,3,697,valid
7,3,699,valid
7,3,704,valid
7,3,708,valid
7,3,712,valid
7,3,717,valid
7,3,718,valid
7,3,719,valid
7,3,724,valid
7,3,730,valid
7,3,731,valid
7,3,732,valid
7,3,739,valid
7,3,743,valid
7,3,751,valid
7,3,753,valid
7,3,755,valid
7,3,756,valid
7,3,758,valid
7,3,759,valid
7,3,762,valid
7,3,763,valid
7,3,776,valid
7,3,787,valid
7,3,793,valid
7,3,795,valid
7,3,798,valid
7,3,821,valid
7,3,823,valid
7,3,826,valid
7,3,829,valid
7,3,833,valid
7,3,834,valid
7,3,845,valid
7,3,848,valid
7,3,850,valid
7,3,853,valid
7,3,854,valid
7,3,855,valid
7,3,864,valid
7,3,873,valid
7,3,879,valid
7,3,893,valid
7,3,899,valid
7,3,901,valid
7,3,903,valid
7,3,917,valid
7,3,921,valid
7,3,923,valid
7,3,928,valid
7,3,932,valid
7,3,936,valid
7,3,942,valid
7,3,952,valid
7,3,957,valid
7,3,962,valid
7,3,964,valid
7,3,981,valid
7,3,983,valid
7,3,991,valid
7,3,999,valid
7,3,1007,valid
7,3,1009,valid
7,3,1017,valid
7,3,1019,valid
7,3,1026,valid
7,3,1030,valid
7,3,1039,valid
7,3,1040,valid
7,3,1044,valid
7,3,1045,valid
7,3,1052,valid
7,3,1053,valid
7,3,1062,valid
7,3,1064,valid
7,3,1065,valid
7,3,1068,valid
7,3,1069,valid
7,3,1070,valid
7,3,1072,valid
7,3,1075,valid
7,3,1078,valid
7,3,1080,valid
7,3,1094,valid
7,3,1095,valid
7,3,1097,valid
7,4,0,train
7,4,1,train
7,4,2,train
7,4,3,train
7,4,4,train
7,4,5,train
7,4,6,train
7,4,7,train
7,4,8,train
7,4,9,train
7,4,10,train
7,4,11,train
7,4,12,train
7,4,13,train
7,4,16,train
7,4,18,train
7,4,19,train
7,4,20,train
7,4,22,train
7,4,23,train
7,4,24,train
7,4,25,train
7,4,26,train
7,4,27,train
7,4,28,train
7,4,29,train
7,4,30,train
7,4,32,train
7,4,33,train
7,4,34,train
7,4,37,train
7,4,38,train
7,4,39,train
7,4,40,train
7,4,41,train
7,4,42,train
7,4,43,train
7,4,45,train
7,4,46,train
7,4,48,train
7,4,49,train
7,4,50,train
7,4,51,train
7,4,52,train
7,4,53,train
7,4,54,train
7,4,55,train
7,4,56,train
7,4,57,train
7,4,58,train
7,4,59,train
7,4,60,train
7,4,61,train
7,4,62,train
7,4,63,train
7,4,64,train
7,4,65,train
7,4,66,train
7,4,67,train
7,4,69,train
7,4,70,train
7,4,71,train
7,4,72,train
7,4,74,train
7,4,75,train
7,4,76,train
7,4,77,train
7,4,78,train
7,4,79,train
7,4,83,train
7,4,84,train
7,4,85,train
7,4,86,train
7,4,87,train
7,4,88,train
7,4,89,train
7,4,94,train
7,4,95,train
7,4,96,train
7,4,97,train
7,4,98,train
7,4,99,train
7,4,100,train
7,4,101,train
7,4,102,train
7,4,103,train
7,4,104,train
7,4,106,train
7,4,107,train
7,4,108,train
7,4,109,train
7,4,110,train
7,4,111,train
7,4,112,train
7,4,113,train
7,4,114,train
7,4,115,train
7,4,116,train
7,4,118,train
7,4,119,train
7,4,120,train
7,4,121,train
7,4,122,train
7,4,123,train
7,4,124,train
7,4,125,train
7,4,126,train
7,4,127,train
7,4,128,train
7,4,129,train
7,4,130,train
7,4,131,train
7,4,132,train
7,4,134,train
7,4,135,train
7,4,136,train
7,4,137,train
7,4,138,train
7,4,139,train
7,4,140,train
7,4,142,train
7,4,143,train
7,4,144,train
7,4,145,train
7,4,146,train
7,4,147,train
7,4,148,train
7,4,149,train
7,4,150,train
7,4,151,train
7,4,152,train
7,4,153,train
7,4,154,train
7,4,156,train
7,4,157,train
7,4,158,train
7,4,161,train
7,4,162,train
7,4,163,train
7,4,164,train
7,4,165,train
7,4,166,train
7,4,168,train
7,4,169,train
7,4,171,train
7,4,172,train
7,4,173,train
7,4,174,train
7,4,175,train
7,4,176,train
7,4,177,train
7,4,179,train
7,4,180,train
7,4,183,train
7,4,184,train
7,4,185,train
7,4,187,train
7,4,188,train
7,4,190,train
7,4,191,train
7,4,192,train
7,4,193,train
7,4,194,train
7,4,195,train
7,4,196,train
7,4,197,train
7,4,198,train
7,4,199,train
7,4,200,train
7,4,201,train
7,4,202,train
7,4,203,train
7,4,205,train
7,4,207,train
7,4,208,train
7,4,209,train
7,4,210,train
7,4,212,train
7,4,215,train
7,4,216,train
7,4,217,train
7,4,219,train
7,4,221,train
7,4,222,train
7,4,223,train
7,4,224,train
7,4,225,train
7,4,226,train
7,4,227,train
7,4,228,train
7,4,230,train
7,4,231,train
7,4,233,train
7,4,234,train
7,4,235,train
7,4,236,train
7,4,237,train
7,4,238,train
7,4,240,train
7,4,241,train
7,4,242,train
7,4,244,train
7,4,245,train
7,4,247,train
7,4,248,train
7,4,250,train
7,4,252,train
7,4,253,train
7,4,255,train
7,4,256,train
7,4,257,train
7,4,258,train
7,4,259,train
7,4,260,train
7,4,262,train
7,4,263,train
7,4,264,train
7,4,265,train
7,4,266,train
7,4,268,train
7,4,269,train
7,4,270,train
7,4,271,train
7,4,272,train
7,4,273,train
7,4,274,train
7,4,275,train
7,4,277,train
7,4,279,train
7,4,280,train
7,4,281,train
7,4,283,train
7,4,284,train
7,4,285,train
7,4,286,train
7,4,287,train
7,4,288,train
7,4,289,train
7,4,291,train
7,4,292,train
7,4,293,train
7,4,294,train
7,4,295,train
7,4,296,train
7,4,297,train
7,4,299,train
7,4,300,train
7,4,301,train
7,4,303,train
7,4,304,train
7,4,305,train
7,4,306,train
7,4,307,train
7,4,308,train
7,4,309,train
7,4,311,train
7,4,312,train
7,4,313,train
7,4,314,train
7,4,315,train
7,4,316,train
7,4,317,train
7,4,318,train
7,4,319,train
7,4,322,train
7,4,323,train
7,4,324,train
7,4,325,train
7,4,326,train
7,4,327,train
7,4,328,train
7,4,329,train
7,4,330,train
7,4,331,train
7,4,332,train
7,4,333,train
7,4,334,train
7,4,335,train
7,4,337,train
7,4,338,train
7,4,339,train
7,4,340,train
7,4,341,train
7,4,342,train
7,4,344,train
7,4,345,train
7,4,346,train
7,4,347,train
7,4,348,train
7,4,349,train
7,4,350,train
7,4,351,train
7,4,352,train
7,4,353,train
7,4,354,train
7,4,355,train
7,4,357,train
7,4,358,train
7,4,359,train
7,4,360,train
7,4,362,train
7,4,363,train
7,4,364,train
7,4,365,train
7,4,366,train
7,4,367,train
7,4,368,train
7,4,369,train
7,4,370,train
7,4,371,train
7,4,372,train
7,4,373,train
7,4,374,train
7,4,377,train
7,4,378,train
7,4,379,train
7,4,380,train
7,4,381,train
7,4,382,train
7,4,383,train
7,4,384,train
7,4,386,train
7,4,387,train
7,4,391,train
7,4,392,train
7,4,393,train
7,4,394,train
7,4,395,train
7,4,398,train
7,4,399,train
7,4,400,train
7,4,401,train
7,4,402,train
7,4,403,train
7,4,404,train
7,4,405,train
7,4,406,train
7,4,407,train
7,4,409,train
7,4,410,train
7,4,413,train
7,4,416,train
7,4,417,train
7,4,418,train
7,4,419,train
7,4,420,train
7,4,421,train
7,4,422,train
7,4,423,train
7,4,424,train
7,4,425,train
7,4,426,train
7,4,427,train
7,4,428,train
7,4,429,train
7,4,430,train
7,4,431,train
7,4,432,train
7,4,434,train
7,4,435,train
7,4,436,train
7,4,437,train
7,4,439,train
7,4,440,train
7,4,441,train
7,4,442,train
7,4,444,train
7,4,446,train
7,4,447,train
7,4,448,train
7,4,449,train
7,4,450,train
7,4,451,train
7,4,452,train
7,4,453,train
7,4,454,train
7,4,455,train
7,4,456,train
7,4,457,train
7,4,458,train
7,4,459,train
7,4,460,train
7,4,461,train
7,4,462,train
7,4,463,train
7,4,468,train
7,4,471,train
7,4,473,train
7,4,475,train
7,4,476,train
7,4,477,train
7,4,478,train
7,4,479,train
7,4,480,train
7,4,481,train
7,4,482,train
7,4,483,train
7,4,485,train
7,4,487,train
7,4,488,train
7,4,489,train
7,4,490,train
7,4,491,train
7,4,492,train
7,4,493,train
7,4,495,train
7,4,496,train
7,4,497,train
7,4,498,train
7,4,499,train
7,4,500,train
7,4,504,train
7,4,505,train
7,4,506,train
7,4,507,train
7,4,508,train
7,4,510,train
7,4,511,train
7,4,512,train
7,4,513,train
7,4,514,train
7,4,515,train
7,4,517,train
7,4,518,train
7,4,520,train
7,4,521,train
7,4,522,train
7,4,523,train
7,4,524,train
7,4,525,train
7,4,526,train
7,4,528,train
7,4,529,train
7,4,530,train
7,4,532,train
7,4,533,train
7,4,534,train
7,4,535,train
7,4,536,train
7,4,537,train
7,4,538,train
7,4,540,train
7,4,541,train
7,4,542,train
7,4,544,train
7,4,546,train
7,4,547,train
7,4,548,train
7,4,549,train
7,4,550,train
7,4,552,train
7,4,554,train
7,4,555,train
7,4,556,train
7,4,557,train
7,4,560,train
7,4,561,train
7,4,562,train
7,4,563,train
7,4,564,train
7,4,565,train
7,4,566,train
7,4,567,train
7,4,568,train
7,4,569,train
7,4,570,train
7,4,571,train
7,4,572,train
7,4,573,train
7,4,574,train
7,4,575,train
7,4,576,train
7,4,577,train
7,4,579,train
7,4,580,train
7,4,581,train
7,4,582,train
7,4,583,train
7,4,584,train
7,4,586,train
7,4,587,train
7,4,589,train
7,4,590,train
7,4,591,train
7,4,592,train
7,4,593,train
7,4,595,train
7,4,598,train
7,4,599,train
7,4,600,train
7,4,601,train
7,4,602,train
7,4,603,train
7,4,604,train
7,4,605,train
7,4,606,train
7,4,608,train
7,4,609,train
7,4,610,train
7,4,611,train
7,4,612,train
7,4,613,train
7,4,614,train
7,4,615,train
7,4,616,train
7,4,618,train
7,4,619,train
7,4,620,train
7,4,621,train
7,4,623,train
7,4,624,train
7,4,626,train
7,4,628,train
7,4,629,train
7,4,630,train
7,4,631,train
7,4,633,train
7,4,634,train
7,4,635,train
7,4,636,train
7,4,637,train
7,4,638,train
7,4,639,train
7,4,641,train
7,4,642,train
7,4,643,train
7,4,644,train
7,4,645,train
7,4,646,train
7,4,650,train
7,4,651,train
7,4,652,train
7,4,653,train
7,4,654,train
7,4,655,train
7,4,656,train
7,4,657,train
7,4,658,train
7,4,659,train
7,4,660,train
7,4,661,train
7,4,663,train
7,4,664,train
7,4,666,train
7,4,667,train
7,4,668,train
7,4,671,train
7,4,672,train
7,4,673,train
7,4,675,train
7,4,676,train
7,4,677,train
7,4,678,train
7,4,679,train
7,4,680,train
7,4,681,train
7,4,682,train
7,4,683,train
7,4,684,train
7,4,685,train
7,4,686,train
7,4,687,train
7,4,688,train
7,4,691,train
7,4,693,train
7,4,694,train
7,4,695,train
7,4,696,train
7,4,697,train
7,4,698,train
7,4,699,train
7,4,703,train
7,4,704,train
7,4,705,train
7,4,707,train
7,4,708,train
7,4,709,train
7,4,710,train
7,4,711,train
7,4,712,train
7,4,713,train
7,4,714,train
7,4,715,train
7,4,716,train
7,4,717,train
7,4,718,train
7,4,719,train
7,4,721,train
7,4,723,train
7,4,724,train
7,4,725,train
7,4,726,train
7,4,728,train
7,4,730,train
7,4,731,train
7,4,732,train
7,4,733,train
7,4,734,train
7,4,735,train
7,4,736,train
7,4,738,train
7,4,739,train
7,4,740,train
7,4,741,train
7,4,743,train
7,4,744,train
7,4,745,train
7,4,747,train
7,4,748,train
7,4,750,train
7,4,751,train
7,4,752,train
7,4,753,train
7,4,754,train
7,4,755,train
7,4,756,train
7,4,757,train
7,4,758,train
7,4,759,train
7,4,760,train
7,4,761,train
7,4,762,train
7,4,763,train
7,4,764,train
7,4,765,train
7,4,767,train
7,4,768,train
7,4,769,train
7,4,770,train
7,4,771,train
7,4,773,train
7,4,774,train
7,4,775,train
7,4,776,train
7,4,777,train
7,4,779,train
7,4,780,train
7,4,784,train
7,4,785,train
7,4,786,train
7,4,787,train
7,4,788,train
7,4,791,train
7,4,792,train
7,4,793,train
7,4,794,train
7,4,795,train
7,4,796,train
7,4,798,train
7,4,800,train
7,4,801,train
7,4,803,train
7,4,804,train
7,4,806,train
7,4,807,train
7,4,809,train
7,4,810,train
7,4,811,train
7,4,812,train
7,4,813,train
7,4,814,train
7,4,816,train
7,4,817,train
7,4,819,train
7,4,821,train
7,4,822,train
7,4,823,train
7,4,824,train
7,4,826,train
7,4,828,train
7,4,829,train
7,4,830,train
7,4,831,train
7,4,832,train
7,4,833,train
7,4,834,train
7,4,837,train
7,4,838,train
7,4,839,train
7,4,841,train
7,4,842,train
7,4,843,train
7,4,844,train
7,4,845,train
7,4,846,train
7,4,847,train
7,4,848,train
7,4,849,train
7,4,850,train
7,4,851,train
7,4,852,train
7,4,853,train
7,4,854,train
7,4,855,train
7,4,857,train
7,4,860,train
7,4,861,train
7,4,862,train
7,4,863,train
7,4,864,train
7,4,865,train
7,4,866,train
7,4,868,train
7,4,871,train
7,4,872,train
7,4,873,train
7,4,874,train
7,4,875,train
7,4,876,train
7,4,878,train
7,4,879,train
7,4,880,train
7,4,882,train
7,4,883,train
7,4,884,train
7,4,886,train
7,4,887,train
7,4,891,train
7,4,892,train
7,4,893,train
7,4,895,train
7,4,896,train
7,4,898,train
7,4,899,train
7,4,900,train
7,4,901,train
7,4,902,train
7,4,903,train
7,4,904,train
7,4,906,train
7,4,907,train
7,4,908,train
7,4,909,train
7,4,911,train
7,4,913,train
7,4,914,train
7,4,915,train
7,4,916,train
7,4,917,train
7,4,918,train
7,4,919,train
7,4,920,train
7,4,921,train
7,4,922,train
7,4,923,train
7,4,924,train
7,4,925,train
7,4,926,train
7,4,927,train
7,4,928,train
7,4,929,train
7,4,930,train
7,4,931,train
7,4,932,train
7,4,935,train
7,4,936,train
7,4,937,train
7,4,939,train
7,4,940,train
7,4,941,train
7,4,942,train
7,4,943,train
7,4,944,train
7,4,946,train
7,4,947,train
7,4,949,train
7,4,950,train
7,4,952,train
7,4,954,train
7,4,955,train
7,4,957,train
7,4,958,train
7,4,959,train
7,4,960,train
7,4,961,train
7,4,962,train
7,4,964,train
7,4,965,train
7,4,966,train
7,4,967,train
7,4,969,train
7,4,970,train
7,4,971,train
7,4,974,train
7,4,975,train
7,4,977,train
7,4,979,train
7,4,981,train
7,4,982,train
7,4,983,train
7,4,984,train
7,4,985,train
7,4,986,train
7,4,988,train
7,4,989,train
7,4,990,train
7,4,991,train
7,4,994,train
7,4,997,train
7,4,998,train
7,4,999,train
7,4,1000,train
7,4,1001,train
7,4,1003,train
7,4,1004,train
7,4,1005,train
7,4,1006,train
7,4,1007,train
7,4,1008,train
7,4,1009,train
7,4,1011,train
7,4,1012,train
7,4,1013,train
7,4,1015,train
7,4,1016,train
7,4,1017,train
7,4,1019,train
7,4,1021,train
7,4,1022,train
7,4,1023,train
7,4,1024,train
7,4,1026,train
7,4,1027,train
7,4,1028,train
7,4,1030,train
7,4,1035,train
7,4,1036,train
7,4,1037,train
7,4,1038,train
7,4,1039,train
7,4,1040,train
7,4,1041,train
7,4,1042,train
7,4,1044,train
7,4,1045,train
7,4,1046,train
7,4,1048,train
7,4,1049,train
7,4,1050,train
7,4,1051,train
7,4,1052,train
7,4,1053,train
7,4,1054,train
7,4,1055,train
7,4,1056,train
7,4,1059,train
7,4,1060,train
7,4,1062,train
7,4,1063,train
7,4,1064,train
7,4,1065,train
7,4,1066,train
7,4,1068,train
7,4,1069,train
7,4,1070,train
7,4,1071,train
7,4,1072,train
7,4,1074,train
7,4,1075,train
7,4,1076,train
7,4,1077,train
7,4,1078,train
7,4,1079,train
7,4,1080,train
7,4,1081,train
7,4,1082,train
7,4,1083,train
7,4,1084,train
7,4,1085,train
7,4,1086,train
7,4,1087,train
7,4,1090,train
7,4,1091,train
7,4,1092,train
7,4,1094,train
7,4,1095,train
7,4,1097,train
7,4,1098,train
7,4,1099,train
7,4,14,valid
7,4,15,valid
7,4,17,valid
7,4,21,valid
7,4,31,valid
7,4,35,valid
7,4,36,valid
7,4,44,valid
7,4,47,valid
7,4,68,valid
7,4,73,valid
7,4,80,valid
7,4,81,valid
7,4,82,valid
7,4,90,valid
7,4,91,valid
7,4,92,valid
7,4,93,valid
7,4,105,valid
7,4,117,valid
7,4,133,valid
7,4,141,valid
7,4,155,valid
7,4,159,valid
7,4,160,valid
7,4,167,valid
7,4,170,valid
7,4,178,valid
7,4,181,valid
7,4,182,valid
7,4,186,valid
7,4,189,valid
7,4,204,valid
7,4,206,valid
7,4,211,valid
7,4,213,valid
7,4,214,valid
7,4,218,valid
7,4,220,valid
7,4,229,valid
7,4,232,valid
7,4,239,valid
7,4,243,valid
7,4,246,valid
7,4,249,valid
7,4,251,valid
7,4,254,valid
7,4,261,valid
7,4,267,valid
7,4,276,valid
7,4,278,valid
7,4,282,valid
7,4,290,valid
7,4,298,valid
7,4,302,valid
7,4,310,valid
7,4,320,valid
7,4,321,valid
7,4,336,valid
7,4,343,valid
7,4,356,valid
7,4,361,valid
7,4,375,valid
7,4,376,valid
7,4,385,valid
7,4,388,valid
7,4,389,valid
7,4,390,valid
7,4,396,valid
7,4,397,valid
7,4,408,valid
7,4,411,valid
7,4,412,valid
7,4,414,valid
7,4,415,valid
7,4,433,valid
7,4,438,valid
7,4,443,valid
7,4,445,valid
7,4,464,valid
7,4,465,valid
7,4,466,valid
7,4,467,valid
7,4,469,valid
7,4,470,valid
7,4,472,valid
7,4,474,valid
7,4,484,valid
7,4,486,valid
7,4,494,valid
7,4,501,valid
7,4,502,valid
7,4,503,valid
7,4,509,valid
7,4,516,valid
7,4,519,valid
7,4,527,valid
7,4,531,valid
7,4,539,valid
7,4,543,valid
7,4,545,valid
7,4,551,valid
7,4,553,valid
7,4,558,valid
7,4,559,valid
7,4,578,valid
7,4,585,valid
7,4,588,valid
7,4,594,valid
7,4,596,valid
7,4,597,valid
7,4,607,valid
7,4,617,valid
7,4,622,valid
7,4,625,valid
7,4,627,valid
7,4,632,valid
7,4,640,valid
7,4,647,valid
7,4,648,valid
7,4,649,valid
7,4,662,valid
7,4,665,valid
7,4,669,valid
7,4,670,valid
7,4,674,valid
7,4,689,valid
7,4,690,valid
7,4,692,valid
7,4,700,valid
7,4,701,valid
7,4,702,valid
7,4,706,valid
7,4,720,valid
7,4,722,valid
7,4,727,valid
7,4,729,valid
7,4,737,valid
7,4,742,valid
7,4,746,valid
7,4,749,valid
7,4,766,valid
7,4,772,valid
7,4,778,valid
7,4,781,valid
7,4,782,valid
7,4,783,valid
7,4,789,valid
7,4,790,valid
7,4,797,valid
7,4,799,valid
7,4,802,valid
7,4,808,valid
7,4,815,valid
7,4,818,valid
7,4,820,valid
7,4,825,valid
7,4,827,valid
7,4,835,valid
7,4,836,valid
7,4,840,valid
7,4,856,valid
7,4,858,valid
7,4,859,valid
7,4,867,valid
7,4,869,valid
7,4,870,valid
7,4,877,valid
7,4,881,valid
7,4,885,valid
7,4,888,valid
7,4,890,valid
7,4,894,valid
7,4,897,valid
7,4,905,valid
7,4,910,valid
7,4,912,valid
7,4,933,valid
7,4,934,valid
7,4,938,valid
7,4,945,valid
7,4,948,valid
7,4,951,valid
7,4,953,valid
7,4,956,valid
7,4,963,valid
7,4,968,valid
7,4,972,valid
7,4,973,valid
7,4,976,valid
7,4,978,valid
7,4,980,valid
7,4,987,valid
7,4,992,valid
7,4,993,valid
7,4,995,valid
7,4,996,valid
7,4,1002,valid
7,4,1010,valid
7,4,1014,valid
7,4,1018,valid
7,4,1020,valid
7,4,1025,valid
7,4,1029,valid
7,4,1031,valid
7,4,1032,valid
7,4,1033,valid
7,4,1034,valid
7,4,1043,valid
7,4,1047,valid
7,4,1057,valid
7,4,1058,valid
7,4,1061,valid
7,4,1067,valid
7,4,1073,valid
7,4,1088,valid
7,4,1089,valid
7,4,1093,valid
7,4,1096,valid
8,0,1,train
8,0,2,train
8,0,4,train
8,0,5,train
8,0,6,train
8,0,7,train
8,0,8,train
8,0,10,train
8,0,11,train
8,0,12,train
8,0,13,train
8,0,14,train
8,0,15,train
8,0,16,train
8,0,19,train
8,0,21,train
8,0,22,train
8,0,23,train
8,0,24,train
8,0,25,train
8,0,26,train
8,0,28,train
8,0,29,train
8,0,30,train
8,0,31,train
8,0,32,train
8,0,33,train
8,0,35,train
8,0,36,train
8,0,37,train
8,0,39,train
8,0,41,train
8,0,42,train
8,0,44,train
8,0,45,train
8,0,46,train
8,0,47,train
8,0,48,train
8,0,49,train
8,0,50,train
8,0,51,train
8,0,52,train
8,0,53,train
8,0,56,train
8,0,57,train
8,0,58,train
8,0,59,train
8,0,60,train
8,0,61,train
8,0,63,train
8,0,64,train
8,0,65,train
8,0,68,train
8,0,70,train
8,0,75,train
8,0,76,train
8,0,77,train
8,0,78,train
8,0,79,train
8,0,81,train
8,0,82,train
8,0,84,train
8,0,86,train
8,0,89,train
8,0,90,train
8,0,91,train
8,0,92,train
8,0,94,train
8,0,95,train
8,0,97,train
8,0,99,train
8,0,100,train
8,0,102,train
8,0,103,train
8,0,104,train
8,0,105,train
8,0,106,train
8,0,107,train
8,0,108,train
8,0,110,train
8,0,112,train
8,0,113,train
8,0,114,train
8,0,115,train
8,0,116,train
8,0,117,train
8,0,118,train
8,0,119,train
8,0,120,train
8,0,121,train
8,0,122,train
8,0,123,train
8,0,124,train
8,0,127,train
8,0,130,train
8,0,131,train
8,0,135,train
8,0,136,train
8,0,137,train
8,0,141,train
8,0,143,train
8,0,145,train
8,0,147,train
8,0,148,train
8,0,149,train
8,0,150,train
8,0,151,train
8,0,152,train
8,0,154,train
8,0,155,train
8,0,156,train
8,0,157,train
8,0,158,train
8,0,159,train
8,0,160,train
8,0,161,train
8,0,162,train
8,0,163,train
8,0,164,train
8,0,165,train
8,0,166,train
8,0,167,train
8,0,169,train
8,0,170,train
8,0,171,train
8,0,172,train
8,0,173,train
8,0,175,train
8,0,176,train
8,0,178,train
8,0,179,train
8,0,180,train
8,0,181,train
8,0,182,train
8,0,183,train
8,0,184,train
8,0,185,train
8,0,186,train
8,0,187,train
8,0,188,train
8,0,189,train
8,0,190,train
8,0,191,train
8,0,192,train
8,0,193,train
8,0,196,train
8,0,197,train
8,0,198,train
8,0,199,train
8,0,200,train
8,0,201,train
8,0,202,train
8,0,204,train
8,0,206,train
8,0,207,train
8,0,208,train
8,0,209,train
8,0,210,train
8,0,211,train
8,0,212,train
8,0,213,train
8,0,214,train
8,0,215,train
8,0,216,train
8,0,217,train
8,0,218,train
8,0,219,train
8,0,220,train
8,0,221,train
8,0,222,train
8,0,223,train
8,0,224,train
8,0,226,train
8,0,227,train
8,0,228,train
8,0,229,train
8,0,230,train
8,0,231,train
8,0,232,train
8,0,233,train
8,0,234,train
8,0,236,train
8,0,237,train
8,0,239,train
8,0,240,train
8,0,241,train
8,0,242,train
8,0,243,train
8,0,244,train
8,0,245,train
8,0,246,train
8,0,247,train
8,0,248,train
8,0,249,train
8,0,251,train
8,0,252,train
8,0,255,train
8,0,256,train
8,0,257,train
8,0,258,train
8,0,259,train
8,0,260,train
8,0,261,train
8,0,262,train
8,0,263,train
8,0,264,train
8,0,265,train
8,0,266,train
8,0,267,train
8,0,269,train
8,0,270,train
8,0,271,train
8,0,272,train
8,0,273,train
8,0,274,train
8,0,276,train
8,0,277,train
8,0,278,train
8,0,279,train
8,0,280,train
8,0,281,train
8,0,282,train
8,0,284,train
8,0,285,train
8,0,286,train
8,0,287,train
8,0,289,train
8,0,290,train
8,0,292,train
8,0,293,train
8,0,294,train
8,0,295,train
8,0,296,train
8,0,297,train
8,0,298,train
8,0,299,train
8,0,300,train
8,0,301,train
8,0,302,train
8,0,303,train
8,0,304,train
8,0,305,train
8,0,306,train
8,0,307,train
8,0,309,train
8,0,310,train
8,0,311,train
8,0,312,train
8,0,313,train
8,0,314,train
8,0,315,train
8,0,316,train
8,0,317,train
8,0,318,train
8,0,319,train
8,0,321,train
8,0,322,train
8,0,323,train
8,0,324,train
8,0,325,train
8,0,327,train
8,0,328,train
8,0,329,train
8,0,332,train
8,0,333,train
8,0,334,train
8,0,335,train
8,0,336,train
8,0,337,train
8,0,338,train
8,0,339,train
8,0,340,train
8,0,341,train
8,0,342,train
8,0,343,train
8,0,344,train
8,0,345,train
8,0,346,train
8,0,347,train
8,0,348,train
8,0,349,train
8,0,350,train
8,0,351,train
8,0,352,train
8,0,353,train
8,0,354,train
8,0,356,train
8,0,357,train
8,0,359,train
8,0,360,train
8,0,361,train
8,0,362,train
8,0,363,train
8,0,364,train
8,0,365,train
8,0,367,train
8,0,368,train
8,0,370,train
8,0,371,train
8,0,372,train
8,0,373,train
8,0,374,train
8,0,376,train
8,0,377,train
8,0,378,train
8,0,379,train
8,0,382,train
8,0,386,train
8,0,387,train
8,0,388,train
8,0,389,train
8,0,390,train
8,0,391,train
8,0,393,train
8,0,394,train
8,0,395,train
8,0,396,train
8,0,397,train
8,0,398,train
8,0,399,train
8,0,400,train
8,0,401,train
8,0,402,train
8,0,403,train
8,0,404,train
8,0,405,train
8,0,406,train
8,0,407,train
8,0,409,train
8,0,410,train
8,0,411,train
8,0,413,train
8,0,414,train
8,0,415,train
8,0,416,train
8,0,417,train
8,0,421,train
8,0,422,train
8,0,424,train
8,0,425,train
8,0,426,train
8,0,427,train
8,0,429,train
8,0,430,train
8,0,431,train
8,0,432,train
8,0,434,train
8,0,435,train
8,0,436,train
8,0,437,train
8,0,439,train
8,0,440,train
8,0,441,train
8,0,443,train
8,0,444,train
8,0,445,train
8,0,446,train
8,0,447,train
8,0,448,train
8,0,450,train
8,0,451,train
8,0,452,train
8,0,453,train
8,0,454,train
8,0,455,train
8,0,456,train
8,0,457,train
8,0,458,train
8,0,460,train
8,0,461,train
8,0,462,train
8,0,463,train
8,0,464,train
8,0,466,train
8,0,467,train
8,0,468,train
8,0,469,train
8,0,471,train
8,0,472,train
8,0,473,train
8,0,475,train
8,0,477,train
8,0,478,train
8,0,479,train
8,0,480,train
8,0,481,train
8,0,482,train
8,0,483,train
8,0,484,train
8,0,485,train
8,0,487,train
8,0,488,train
8,0,489,train
8,0,490,train
8,0,491,train
8,0,492,train
8,0,495,train
8,0,496,train
8,0,497,train
8,0,498,train
8,0,499,train
8,0,500,train
8,0,503,train
8,0,504,train
8,0,505,train
8,0,506,train
8,0,507,train
8,0,508,train
8,0,510,train
8,0,511,train
8,0,512,train
8,0,514,train
8,0,515,train
8,0,516,train
8,0,517,train
8,0,518,train
8,0,519,train
8,0,520,train
8,0,522,train
8,0,523,train
8,0,525,train
8,0,527,train
8,0,528,train
8,0,530,train
8,0,531,train
8,0,534,train
8,0,535,train
8,0,536,train
8,0,537,train
8,0,538,train
8,0,539,train
8,0,541,train
8,0,542,train
8,0,543,train
8,0,544,train
8,0,546,train
8,0,549,train
8,0,550,train
8,0,551,train
8,0,552,train
8,0,553,train
8,0,554,train
8,0,555,train
8,0,556,train
8,0,557,train
8,0,558,train
8,0,559,train
8,0,560,train
8,0,561,train
8,0,562,train
8,0,563,train
8,0,564,train
8,0,565,train
8,0,566,train
8,0,568,train
8,0,569,train
8,0,570,train
8,0,571,train
8,0,572,train
8,0,573,train
8,0,576,train
8,0,577,train
8,0,578,train
8,0,579,train
8,0,580,train
8,0,581,train
8,0,582,train
8,0,583,train
8,0,585,train
8,0,587,train
8,0,588,train
8,0,589,train
8,0,590,train
8,0,591,train
8,0,592,train
8,0,593,train
8,0,594,train
8,0,595,train
8,0,596,train
8,0,597,train
8,0,600,train
8,0,602,train
8,0,604,train
8,0,605,train
8,0,606,train
8,0,607,train
8,0,609,train
8,0,610,train
8,0,611,train
8,0,613,train
8,0,614,train
8,0,615,train
8,0,616,train
8,0,617,train
8,0,619,train
8,0,620,train
8,0,621,train
8,0,622,train
8,0,623,train
8,0,624,train
8,0,625,train
8,0,626,train
8,0,627,train
8,0,628,train
8,0,629,train
8,0,630,train
8,0,631,train
8,0,632,train
8,0,637,train
8,0,639,train
8,0,640,train
8,0,641,train
8,0,643,train
8,0,644,train
8,0,645,train
8,0,646,train
8,0,647,train
8,0,648,train
8,0,649,train
8,0,650,train
8,0,651,train
8,0,652,train
8,0,653,train
8,0,654,train
8,0,656,train
8,0,657,train
8,0,662,train
8,0,663,train
8,0,665,train
8,0,666,train
8,0,667,train
8,0,668,train
8,0,669,train
8,0,670,train
8,0,671,train
8,0,672,train
8,0,673,train
8,0,674,train
8,0,675,train
8,0,677,train
8,0,678,train
8,0,679,train
8,0,680,train
8,0,681,train
8,0,682,train
8,0,683,train
8,0,684,train
8,0,685,train
8,0,686,train
8,0,687,train
8,0,689,train
8,0,690,train
8,0,692,train
8,0,693,train
8,0,694,train
8,0,695,train
8,0,696,train
8,0,697,train
8,0,698,train
8,0,700,train
8,0,701,train
8,0,702,train
8,0,703,train
8,0,704,train
8,0,705,train
8,0,706,train
8,0,707,train
8,0,708,train
8,0,709,train
8,0,710,train
8,0,712,train
8,0,713,train
8,0,714,train
8,0,715,train
8,0,716,train
8,0,717,train
8,0,718,train
8,0,719,train
8,0,720,train
8,0,721,train
8,0,723,train
8,0,724,train
8,0,725,train
8,0,727,train
8,0,728,train
8,0,729,train
8,0,730,train
8,0,731,train
8,0,732,train
8,0,733,train
8,0,735,train
8,0,736,train
8,0,737,train
8,0,739,train
8,0,740,train
8,0,741,train
8,0,742,train
8,0,743,train
8,0,744,train
8,0,746,train
8,0,747,train
8,0,748,train
8,0,750,train
8,0,751,train
8,0,752,train
8,0,753,train
8,0,754,train
8,0,755,train
8,0,756,train
8,0,757,train
8,0,758,train
8,0,759,train
8,0,760,train
8,0,762,train
8,0,763,train
8,0,764,train
8,0,766,train
8,0,767,train
8,0,768,train
8,0,769,train
8,0,770,train
8,0,772,train
8,0,773,train
8,0,774,train
8,0,776,train
8,0,777,train
8,0,778,train
8,0,779,train
8,0,783,train
8,0,784,train
8,0,785,train
8,0,786,train
8,0,787,train
8,0,788,train
8,0,790,train
8,0,791,train
8,0,792,train
8,0,793,train
8,0,794,train
8,0,795,train
8,0,797,train
8,0,798,train
8,0,799,train
8,0,800,train
8,0,801,train
8,0,802,train
8,0,803,train
8,0,804,train
8,0,807,train
8,0,808,train
8,0,809,train
8,0,810,train
8,0,811,train
8,0,813,train
8,0,814,train
8,0,816,train
8,0,818,train
8,0,820,train
8,0,821,train
8,0,822,train
8,0,823,train
8,0,825,train
8,0,827,train
8,0,828,train
8,0,829,train
8,0,831,train
8,0,832,train
8,0,833,train
8,0,834,train
8,0,835,train
8,0,836,train
8,0,838,train
8,0,839,train
8,0,840,train
8,0,841,train
8,0,842,train
8,0,844,train
8,0,845,train
8,0,846,train
8,0,848,train
8,0,849,train
8,0,850,train
8,0,851,train
8,0,852,train
8,0,853,train
8,0,854,train
8,0,855,train
8,0,856,train
8,0,857,train
8,0,858,train
8,0,859,train
8,0,860,train
8,0,861,train
8,0,862,train
8,0,864,train
8,0,865,train
8,0,866,train
8,0,868,train
8,0,869,train
8,0,872,train
8,0,873,train
8,0,874,train
8,0,875,train
8,0,876,train
8,0,878,train
8,0,879,train
8,0,881,train
8,0,883,train
8,0,884,train
8,0,885,train
8,0,887,train
8,0,888,train
8,0,890,train
8,0,891,train
8,0,892,train
8,0,893,train
8,0,895,train
8,0,896,train
8,0,897,train
8,0,898,train
8,0,900,train
8,0,902,train
8,0,903,train
8,0,904,train
8,0,905,train
8,0,906,train
8,0,907,train
8,0,909,train
8,0,910,train
8,0,911,train
8,0,912,train
8,0,913,train
8,0,914,train
8,0,915,train
8,0,916,train
8,0,918,train
8,0,920,train
8,0,921,train
8,0,922,train
8,0,926,train
8,0,927,train
8,0,928,train
8,0,929,train
8,0,930,train
8,0,931,train
8,0,932,train
8,0,934,train
8,0,935,train
8,0,936,train
8,0,937,train
8,0,938,train
8,0,939,train
8,0,942,train
8,0,943,train
8,0,944,train
8,0,947,train
8,0,948,train
8,0,949,train
8,0,950,train
8,0,951,train
8,0,953,train
8,0,954,train
8,0,957,train
8,0,958,train
8,0,960,train
8,0,961,train
8,0,962,train
8,0,963,train
8,0,964,train
8,0,965,train
8,0,966,train
8,0,967,train
8,0,968,train
8,0,969,train
8,0,970,train
8,0,971,train
8,0,972,train
8,0,973,train
8,0,974,train
8,0,976,train
8,0,977,train
8,0,979,train
8,0,980,train
8,0,981,train
8,0,982,train
8,0,983,train
8,0,985,train
8,0,987,train
8,0,988,train
8,0,989,train
8,0,990,train
8,0,992,train
8,0,993,train
8,0,994,train
8,0,995,train
8,0,997,train
8,0,998,train
8,0,1000,train
8,0,1001,train
8,0,1002,train
8,0,1004,train
8,0,1006,train
8,0,1007,train
8,0,1008,train
8,0,1009,train
8,0,1010,train
8,0,1011,train
8,0,1012,train
8,0,1015,train
8,0,1016,train
8,0,1018,train
8,0,1019,train
8,0,1020,train
8,0,1021,train
8,0,1022,train
8,0,1023,train
8,0,1024,train
8,0,1025,train
8,0,1026,train
8,0,1027,train
8,0,1028,train
8,0,1029,train
8,0,1030,train
8,0,1031,train
8,0,1032,train
8,0,1033,train
8,0,1034,train
8,0,1035,train
8,0,1039,train
8,0,1040,train
8,0,1041,train
8,0,1042,train
8,0,1043,train
8,0,1044,train
8,0,1045,train
8,0,1047,train
8,0,1048,train
8,0,1049,train
8,0,1050,train
8,0,1051,train
8,0,1053,train
8,0,1054,train
8,0,1055,train
8,0,1056,train
8,0,1057,train
8,0,1058,train
8,0,1059,train
8,0,1060,train
8,0,1061,train
8,0,1062,train
8,0,1064,train
8,0,1065,train
8,0,1066,train
8,0,1067,train
8,0,1068,train
8,0,1069,train
8,0,1070,train
8,0,1074,train
8,0,1076,train
8,0,1077,train
8,0,1078,train
8,0,1081,train
8,0,1082,train
8,0,1083,train
8,0,1084,train
8,0,1086,train
8,0,1087,train
8,0,1088,train
8,0,1089,train
8,0,1090,train
8,0,1091,train
8,0,1092,train
8,0,1093,train
8,0,1094,train
8,0,1096,train
8,0,1097,train
8,0,1098,train
8,0,1099,train
8,0,0,valid
8,0,3,valid
8,0,9,valid
8,0,17,valid
8,0,18,valid
8,0,20,valid
8,0,27,valid
8,0,34,valid
8,0,38,valid
8,0,40,valid
8,0,43,valid
8,0,54,valid
8,0,55,valid
8,0,62,valid
8,0,66,valid
8,0,67,valid
8,0,69,valid
8,0,71,valid
8,0,72,valid
8,0,73,valid
8,0,74,valid
8,0,80,valid
8,0,83,valid
8,0,85,valid
8,0,87,valid
8,0,88,valid
8,0,93,valid
8,0,96,valid
8,0,98,valid
8,0,101,valid
8,0,109,valid
8,0,111,valid
8,0,125,valid
8,0,126,valid
8,0,128,valid
8,0,129,valid
8,0,132,valid
8,0,133,valid
8,0,134,valid
8,0,138,valid
8,0,139,valid
8,0,140,valid
8,0,142,valid
8,0,144,valid
8,0,146,valid
8,0,153,valid
8,0,168,valid
8,0,174,valid
8,0,177,valid
8,0,194,valid
8,0,195,valid
8,0,203,valid
8,0,205,valid
8,0,225,valid
8,0,235,valid
8,0,238,valid
8,0,250,valid
8,0,253,valid
8,0,254,valid
8,0,268,valid
8,0,275,valid
8,0,283,valid
8,0,288,valid
8,0,291,valid
8,0,308,valid
8,0,320,valid
8,0,326,valid
8,0,330,valid
8,0,331,valid
8,0,355,valid
8,0,358,valid
8,0,366,valid
8,0,369,valid
8,0,375,valid
8,0,380,valid
8,0,381,valid
8,0,383,valid
8,0,384,valid
8,0,385,valid
8,0,392,valid
8,0,408,valid
8,0,412,valid
8,0,418,valid
8,0,419,valid
8,0,420,valid
8,0,423,valid
8,0,428,valid
8,0,433,valid
8,0,438,valid
8,0,442,valid
8,0,449,valid
8,0,459,valid
8,0,465,valid
8,0,470,valid
8,0,474,valid
8,0,476,valid
8,0,486,valid
8,0,493,valid
8,0,494,valid
8,0,501,valid
8,0,502,valid
8,0,509,valid
8,0,513,valid
8,0,521,valid
8,0,524,valid
8,0,526,valid
8,0,529,valid
8,0,532,valid
8,0,533,valid
8,0,540,valid
8,0,545,valid
8,0,547,valid
8,0,548,valid
8,0,567,valid
8,0,574,valid
8,0,575,valid
8,0,584,valid
8,0,586,valid
8,0,598,valid
8,0,599,valid
8,0,601,valid
8,0,603,valid
8,0,608,valid
8,0,612,valid
8,0,618,valid
8,0,633,valid
8,0,634,valid
8,0,635,valid
8,0,636,valid
8,0,638,valid
8,0,642,valid
8,0,655,valid
8,0,658,valid
8,0,659,valid
8,0,660,valid
8,0,661,valid
8,0,664,valid
8,0,676,valid
8,0,688,valid
8,0,691,valid
8,0,699,valid
8,0,711,valid
8,0,722,valid
8,0,726,valid
8,0,734,valid
8,0,738,valid
8,0,745,valid
8,0,749,valid
8,0,761,valid
8,0,765,valid
8,0,771,valid
8,0,775,valid
8,0,780,valid
8,0,781,valid
8,0,782,valid
8,0,789,valid
8,0,796,valid
8,0,806,valid
8,0,812,valid
8,0,815,valid
8,0,817,valid
8,0,819,valid
8,0,824,valid
8,0,826,valid
8,0,830,valid
8,0,837,valid
8,0,843,valid
8,0,847,valid
8,0,863,valid
8,0,867,valid
8,0,870,valid
8,0,871,valid
8,0,877,valid
8,0,880,valid
8,0,882,valid
8,0,886,valid
8,0,894,valid
8,0,899,valid
8,0,901,valid
8,0,908,valid
8,0,917,valid
8,0,919,valid
8,0,923,valid
8,0,924,valid
8,0,925,valid
8,0,933,valid
8,0,940,valid
8,0,941,valid
8,0,945,valid
8,0,946,valid
8,0,952,valid
8,0,955,valid
8,0,956,valid
8,0,959,valid
8,0,975,valid
8,0,978,valid
8,0,984,valid
8,0,986,valid
8,0,991,valid
8,0,996,valid
8,0,999,valid
8,0,1003,valid
8,0,1005,valid
8,0,1013,valid
8,0,1014,valid
8,0,1017,valid
8,0,1036,valid
8,0,1037,valid
8,0,1038,valid
8,0,1046,valid
8,0,1052,valid
8,0,1063,valid
8,0,1071,valid
8,0,1072,valid
8,0,1073,valid
8,0,1075,valid
8,0,1079,valid
8,0,1080,valid
8,0,1085,valid
8,0,1095,valid
8,1,0,train
8,1,1,train
8,1,3,train
8,1,4,train
8,1,6,train
8,1,7,train
8,1,9,train
8,1,10,train
8,1,11,train
8,1,12,train
8,1,13,train
8,1,14,train
8,1,15,train
8,1,17,train
8,1,18,train
8,1,19,train
8,1,20,train
8,1,21,train
8,1,23,train
8,1,24,train
8,1,25,train
8,1,26,train
8,1,27,train
8,1,28,train
8,1,29,train
8,1,30,train
8,1,31,train
8,1,32,train
8,1,33,train
8,1,34,train
8,1,38,train
8,1,39,train
8,1,40,train
8,1,41,train
8,1,43,train
8,1,47,train
8,1,48,train
8,1,50,train
8,1,51,train
8,1,52,train
8,1,54,train
8,1,55,train
8,1,56,train
8,1,57,train
8,1,58,train
8,1,59,train
8,1,60,train
8,1,61,train
8,1,62,train
8,1,63,train
8,1,65,train
8,1,66,train
8,1,67,train
8,1,68,train
8,1,69,train
8,1,70,train
8,1,71,train
8,1,72,train
8,1,73,train
8,1,74,train
8,1,75,train
8,1,76,train
8,1,78,train
8,1,79,train
8,1,80,train
8,1,81,train
8,1,82,train
8,1,83,train
8,1,84,train
8,1,85,train
8,1,86,train
8,1,87,train
8,1,88,train
8,1,89,train
8,1,90,train
8,1,92,train
8,1,93,train
8,1,94,train
8,1,95,train
8,1,96,train
8,1,97,train
8,1,98,train
8,1,99,train
8,1,100,train
8,1,101,train
8,1,103,train
8,1,105,train
8,1,107,train
8,1,108,train
8,1,109,train
8,1,110,train
8,1,111,train
8,1,112,train
8,1,113,train
8,1,115,train
8,1,116,train
8,1,120,train
8,1,121,train
8,1,122,train
8,1,123,train
8,1,124,train
8,1,125,train
8,1,126,train
8,1,127,train
8,1,128,train
8,1,129,train
8,1,130,train
8,1,131,train
8,1,132,train
8,1,133,train
8,1,134,train
8,1,135,train
8,1,137,train
8,1,138,train
8,1,139,train
8,1,140,train
8,1,141,train
8,1,142,train
8,1,143,train
8,1,144,train
8,1,145,train
8,1,146,train
8,1,147,train
8,1,148,train
8,1,149,train
8,1,151,train
8,1,152,train
8,1,153,train
8,1,154,train
8,1,156,train
8,1,157,train
8,1,161,train
8,1,162,train
8,1,165,train
8,1,166,train
8,1,167,train
8,1,168,train
8,1,169,train
8,1,170,train
8,1,171,train
8,1,172,train
8,1,173,train
8,1,174,train
8,1,177,train
8,1,178,train
8,1,179,train
8,1,181,train
8,1,182,train
8,1,184,train
8,1,186,train
8,1,187,train
8,1,188,train
8,1,191,train
8,1,192,train
8,1,194,train
8,1,195,train
8,1,196,train
8,1,197,train
8,1,198,train
8,1,199,train
8,1,200,train
8,1,202,train
8,1,203,train
8,1,204,train
8,1,205,train
8,1,207,train
8,1,208,train
8,1,209,train
8,1,210,train
8,1,211,train
8,1,212,train
8,1,213,train
8,1,214,train
8,1,215,train
8,1,218,train
8,1,220,train
8,1,223,train
8,1,224,train
8,1,225,train
8,1,226,train
8,1,227,train
8,1,228,train
8,1,229,train
8,1,230,train
8,1,231,train
8,1,233,train
8,1,234,train
8,1,235,train
8,1,236,train
8,1,237,train
8,1,238,train
8,1,239,train
8,1,240,train
8,1,241,train
8,1,242,train
8,1,243,train
8,1,244,train
8,1,245,train
8,1,246,train
8,1,247,train
8,1,249,train
8,1,250,train
8,1,251,train
8,1,253,train
8,1,254,train
8,1,255,train
8,1,258,train
8,1,259,train
8,1,260,train
8,1,262,train
8,1,264,train
8,1,266,train
8,1,268,train
8,1,269,train
8,1,270,train
8,1,272,train
8,1,274,train
8,1,275,train
8,1,276,train
8,1,278,train
8,1,279,train
8,1,282,train
8,1,283,train
8,1,286,train
8,1,288,train
8,1,289,train
8,1,290,train
8,1,291,train
8,1,293,train
8,1,295,train
8,1,298,train
8,1,299,train
8,1,300,train
8,1,301,train
8,1,302,train
8,1,304,train
8,1,305,train
8,1,306,train
8,1,307,train
8,1,308,train
8,1,309,train
8,1,311,train
8,1,312,train
8,1,313,train
8,1,314,train
8,1,316,train
8,1,317,train
8,1,318,train
8,1,319,train
8,1,320,train
8,1,321,train
8,1,324,train
8,1,325,train
8,1,326,train
8,1,328,train
8,1,329,train
8,1,330,train
8,1,331,train
8,1,332,train
8,1,334,train
8,1,335,train
8,1,336,train
8,1,337,train
8,1,338,train
8,1,339,train
8,1,340,train
8,1,341,train
8,1,343,train
8,1,344,train
8,1,345,train
8,1,346,train
8,1,347,train
8,1,348,train
8,1,349,train
8,1,351,train
8,1,352,train
8,1,353,train
8,1,354,train
8,1,355,train
8,1,357,train
8,1,358,train
8,1,359,train
8,1,360,train
8,1,361,train
8,1,363,train
8,1,365,train
8,1,366,train
8,1,367,train
8,1,369,train
8,1,370,train
8,1,373,train
8,1,374,train
8,1,375,train
8,1,378,train
8,1,379,train
8,1,380,train
8,1,381,train
8,1,383,train
8,1,384,train
8,1,385,train
8,1,387,train
8,1,388,train
8,1,389,train
8,1,390,train
8,1,392,train
8,1,393,train
8,1,395,train
8,1,396,train
8,1,397,train
8,1,398,train
8,1,399,train
8,1,400,train
8,1,401,train
8,1,402,train
8,1,403,train
8,1,404,train
8,1,405,train
8,1,407,train
8,1,408,train
8,1,410,train
8,1,412,train
8,1,413,train
8,1,414,train
8,1,415,train
8,1,416,train
8,1,417,train
8,1,418,train
8,1,419,train
8,1,420,train
8,1,423,train
8,1,427,train
8,1,428,train
8,1,429,train
8,1,430,train
8,1,431,train
8,1,432,train
8,1,433,train
8,1,434,train
8,1,435,train
8,1,436,train
8,1,437,train
8,1,438,train
8,1,439,train
8,1,440,train
8,1,441,train
8,1,442,train
8,1,443,train
8,1,444,train
8,1,445,train
8,1,447,train
8,1,449,train
8,1,450,train
8,1,451,train
8,1,452,train
8,1,455,train
8,1,457,train
8,1,458,train
8,1,459,train
8,1,461,train
8,1,463,train
8,1,464,train
8,1,465,train
8,1,466,train
8,1,467,train
8,1,469,train
8,1,470,train
8,1,471,train
8,1,472,train
8,1,473,train
8,1,474,train
8,1,476,train
8,1,477,train
8,1,478,train
8,1,479,train
8,1,482,train
8,1,483,train
8,1,484,train
8,1,485,train
8,1,486,train
8,1,487,train
8,1,489,train
8,1,490,train
8,1,491,train
8,1,492,train
8,1,493,train
8,1,494,train
8,1,495,train
8,1,496,train
8,1,497,train
8,1,499,train
8,1,501,train
8,1,502,train
8,1,503,train
8,1,504,train
8,1,505,train
8,1,506,train
8,1,507,train
8,1,509,train
8,1,510,train
8,1,511,train
8,1,512,train
8,1,513,train
8,1,515,train
8,1,516,train
8,1,518,train
8,1,520,train
8,1,521,train
8,1,522,train
8,1,523,train
8,1,524,train
8,1,525,train
8,1,526,train
8,1,527,train
8,1,528,train
8,1,529,train
8,1,530,train
8,1,531,train
8,1,532,train
8,1,533,train
8,1,534,train
8,1,535,train
8,1,536,train
8,1,538,train
8,1,539,train
8,1,540,train
8,1,541,train
8,1,542,train
8,1,543,train
8,1,544,train
8,1,545,train
8,1,546,train
8,1,547,train
8,1,548,train
8,1,549,train
8,1,550,train
8,1,551,train
8,1,552,train
8,1,553,train
8,1,554,train
8,1,555,train
8,1,559,train
8,1,560,train
8,1,562,train
8,1,564,train
8,1,565,train
8,1,566,train
8,1,567,train
8,1,569,train
8,1,570,train
8,1,571,train
8,1,572,train
8,1,573,train
8,1,574,train
8,1,575,train
8,1,576,train
8,1,577,train
8,1,578,train
8,1,580,train
8,1,581,train
8,1,583,train
8,1,584,train
8,1,585,train
8,1,586,train
8,1,587,train
8,1,588,train
8,1,589,train
8,1,591,train
8,1,592,train
8,1,593,train
8,1,595,train
8,1,596,train
8,1,597,train
8,1,598,train
8,1,599,train
8,1,600,train
8,1,601,train
8,1,602,train
8,1,603,train
8,1,604,train
8,1,606,train
8,1,607,train
8,1,608,train
8,1,609,train
8,1,610,train
8,1,611,train
8,1,612,train
8,1,613,train
8,1,614,train
8,1,615,train
8,1,617,train
8,1,618,train
8,1,619,train
8,1,621,train
8,1,622,train
8,1,623,train
8,1,624,train
8,1,625,train
8,1,626,train
8,1,628,train
8,1,629,train
8,1,630,train
8,1,631,train
8,1,632,train
8,1,633,train
8,1,634,train
8,1,635,train
8,1,636,train
8,1,637,train
8,1,638,train
8,1,639,train
8,1,640,train
8,1,641,train
8,1,642,train
8,1,643,train
8,1,644,train
8,1,645,train
8,1,646,train
8,1,647,train
8,1,650,train
8,1,652,train
8,1,653,train
8,1,654,train
8,1,655,train
8,1,656,train
8,1,657,train
8,1,658,train
8,1,659,train
8,1,660,train
8,1,661,train
8,1,663,train
8,1,664,train
8,1,665,train
8,1,666,train
8,1,667,train
8,1,669,train
8,1,670,train
8,1,672,train
8,1,673,train
8,1,675,train
8,1,676,train
8,1,677,train
8,1,678,train
8,1,679,train
8,1,680,train
8,1,681,train
8,1,682,train
8,1,683,train
8,1,686,train
8,1,687,train
8,1,688,train
8,1,689,train
8,1,690,train
8,1,691,train
8,1,692,train
8,1,694,train
8,1,695,train
8,1,696,train
8,1,697,train
8,1,698,train
8,1,699,train
8,1,700,train
8,1,701,train
8,1,702,train
8,1,703,train
8,1,704,train
8,1,706,train
8,1,709,train
8,1,710,train
8,1,711,train
8,1,712,train
8,1,713,train
8,1,714,train
8,1,715,train
8,1,716,train
8,1,717,train
8,1,718,train
8,1,719,train
8,1,721,train
8,1,722,train
8,1,723,train
8,1,724,train
8,1,726,train
8,1,727,train
8,1,728,train
8,1,729,train
8,1,730,train
8,1,731,train
8,1,732,train
8,1,733,train
8,1,734,train
8,1,736,train
8,1,738,train
8,1,740,train
8,1,741,train
8,1,743,train
8,1,745,train
8,1,746,train
8,1,748,train
8,1,749,train
8,1,754,train
8,1,756,train
8,1,757,train
8,1,761,train
8,1,762,train
8,1,764,train
8,1,765,train
8,1,766,train
8,1,767,train
8,1,768,train
8,1,770,train
8,1,771,train
8,1,773,train
8,1,774,train
8,1,775,train
8,1,776,train
8,1,777,train
8,1,779,train
8,1,780,train
8,1,781,train
8,1,782,train
8,1,783,train
8,1,785,train
8,1,786,train
8,1,788,train
8,1,789,train
8,1,790,train
8,1,793,train
8,1,794,train
8,1,795,train
8,1,796,train
8,1,798,train
8,1,799,train
8,1,801,train
8,1,803,train
8,1,804,train
8,1,806,train
8,1,807,train
8,1,808,train
8,1,809,train
8,1,810,train
8,1,811,train
8,1,812,train
8,1,815,train
8,1,817,train
8,1,818,train
8,1,819,train
8,1,820,train
8,1,821,train
8,1,822,train
8,1,824,train
8,1,825,train
8,1,826,train
8,1,827,train
8,1,828,train
8,1,830,train
8,1,832,train
8,1,833,train
8,1,834,train
8,1,836,train
8,1,837,train
8,1,838,train
8,1,839,train
8,1,840,train
8,1,841,train
8,1,842,train
8,1,843,train
8,1,844,train
8,1,845,train
8,1,846,train
8,1,847,train
8,1,848,train
8,1,849,train
8,1,850,train
8,1,851,train
8,1,852,train
8,1,853,train
8,1,854,train
8,1,855,train
8,1,856,train
8,1,857,train
8,1,858,train
8,1,859,train
8,1,861,train
8,1,862,train
8,1,863,train
8,1,865,train
8,1,866,train
8,1,867,train
8,1,868,train
8,1,869,train
8,1,870,train
8,1,871,train
8,1,873,train
8,1,874,train
8,1,876,train
8,1,877,train
8,1,878,train
8,1,879,train
8,1,880,train
8,1,881,train
8,1,882,train
8,1,883,train
8,1,886,train
8,1,887,train
8,1,890,train
8,1,891,train
8,1,893,train
8,1,894,train
8,1,895,train
8,1,896,train
8,1,897,train
8,1,898,train
8,1,899,train
8,1,900,train
8,1,901,train
8,1,902,train
8,1,904,train
8,1,905,train
8,1,906,train
8,1,907,train
8,1,908,train
8,1,909,train
8,1,910,train
8,1,911,train
8,1,912,train
8,1,913,train
8,1,915,train
8,1,917,train
8,1,919,train
8,1,920,train
8,1,921,train
8,1,922,train
8,1,923,train
8,1,924,train
8,1,925,train
8,1,926,train
8,1,927,train
8,1,928,train
8,1,929,train
8,1,930,train
8,1,932,train
8,1,933,train
8,1,934,train
8,1,935,train
8,1,936,train
8,1,937,train
8,1,939,train
8,1,940,train
8,1,941,train
8,1,942,train
8,1,943,train
8,1,945,train
8,1,946,train
8,1,948,train
8,1,949,train
8,1,950,train
8,1,951,train
8,1,952,train
8,1,953,train
8,1,955,train
8,1,956,train
8,1,957,train
8,1,958,train
8,1,959,train
8,1,960,train
8,1,961,train
8,1,962,train
8,1,963,train
8,1,964,train
8,1,965,train
8,1,967,train
8,1,968,train
8,1,971,train
8,1,972,train
8,1,973,train
8,1,974,train
8,1,975,train
8,1,976,train
8,1,977,train
8,1,978,train
8,1,979,train
8,1,980,train
8,1,983,train
8,1,984,train
8,1,985,train
8,1,986,train
8,1,988,train
8,1,989,train
8,1,990,train
8,1,991,train
8,1,992,train
8,1,993,train
8,1,994,train
8,1,996,train
8,1,997,train
8,1,999,train
8,1,1000,train
8,1,1001,train
8,1,1002,train
8,1,1003,train
8,1,1005,train
8,1,1007,train
8,1,1009,train
8,1,1010,train
8,1,1011,train
8,1,1013,train
8,1,1014,train
8,1,1016,train
8,1,1017,train
8,1,1018,train
8,1,1020,train
8,1,1021,train
8,1,1023,train
8,1,1024,train
8,1,1025,train
8,1,1027,train
8,1,1029,train
8,1,1030,train
8,1,1031,train
8,1,1032,train
8,1,1033,train
8,1,1034,train
8,1,1035,train
8,1,1036,train
8,1,1037,train
8,1,1038,train
8,1,1039,train
8,1,1040,train
8,1,1041,train
8,1,1042,train
8,1,1044,train
8,1,1045,train
8,1,1046,train
8,1,1047,train
8,1,1048,train
8,1,1049,train
8,1,1050,train
8,1,1051,train
8,1,1052,train
8,1,1053,train
8,1,1055,train
8,1,1056,train
8,1,1058,train
8,1,1059,train
8,1,1061,train
8,1,1062,train
8,1,1063,train
8,1,1064,train
8,1,1065,train
8,1,1066,train
8,1,1068,train
8,1,1069,train
8,1,1070,train
8,1,1071,train
8,1,1072,train
8,1,1073,train
8,1,1074,train
8,1,1075,train
8,1,1077,train
8,1,1079,train
8,1,1080,train
8,1,1081,train
8,1,1082,train
8,1,1083,train
8,1,1084,train
8,1,1085,train
8,1,1086,train
8,1,1087,train
8,1,1088,train
8,1,1089,train
8,1,1090,train
8,1,1092,train
8,1,1093,train
8,1,1094,train
8,1,1095,train
8,1,1096,train
8,1,1097,train
8,1,1098,train
8,1,2,valid
8,1,5,valid
8,1,8,valid
8,1,16,valid
8,1,22,valid
8,1,35,valid
8,1,36,valid
8,1,37,valid
8,1,42,valid
8,1,44,valid
8,1,45,valid
8,1,46,valid
8,1,49,valid
8,1,53,valid
8,1,64,valid
8,1,77,valid
8,1,91,valid
8,1,102,valid
8,1,104,valid
8,1,106,valid
8,1,114,valid
8,1,117,valid
8,1,118,valid
8,1,119,valid
8,1,136,valid
8,1,150,valid
8,1,155,valid
8,1,158,valid
8,1,159,valid
8,1,160,valid
8,1,163,valid
8,1,164,valid
8,1,175,valid
8,1,176,valid
8,1,180,valid
8,1,183,valid
8,1,185,valid
8,1,189,valid
8,1,190,valid
8,1,193,valid
8,1,201,valid
8,1,206,valid
8,1,216,valid
8,1,217,valid
8,1,219,valid
8,1,221,valid
8,1,222,valid
8,1,232,valid
8,1,248,valid
8,1,252,valid
8,1,256,valid
8,1,257,valid
8,1,261,valid
8,1,263,valid
8,1,265,valid
8,1,267,valid
8,1,271,valid
8,1,273,valid
8,1,277,valid
8,1,280,valid
8,1,281,valid
8,1,284,valid
8,1,285,valid
8,1,287,valid
8,1,292,valid
8,1,294,valid
8,1,296,valid
8,1,297,valid
8,1,303,valid
8,1,310,valid
8,1,315,valid
8,1,322,valid
8,1,323,valid
8,1,327,valid
8,1,333,valid
8,1,342,valid
8,1,350,valid
8,1,356,valid
8,1,362,valid
8,1,364,valid
8,1,368,valid
8,1,371,valid
8,1,372,valid
8,1,376,valid
8,1,377,valid
8,1,382,valid
8,1,386,valid
8,1,391,valid
8,1,394,valid
8,1,406,valid
8,1,409,valid
8,1,411,valid
8,1,421,valid
8,1,422,valid
8,1,424,valid
8,1,425,valid
8,1,426,valid
8,1,446,valid
8,1,448,valid
8,1,453,valid
8,1,454,valid
8,1,456,valid
8,1,460,valid
8,1,462,valid
8,1,468,valid
8,1,475,valid
8,1,480,valid
8,1,481,valid
8,1,488,valid
8,1,498,valid
8,1,500,valid
8,1,508,valid
8,1,514,valid
8,1,517,valid
8,1,519,valid
8,1,537,valid
8,1,556,valid
8,1,557,valid
8,1,558,valid
8,1,561,valid
8,1,563,valid
8,1,568,valid
8,1,579,valid
8,1,582,valid
8,1,590,valid
8,1,594,valid
8,1,605,valid
8,1,616,valid
8,1,620,valid
8,1,627,valid
8,1,648,valid
8,1,649,valid
8,1,651,valid
8,1,662,valid
8,1,668,valid
8,1,671,valid
8,1,674,valid
8,1,684,valid
8,1,685,valid
8,1,693,valid
8,1,705,valid
8,1,707,valid
8,1,708,valid
8,1,720,valid
8,1,725,valid
8,1,735,valid
8,1,737,valid
8,1,739,valid
8,1,742,valid
8,1,744,valid
8,1,747,valid
8,1,750,valid
8,1,751,valid
8,1,752,valid
8,1,753,valid
8,1,755,valid
8,1,758,valid
8,1,759,valid
8,1,760,valid
8,1,763,valid
8,1,769,valid
8,1,772,valid
8,1,778,valid
8,1,784,valid
8,1,787,valid
8,1,791,valid
8,1,792,valid
8,1,797,valid
8,1,800,valid
8,1,802,valid
8,1,813,valid
8,1,814,valid
8,1,816,valid
8,1,823,valid
8,1,829,valid
8,1,831,valid
8,1,835,valid
8,1,860,valid
8,1,864,valid
8,1,872,valid
8,1,875,valid
8,1,884,valid
8,1,885,valid
8,1,888,valid
8,1,892,valid
8,1,903,valid
8,1,914,valid
8,1,916,valid
8,1,918,valid
8,1,931,valid
8,1,938,valid
8,1,944,valid
8,1,947,valid
8,1,954,valid
8,1,966,valid
8,1,969,valid
8,1,970,valid
8,1,981,valid
8,1,982,valid
8,1,987,valid
8,1,995,valid
8,1,998,valid
8,1,1004,valid
8,1,1006,valid
8,1,1008,valid
8,1,1012,valid
8,1,1015,valid
8,1,1019,valid
8,1,1022,valid
8,1,1026,valid
8,1,1028,valid
8,1,1043,valid
8,1,1054,valid
8,1,1057,valid
8,1,1060,valid
8,1,1067,valid
8,1,1076,valid
8,1,1078,valid
8,1,1091,valid
8,1,1099,valid
8,2,0,train
8,2,1,train
8,2,2,train
8,2,3,train
8,2,4,train
8,2,5,train
8,2,6,train
8,2,7,train
8,2,8,train
8,2,9,train
8,2,10,train
8,2,13,train
8,2,14,train
8,2,15,train
8,2,16,train
8,2,17,train
8,2,18,train
8,2,19,train
8,2,20,train
8,2,21,train
8,2,22,train
8,2,23,train
8,2,25,train
8,2,26,train
8,2,27,train
8,2,28,train
8,2,29,train
8,2,31,train
8,2,32,train
8,2,34,train
8,2,35,train
8,2,36,train
8,2,37,train
8,2,38,train
8,2,40,train
8,2,41,train
8,2,42,train
8,2,43,train
8,2,44,train
8,2,45,train
8,2,46,train
8,2,48,train
8,2,49,train
8,2,51,train
8,2,53,train
8,2,54,train
8,2,55,train
8,2,58,train
8,2,60,train
8,2,62,train
8,2,63,train
8,2,64,train
8,2,65,train
8,2,66,train
8,2,67,train
8,2,69,train
8,2,71,train
8,2,72,train
8,2,73,train
8,2,74,train
8,2,75,train
8,2,76,train
8,2,77,train
8,2,78,train
8,2,79,train
8,2,80,train
8,2,81,train
8,2,83,train
8,2,85,train
8,2,87,train
8,2,88,train
8,2,90,train
8,2,91,train
8,2,93,train
8,2,94,train
8,2,95,train
8,2,96,train
8,2,97,train
8,2,98,train
8,2,99,train
8,2,100,train
8,2,101,train
8,2,102,train
8,2,103,train
8,2,104,train
8,2,106,train
8,2,107,train
8,2,108,train
8,2,109,train
8,2,110,train
8,2,111,train
8,2,113,train
8,2,114,train
8,2,115,train
8,2,116,train
8,2,117,train
8,2,118,train
8,2,119,train
8,2,120,train
8,2,121,train
8,2,122,train
8,2,124,train
8,2,125,train
8,2,126,train
8,2,127,train
8,2,128,train
8,2,129,train
8,2,131,train
8,2,132,train
8,2,133,train
8,2,134,train
8,2,136,train
8,2,138,train
8,2,139,train
8,2,140,train
8,2,142,train
8,2,143,train
8,2,144,train
8,2,145,train
8,2,146,train
8,2,147,train
8,2,150,train
8,2,151,train
8,2,152,train
8,2,153,train
8,2,155,train
8,2,157,train
8,2,158,train
8,2,159,train
8,2,160,train
8,2,161,train
8,2,162,train
8,2,163,train
8,2,164,train
8,2,166,train
8,2,167,train
8,2,168,train
8,2,170,train
8,2,171,train
8,2,172,train
8,2,173,train
8,2,174,train
8,2,175,train
8,2,176,train
8,2,177,train
8,2,178,train
8,2,179,train
8,2,180,train
8,2,181,train
8,2,182,train
8,2,183,train
8,2,184,train
8,2,185,train
8,2,186,train
8,2,189,train
8,2,190,train
8,2,192,train
8,2,193,train
8,2,194,train
8,2,195,train
8,2,197,train
8,2,198,train
8,2,201,train
8,2,203,train
8,2,204,train
8,2,205,train
8,2,206,train
8,2,207,train
8,2,208,train
8,2,209,train
8,2,210,train
8,2,211,train
8,2,212,train
8,2,214,train
8,2,216,train
8,2,217,train
8,2,218,train
8,2,219,train
8,2,220,train
8,2,221,train
8,2,222,train
8,2,223,train
8,2,224,train
8,2,225,train
8,2,227,train
8,2,228,train
8,2,229,train
8,2,230,train
8,2,231,train
8,2,232,train
8,2,234,train
8,2,235,train
8,2,236,train
8,2,237,train
8,2,238,train
8,2,239,train
8,2,240,train
8,2,241,train
8,2,243,train
8,2,244,train
8,2,245,train
8,2,246,train
8,2,247,train
8,2,248,train
8,2,249,train
8,2,250,train
8,2,251,train
8,2,252,train
8,2,253,train
8,2,254,train
8,2,255,train
8,2,256,train
8,2,257,train
8,2,259,train
8,2,261,train
8,2,262,train
8,2,263,train
8,2,264,train
8,2,265,train
8,2,267,train
8,2,268,train
8,2,269,train
8,2,270,train
8,2,271,train
8,2,273,train
8,2,274,train
8,2,275,train
8,2,277,train
8,2,278,train
8,2,279,train
8,2,280,train
8,2,281,train
8,2,283,train
8,2,284,train
8,2,285,train
8,2,286,train
8,2,287,train
8,2,288,train
8,2,289,train
8,2,290,train
8,2,291,train
8,2,292,train
8,2,294,train
8,2,295,train
8,2,296,train
8,2,297,train
8,2,298,train
8,2,299,train
8,2,300,train
8,2,303,train
8,2,308,train
8,2,309,train
8,2,310,train
8,2,312,train
8,2,314,train
8,2,315,train
8,2,317,train
8,2,318,train
8,2,320,train
8,2,321,train
8,2,322,train
8,2,323,train
8,2,324,train
8,2,326,train
8,2,327,train
8,2,328,train
8,2,329,train
8,2,330,train
8,2,331,train
8,2,332,train
8,2,333,train
8,2,335,train
8,2,336,train
8,2,337,train
8,2,338,train
8,2,340,train
8,2,341,train
8,2,342,train
8,2,344,train
8,2,346,train
8,2,349,train
8,2,350,train
8,2,351,train
8,2,352,train
8,2,353,train
8,2,355,train
8,2,356,train
8,2,357,train
8,2,358,train
8,2,359,train
8,2,361,train
8,2,362,train
8,2,364,train
8,2,365,train
8,2,366,train
8,2,367,train
8,2,368,train
8,2,369,train
8,2,370,train
8,2,371,train
8,2,372,train
8,2,374,train
8,2,375,train
8,2,376,train
8,2,377,train
8,2,378,train
8,2,379,train
8,2,380,train
8,2,381,train
8,2,382,train
8,2,383,train
8,2,384,train
8,2,385,train
8,2,386,train
8,2,387,train
8,2,389,train
8,2,390,train
8,2,391,train
8,2,392,train
8,2,393,train
8,2,394,train
8,2,396,train
8,2,399,train
8,2,400,train
8,2,401,train
8,2,403,train
8,2,404,train
8,2,405,train
8,2,406,train
8,2,407,train
8,2,408,train
8,2,409,train
8,2,410,train
8,2,411,train
8,2,412,train
8,2,413,train
8,2,415,train
8,2,417,train
8,2,418,train
8,2,419,train
8,2,420,train
8,2,421,train
8,2,422,train
8,2,423,train
8,2,424,train
8,2,425,train
8,2,426,train
8,2,427,train
8,2,428,train
8,2,429,train
8,2,431,train
8,2,433,train
8,2,434,train
8,2,437,train
8,2,438,train
8,2,441,train
8,2,442,train
8,2,444,train
8,2,445,train
8,2,446,train
8,2,447,train
8,2,448,train
8,2,449,train
8,2,450,train
8,2,451,train
8,2,452,train
8,2,453,train
8,2,454,train
8,2,456,train
8,2,457,train
8,2,458,train
8,2,459,train
8,2,460,train
8,2,462,train
8,2,463,train
8,2,464,train
8,2,465,train
8,2,466,train
8,2,468,train
8,2,469,train
8,2,470,train
8,2,474,train
8,2,475,train
8,2,476,train
8,2,477,train
8,2,478,train
8,2,479,train
8,2,480,train
8,2,481,train
8,2,482,train
8,2,484,train
8,2,485,train
8,2,486,train
8,2,487,train
8,2,488,train
8,2,489,train
8,2,490,train
8,2,491,train
8,2,492,train
8,2,493,train
8,2,494,train
8,2,495,train
8,2,496,train
8,2,497,train
8,2,498,train
8,2,499,train
8,2,500,train
8,2,501,train
8,2,502,train
8,2,503,train
8,2,504,train
8,2,506,train
8,2,507,train
8,2,508,train
8,2,509,train
8,2,511,train
8,2,512,train
8,2,513,train
8,2,514,train
8,2,515,train
8,2,516,train
8,2,517,train
8,2,519,train
8,2,520,train
8,2,521,train
8,2,522,train
8,2,524,train
8,2,525,train
8,2,526,train
8,2,527,train
8,2,528,train
8,2,529,train
8,2,530,train
8,2,532,train
8,2,533,train
8,2,534,train
8,2,536,train
8,2,537,train
8,2,540,train
8,2,542,train
8,2,543,train
8,2,545,train
8,2,547,train
8,2,548,train
8,2,549,train
8,2,551,train
8,2,552,train
8,2,553,train
8,2,554,train
8,2,555,train
8,2,556,train
8,2,557,train
8,2,558,train
8,2,559,train
8,2,561,train
8,2,562,train
8,2,563,train
8,2,564,train
8,2,566,train
8,2,567,train
8,2,568,train
8,2,570,train
8,2,572,train
8,2,573,train
8,2,574,train
8,2,575,train
8,2,576,train
8,2,579,train
8,2,580,train
8,2,581,train
8,2,582,train
8,2,583,train
8,2,584,train
8,2,585,train
8,2,586,train
8,2,588,train
8,2,590,train
8,2,591,train
8,2,592,train
8,2,593,train
8,2,594,train
8,2,595,train
8,2,596,train
8,2,597,train
8,2,598,train
8,2,599,train
8,2,601,train
8,2,603,train
8,2,604,train
8,2,605,train
8,2,606,train
8,2,607,train
8,2,608,train
8,2,609,train
8,2,610,train
8,2,611,train
8,2,612,train
8,2,613,train
8,2,614,train
8,2,616,train
8,2,617,train
8,2,618,train
8,2,620,train
8,2,622,train
8,2,623,train
8,2,624,train
8,2,626,train
8,2,627,train
8,2,628,train
8,2,630,train
8,2,631,train
8,2,632,train
8,2,633,train
8,2,634,train
8,2,635,train
8,2,636,train
8,2,638,train
8,2,639,train
8,2,640,train
8,2,641,train
8,2,642,train
8,2,644,train
8,2,645,train
8,2,646,train
8,2,648,train
8,2,649,train
8,2,650,train
8,2,651,train
8,2,652,train
8,2,653,train
8,2,654,train
8,2,655,train
8,2,656,train
8,2,657,train
8,2,658,train
8,2,659,train
8,2,660,train
8,2,661,train
8,2,662,train
8,2,663,train
8,2,664,train
8,2,665,train
8,2,667,train
8,2,668,train
8,2,670,train
8,2,671,train
8,2,673,train
8,2,674,train
8,2,675,train
8,2,676,train
8,2,678,train
8,2,679,train
8,2,680,train
8,2,681,train
8,2,684,train
8,2,685,train
8,2,686,train
8,2,687,train
8,2,688,train
8,2,689,train
8,2,690,train
8,2,691,train
8,2,692,train
8,2,693,train
8,2,697,train
8,2,698,train
8,2,699,train
8,2,700,train
8,2,702,train
8,2,704,train
8,2,705,train
8,2,707,train
8,2,708,train
8,2,710,train
8,2,711,train
8,2,713,train
8,2,716,train
8,2,718,train
8,2,719,train
8,2,720,train
8,2,721,train
8,2,722,train
8,2,724,train
8,2,725,train
8,2,726,train
8,2,729,train
8,2,730,train
8,2,731,train
8,2,734,train
8,2,735,train
8,2,736,train
8,2,737,train
8,2,738,train
8,2,739,train
8,2,741,train
8,2,742,train
8,2,743,train
8,2,744,train
8,2,745,train
8,2,746,train
8,2,747,train
8,2,748,train
8,2,749,train
8,2,750,train
8,2,751,train
8,2,752,train
8,2,753,train
8,2,754,train
8,2,755,train
8,2,756,train
8,2,757,train
8,2,758,train
8,2,759,train
8,2,760,train
8,2,761,train
8,2,763,train
8,2,765,train
8,2,766,train
8,2,769,train
8,2,770,train
8,2,771,train
8,2,772,train
8,2,773,train
8,2,775,train
8,2,776,train
8,2,777,train
8,2,778,train
8,2,780,train
8,2,781,train
8,2,782,train
8,2,784,train
8,2,785,train
8,2,786,train
8,2,787,train
8,2,789,train
8,2,791,train
8,2,792,train
8,2,794,train
8,2,795,train
8,2,796,train
8,2,797,train
8,2,798,train
8,2,800,train
8,2,801,train
8,2,802,train
8,2,803,train
8,2,804,train
8,2,806,train
8,2,807,train
8,2,808,train
8,2,809,train
8,2,810,train
8,2,811,train
8,2,812,train
8,2,813,train
8,2,814,train
8,2,815,train
8,2,816,train
8,2,817,train
8,2,819,train
8,2,820,train
8,2,823,train
8,2,824,train
8,2,825,train
8,2,826,train
8,2,827,train
8,2,828,train
8,2,829,train
8,2,830,train
8,2,831,train
8,2,832,train
8,2,833,train
8,2,834,train
8,2,835,train
8,2,836,train
8,2,837,train
8,2,838,train
8,2,839,train
8,2,840,train
8,2,841,train
8,2,842,train
8,2,843,train
8,2,844,train
8,2,845,train
8,2,846,train
8,2,847,train
8,2,848,train
8,2,849,train
8,2,851,train
8,2,854,train
8,2,855,train
8,2,856,train
8,2,858,train
8,2,860,train
8,2,861,train
8,2,862,train
8,2,863,train
8,2,864,train
8,2,865,train
8,2,866,train
8,2,867,train
8,2,870,train
8,2,871,train
8,2,872,train
8,2,873,train
8,2,874,train
8,2,875,train
8,2,877,train
8,2,879,train
8,2,880,train
8,2,882,train
8,2,884,train
8,2,885,train
8,2,886,train
8,2,887,train
8,2,888,train
8,2,890,train
8,2,891,train
8,2,892,train
8,2,894,train
8,2,896,train
8,2,898,train
8,2,899,train
8,2,900,train
8,2,901,train
8,2,902,train
8,2,903,train
8,2,904,train
8,2,905,train
8,2,906,train
8,2,907,train
8,2,908,train
8,2,909,train
8,2,914,train
8,2,916,train
8,2,917,train
8,2,918,train
8,2,919,train
8,2,921,train
8,2,922,train
8,2,923,train
8,2,924,train
8,2,925,train
8,2,926,train
8,2,927,train
8,2,928,train
8,2,931,train
8,2,932,train
8,2,933,train
8,2,934,train
8,2,935,train
8,2,937,train
8,2,938,train
8,2,939,train
8,2,940,train
8,2,941,train
8,2,943,train
8,2,944,train
8,2,945,train
8,2,946,train
8,2,947,train
8,2,950,train
8,2,951,train
8,2,952,train
8,2,954,train
8,2,955,train
8,2,956,train
8,2,957,train
8,2,959,train
8,2,960,train
8,2,961,train
8,2,962,train
8,2,963,train
8,2,966,train
8,2,967,train
8,2,969,train
8,2,970,train
8,2,971,train
8,2,972,train
8,2,974,train
8,2,975,train
8,2,976,train
8,2,978,train
8,2,979,train
8,2,981,train
8,2,982,train
8,2,984,train
8,2,986,train
8,2,987,train
8,2,988,train
8,2,989,train
8,2,990,train
8,2,991,train
8,2,995,train
8,2,996,train
8,2,997,train
8,2,998,train
8,2,999,train
8,2,1000,train
8,2,1003,train
8,2,1004,train
8,2,1005,train
8,2,1006,train
8,2,1007,train
8,2,1008,train
8,2,1011,train
8,2,1012,train
8,2,1013,train
8,2,1014,train
8,2,1015,train
8,2,1016,train
8,2,1017,train
8,2,1019,train
8,2,1020,train
8,2,1021,train
8,2,1022,train
8,2,1023,train
8,2,1024,train
8,2,1025,train
8,2,1026,train
8,2,1027,train
8,2,1028,train
8,2,1029,train
8,2,1031,train
8,2,1032,train
8,2,1033,train
8,2,1034,train
8,2,1035,train
8,2,1036,train
8,2,1037,train
8,2,1038,train
8,2,1039,train
8,2,1040,train
8,2,1042,train
8,2,1043,train
8,2,1044,train
8,2,1045,train
8,2,1046,train
8,2,1047,train
8,2,1048,train
8,2,1049,train
8,2,1050,train
8,2,1051,train
8,2,1052,train
8,2,1053,train
8,2,1054,train
8,2,1056,train
8,2,1057,train
8,2,1060,train
8,2,1063,train
8,2,1064,train
8,2,1065,train
8,2,1066,train
8,2,1067,train
8,2,1070,train
8,2,1071,train
8,2,1072,train
8,2,1073,train
8,2,1074,train
8,2,1075,train
8,2,1076,train
8,2,1077,train
8,2,1078,train
8,2,1079,train
8,2,1080,train
8,2,1081,train
8,2,1082,train
8,2,1084,train
8,2,1085,train
8,2,1086,train
8,2,1087,train
8,2,1091,train
8,2,1092,train
8,2,1093,train
8,2,1095,train
8,2,1097,train
8,2,1098,train
8,2,1099,train
8,2,11,valid
8,2,12,valid
8,2,24,valid
8,2,30,valid
8,2,33,valid
8,2,39,valid
8,2,47,valid
8,2,50,valid
8,2,52,valid
8,2,56,valid
8,2,57,valid
8,2,59,valid
8,2,61,valid
8,2,68,valid
8,2,70,valid
8,2,82,valid
8,2,84,valid
8,2,86,valid
8,2,89,valid
8,2,92,valid
8,2,105,valid
8,2,112,valid
8,2,123,valid
8,2,130,valid
8,2,135,valid
8,2,137,valid
8,2,141,valid
8,2,148,valid
8,2,149,valid
8,2,154,valid
8,2,156,valid
8,2,165,valid
8,2,169,valid
8,2,187,valid
8,2,188,valid
8,2,191,valid
8,2,196,valid
8,2,199,valid
8,2,200,valid
8,2,202,valid
8,2,213,valid
8,2,215,valid
8,2,226,valid
8,2,233,valid
8,2,242,valid
8,2,258,valid
8,2,260,valid
8,2,266,valid
8,2,272,valid
8,2,276,valid
8,2,282,valid
8,2,293,valid
8,2,301,valid
8,2,302,valid
8,2,304,valid
8,2,305,valid
8,2,306,valid
8,2,307,valid
8,2,311,valid
8,2,313,valid
8,2,316,valid
8,2,319,valid
8,2,325,valid
8,2,334,valid
8,2,339,valid
8,2,343,valid
8,2,345,valid
8,2,347,valid
8,2,348,valid
8,2,354,valid
8,2,360,valid
8,2,363,valid
8,2,373,valid
8,2,388,valid
8,2,395,valid
8,2,397,valid
8,2,398,valid
8,2,402,valid
8,2,414,valid
8,2,416,valid
8,2,430,valid
8,2,432,valid
8,2,435,valid
8,2,436,valid
8,2,439,valid
8,2,440,valid
8,2,443,valid
8,2,455,valid
8,2,461,valid
8,2,467,valid
8,2,471,valid
8,2,472,valid
8,2,473,valid
8,2,483,valid
8,2,505,valid
8,2,510,valid
8,2,518,valid
8,2,523,valid
8,2,531,valid
8,2,535,valid
8,2,538,valid
8,2,539,valid
8,2,541,valid
8,2,544,valid
8,2,546,valid
8,2,550,valid
8,2,560,valid
8,2,565,valid
8,2,569,valid
8,2,571,valid
8,2,577,valid
8,2,578,valid
8,2,587,valid
8,2,589,valid
8,2,600,valid
8,2,602,valid
8,2,615,valid
8,2,619,valid
8,2,621,valid
8,2,625,valid
8,2,629,valid
8,2,637,valid
8,2,643,valid
8,2,647,valid
8,2,666,valid
8,2,669,valid
8,2,672,valid
8,2,677,valid
8,2,682,valid
8,2,683,valid
8,2,694,valid
8,2,695,valid
8,2,696,valid
8,2,701,valid
8,2,703,valid
8,2,706,valid
8,2,709,valid
8,2,712,valid
8,2,714,valid
8,2,715,valid
8,2,717,valid
8,2,723,valid
8,2,727,valid
8,2,728,valid
8,2,732,valid
8,2,733,valid
8,2,740,valid
8,2,762,valid
8,2,764,valid
8,2,767,valid
8,2,768,valid
8,2,774,valid
8,2,779,valid
8,2,783,valid
8,2,788,valid
8,2,790,valid
8,2,793,valid
8,2,799,valid
8,2,818,valid
8,2,821,valid
8,2,822,valid
8,2,850,valid
8,2,852,valid
8,2,853,valid
8,2,857,valid
8,2,859,valid
8,2,868,valid
8,2,869,valid
8,2,876,valid
8,2,878,valid
8,2,881,valid
8,2,883,valid
8,2,893,valid
8,2,895,valid
8,2,897,valid
8,2,910,valid
8,2,911,valid
8,2,912,valid
8,2,913,valid
8,2,915,valid
8,2,920,valid
8,2,929,valid
8,2,930,valid
8,2,936,valid
8,2,942,valid
8,2,948,valid
8,2,949,valid
8,2,953,valid
8,2,958,valid
8,2,964,valid
8,2,965,valid
8,2,968,valid
8,2,973,valid
8,2,977,valid
8,2,980,valid
8,2,983,valid
8,2,985,valid
8,2,992,valid
8,2,993,valid
8,2,994,valid
8,2,1001,valid
8,2,1002,valid
8,2,1009,valid
8,2,1010,valid
8,2,1018,valid
8,2,1030,valid
8,2,1041,valid
8,2,1055,valid
8,2,1058,valid
8,2,1059,valid
8,2,1061,valid
8,2,1062,valid
8,2,1068,valid
8,2,1069,valid
8,2,1083,valid
8,2,1088,valid
8,2,1089,valid
8,2,1090,valid
8,2,1094,valid
8,2,1096,valid
8,3,0,train
8,3,2,train
8,3,3,train
8,3,5,train
8,3,8,train
8,3,9,train
8,3,10,train
8,3,11,train
8,3,12,train
8,3,13,train
8,3,14,train
8,3,16,train
8,3,17,train
8,3,18,train
8,3,19,train
8,3,20,train
8,3,22,train
8,3,23,train
8,3,24,train
8,3,25,train
8,3,26,train
8,3,27,train
8,3,28,train
8,3,29,train
8,3,30,train
8,3,31,train
8,3,33,train
8,3,34,train
8,3,35,train
8,3,36,train
8,3,37,train
8,3,38,train
8,3,39,train
8,3,40,train
8,3,41,train
8,3,42,train
8,3,43,train
8,3,44,train
8,3,45,train
8,3,46,train
8,3,47,train
8,3,49,train
8,3,50,train
8,3,52,train
8,3,53,train
8,3,54,train
8,3,55,train
8,3,56,train
8,3,57,train
8,3,59,train
8,3,60,train
8,3,61,train
8,3,62,train
8,3,63,train
8,3,64,train
8,3,65,train
8,3,66,train
8,3,67,train
8,3,68,train
8,3,69,train
8,3,70,train
8,3,71,train
8,3,72,train
8,3,73,train
8,3,74,train
8,3,76,train
8,3,77,train
8,3,79,train
8,3,80,train
8,3,82,train
8,3,83,train
8,3,84,train
8,3,85,train
8,3,86,train
8,3,87,train
8,3,88,train
8,3,89,train
8,3,91,train
8,3,92,train
8,3,93,train
8,3,94,train
8,3,96,train
8,3,98,train
8,3,99,train
8,3,100,train
8,3,101,train
8,3,102,train
8,3,104,train
8,3,105,train
8,3,106,train
8,3,107,train
8,3,109,train
8,3,111,train
8,3,112,train
8,3,113,train
8,3,114,train
8,3,117,train
8,3,118,train
8,3,119,train
8,3,120,train
8,3,121,train
8,3,122,train
8,3,123,train
8,3,125,train
8,3,126,train
8,3,127,train
8,3,128,train
8,3,129,train
8,3,130,train
8,3,131,train
8,3,132,train
8,3,133,train
8,3,134,train
8,3,135,train
8,3,136,train
8,3,137,train
8,3,138,train
8,3,139,train
8,3,140,train
8,3,141,train
8,3,142,train
8,3,144,train
8,3,145,train
8,3,146,train
8,3,148,train
8,3,149,train
8,3,150,train
8,3,153,train
8,3,154,train
8,3,155,train
8,3,156,train
8,3,158,train
8,3,159,train
8,3,160,train
8,3,161,train
8,3,163,train
8,3,164,train
8,3,165,train
8,3,166,train
8,3,167,train
8,3,168,train
8,3,169,train
8,3,170,train
8,3,171,train
8,3,172,train
8,3,173,train
8,3,174,train
8,3,175,train
8,3,176,train
8,3,177,train
8,3,178,train
8,3,180,train
8,3,181,train
8,3,182,train
8,3,183,train
8,3,185,train
8,3,187,train
8,3,188,train
8,3,189,train
8,3,190,train
8,3,191,train
8,3,192,train
8,3,193,train
8,3,194,train
8,3,195,train
8,3,196,train
8,3,197,train
8,3,198,train
8,3,199,train
8,3,200,train
8,3,201,train
8,3,202,train
8,3,203,train
8,3,205,train
8,3,206,train
8,3,208,train
8,3,212,train
8,3,213,train
8,3,215,train
8,3,216,train
8,3,217,train
8,3,219,train
8,3,220,train
8,3,221,train
8,3,222,train
8,3,223,train
8,3,225,train
8,3,226,train
8,3,227,train
8,3,229,train
8,3,230,train
8,3,231,train
8,3,232,train
8,3,233,train
8,3,234,train
8,3,235,train
8,3,237,train
8,3,238,train
8,3,242,train
8,3,247,train
8,3,248,train
8,3,250,train
8,3,252,train
8,3,253,train
8,3,254,train
8,3,256,train
8,3,257,train
8,3,258,train
8,3,260,train
8,3,261,train
8,3,262,train
8,3,263,train
8,3,264,train
8,3,265,train
8,3,266,train
8,3,267,train
8,3,268,train
8,3,269,train
8,3,270,train
8,3,271,train
8,3,272,train
8,3,273,train
8,3,275,train
8,3,276,train
8,3,277,train
8,3,280,train
8,3,281,train
8,3,282,train
8,3,283,train
8,3,284,train
8,3,285,train
8,3,287,train
8,3,288,train
8,3,289,train
8,3,290,train
8,3,291,train
8,3,292,train
8,3,293,train
8,3,294,train
8,3,295,train
8,3,296,train
8,3,297,train
8,3,298,train
8,3,301,train
8,3,302,train
8,3,303,train
8,3,304,train
8,3,305,train
8,3,306,train
8,3,307,train
8,3,308,train
8,3,310,train
8,3,311,train
8,3,313,train
8,3,314,train
8,3,315,train
8,3,316,train
8,3,317,train
8,3,319,train
8,3,320,train
8,3,321,train
8,3,322,train
8,3,323,train
8,3,325,train
8,3,326,train
8,3,327,train
8,3,328,train
8,3,330,train
8,3,331,train
8,3,333,train
8,3,334,train
8,3,336,train
8,3,339,train
8,3,341,train
8,3,342,train
8,3,343,train
8,3,344,train
8,3,345,train
8,3,346,train
8,3,347,train
8,3,348,train
8,3,349,train
8,3,350,train
8,3,352,train
8,3,354,train
8,3,355,train
8,3,356,train
8,3,357,train
8,3,358,train
8,3,360,train
8,3,361,train
8,3,362,train
8,3,363,train
8,3,364,train
8,3,365,train
8,3,366,train
8,3,368,train
8,3,369,train
8,3,371,train
8,3,372,train
8,3,373,train
8,3,374,train
8,3,375,train
8,3,376,train
8,3,377,train
8,3,378,train
8,3,379,train
8,3,380,train
8,3,381,train
8,3,382,train
8,3,383,train
8,3,384,train
8,3,385,train
8,3,386,train
8,3,388,train
8,3,389,train
8,3,391,train
8,3,392,train
8,3,394,train
8,3,395,train
8,3,397,train
8,3,398,train
8,3,399,train
8,3,402,train
8,3,403,train
8,3,404,train
8,3,406,train
8,3,407,train
8,3,408,train
8,3,409,train
8,3,411,train
8,3,412,train
8,3,414,train
8,3,415,train
8,3,416,train
8,3,418,train
8,3,419,train
8,3,420,train
8,3,421,train
8,3,422,train
8,3,423,train
8,3,424,train
8,3,425,train
8,3,426,train
8,3,427,train
8,3,428,train
8,3,429,train
8,3,430,train
8,3,432,train
8,3,433,train
8,3,435,train
8,3,436,train
8,3,438,train
8,3,439,train
8,3,440,train
8,3,442,train
8,3,443,train
8,3,446,train
8,3,447,train
8,3,448,train
8,3,449,train
8,3,452,train
8,3,453,train
8,3,454,train
8,3,455,train
8,3,456,train
8,3,459,train
8,3,460,train
8,3,461,train
8,3,462,train
8,3,463,train
8,3,464,train
8,3,465,train
8,3,467,train
8,3,468,train
8,3,469,train
8,3,470,train
8,3,471,train
8,3,472,train
8,3,473,train
8,3,474,train
8,3,475,train
8,3,476,train
8,3,478,train
8,3,479,train
8,3,480,train
8,3,481,train
8,3,483,train
8,3,484,train
8,3,485,train
8,3,486,train
8,3,488,train
8,3,490,train
8,3,491,train
8,3,492,train
8,3,493,train
8,3,494,train
8,3,495,train
8,3,496,train
8,3,498,train
8,3,499,train
8,3,500,train
8,3,501,train
8,3,502,train
8,3,504,train
8,3,505,train
8,3,506,train
8,3,507,train
8,3,508,train
8,3,509,train
8,3,510,train
8,3,511,train
8,3,513,train
8,3,514,train
8,3,515,train
8,3,517,train
8,3,518,train
8,3,519,train
8,3,520,train
8,3,521,train
8,3,522,train
8,3,523,train
8,3,524,train
8,3,526,train
8,3,527,train
8,3,528,train
8,3,529,train
8,3,530,train
8,3,531,train
8,3,532,train
8,3,533,train
8,3,534,train
8,3,535,train
8,3,537,train
8,3,538,train
8,3,539,train
8,3,540,train
8,3,541,train
8,3,543,train
8,3,544,train
8,3,545,train
8,3,546,train
8,3,547,train
8,3,548,train
8,3,550,train
8,3,552,train
8,3,556,train
8,3,557,train
8,3,558,train
8,3,560,train
8,3,561,train
8,3,563,train
8,3,564,train
8,3,565,train
8,3,567,train
8,3,568,train
8,3,569,train
8,3,571,train
8,3,574,train
8,3,575,train
8,3,576,train
8,3,577,train
8,3,578,train
8,3,579,train
8,3,580,train
8,3,581,train
8,3,582,train
8,3,583,train
8,3,584,train
8,3,585,train
8,3,586,train
8,3,587,train
8,3,588,train
8,3,589,train
8,3,590,train
8,3,591,train
8,3,592,train
8,3,593,train
8,3,594,train
8,3,598,train
8,3,599,train
8,3,600,train
8,3,601,train
8,3,602,train
8,3,603,train
8,3,604,train
8,3,605,train
8,3,606,train
8,3,607,train
8,3,608,train
8,3,611,train
8,3,612,train
8,3,613,train
8,3,615,train
8,3,616,train
8,3,617,train
8,3,618,train
8,3,619,train
8,3,620,train
8,3,621,train
8,3,622,train
8,3,623,train
8,3,624,train
8,3,625,train
8,3,626,train
8,3,627,train
8,3,629,train
8,3,630,train
8,3,632,train
8,3,633,train
8,3,634,train
8,3,635,train
8,3,636,train
8,3,637,train
8,3,638,train
8,3,639,train
8,3,640,train
8,3,641,train
8,3,642,train
8,3,643,train
8,3,646,train
8,3,647,train
8,3,648,train
8,3,649,train
8,3,651,train
8,3,654,train
8,3,655,train
8,3,656,train
8,3,657,train
8,3,658,train
8,3,659,train
8,3,660,train
8,3,661,train
8,3,662,train
8,3,664,train
8,3,666,train
8,3,668,train
8,3,669,train
8,3,670,train
8,3,671,train
8,3,672,train
8,3,674,train
8,3,676,train
8,3,677,train
8,3,678,train
8,3,680,train
8,3,681,train
8,3,682,train
8,3,683,train
8,3,684,train
8,3,685,train
8,3,687,train
8,3,688,train
8,3,691,train
8,3,692,train
8,3,693,train
8,3,694,train
8,3,695,train
8,3,696,train
8,3,697,train
8,3,698,train
8,3,699,train
8,3,701,train
8,3,703,train
8,3,704,train
8,3,705,train
8,3,706,train
8,3,707,train
8,3,708,train
8,3,709,train
8,3,711,train
8,3,712,train
8,3,714,train
8,3,715,train
8,3,716,train
8,3,717,train
8,3,719,train
8,3,720,train
8,3,721,train
8,3,722,train
8,3,723,train
8,3,724,train
8,3,725,train
8,3,726,train
8,3,727,train
8,3,728,train
8,3,731,train
8,3,732,train
8,3,733,train
8,3,734,train
8,3,735,train
8,3,736,train
8,3,737,train
8,3,738,train
8,3,739,train
8,3,740,train
8,3,741,train
8,3,742,train
8,3,744,train
8,3,745,train
8,3,746,train
8,3,747,train
8,3,748,train
8,3,749,train
8,3,750,train
8,3,751,train
8,3,752,train
8,3,753,train
8,3,755,train
8,3,758,train
8,3,759,train
8,3,760,train
8,3,761,train
8,3,762,train
8,3,763,train
8,3,764,train
8,3,765,train
8,3,767,train
8,3,768,train
8,3,769,train
8,3,770,train
8,3,771,train
8,3,772,train
8,3,773,train
8,3,774,train
8,3,775,train
8,3,778,train
8,3,779,train
8,3,780,train
8,3,781,train
8,3,782,train
8,3,783,train
8,3,784,train
8,3,785,train
8,3,787,train
8,3,788,train
8,3,789,train
8,3,790,train
8,3,791,train
8,3,792,train
8,3,793,train
8,3,794,train
8,3,796,train
8,3,797,train
8,3,799,train
8,3,800,train
8,3,801,train
8,3,802,train
8,3,806,train
8,3,809,train
8,3,811,train
8,3,812,train
8,3,813,train
8,3,814,train
8,3,815,train
8,3,816,train
8,3,817,train
8,3,818,train
8,3,819,train
8,3,821,train
8,3,822,train
8,3,823,train
8,3,824,train
8,3,825,train
8,3,826,train
8,3,827,train
8,3,828,train
8,3,829,train
8,3,830,train
8,3,831,train
8,3,832,train
8,3,833,train
8,3,835,train
8,3,836,train
8,3,837,train
8,3,839,train
8,3,840,train
8,3,842,train
8,3,843,train
8,3,844,train
8,3,845,train
8,3,847,train
8,3,848,train
8,3,850,train
8,3,851,train
8,3,852,train
8,3,853,train
8,3,857,train
8,3,858,train
8,3,859,train
8,3,860,train
8,3,863,train
8,3,864,train
8,3,865,train
8,3,866,train
8,3,867,train
8,3,868,train
8,3,869,train
8,3,870,train
8,3,871,train
8,3,872,train
8,3,874,train
8,3,875,train
8,3,876,train
8,3,877,train
8,3,878,train
8,3,880,train
8,3,881,train
8,3,882,train
8,3,883,train
8,3,884,train
8,3,885,train
8,3,886,train
8,3,888,train
8,3,891,train
8,3,892,train
8,3,893,train
8,3,894,train
8,3,895,train
8,3,896,train
8,3,897,train
8,3,898,train
8,3,899,train
8,3,900,train
8,3,901,train
8,3,902,train
8,3,903,train
8,3,904,train
8,3,906,train
8,3,907,train
8,3,908,train
8,3,909,train
8,3,910,train
8,3,911,train
8,3,912,train
8,3,913,train
8,3,914,train
8,3,915,train
8,3,916,train
8,3,917,train
8,3,918,train
8,3,919,train
8,3,920,train
8,3,923,train
8,3,924,train
8,3,925,train
8,3,926,train
8,3,927,train
8,3,929,train
8,3,930,train
8,3,931,train
8,3,933,train
8,3,936,train
8,3,938,train
8,3,940,train
8,3,941,train
8,3,942,train
8,3,944,train
8,3,945,train
8,3,946,train
8,3,947,train
8,3,948,train
8,3,949,train
8,3,950,train
8,3,952,train
8,3,953,train
8,3,954,train
8,3,955,train
8,3,956,train
8,3,958,train
8,3,959,train
8,3,964,train
8,3,965,train
8,3,966,train
8,3,968,train
8,3,969,train
8,3,970,train
8,3,971,train
8,3,972,train
8,3,973,train
8,3,974,train
8,3,975,train
8,3,977,train
8,3,978,train
8,3,980,train
8,3,981,train
8,3,982,train
8,3,983,train
8,3,984,train
8,3,985,train
8,3,986,train
8,3,987,train
8,3,990,train
8,3,991,train
8,3,992,train
8,3,993,train
8,3,994,train
8,3,995,train
8,3,996,train
8,3,998,train
8,3,999,train
8,3,1000,train
8,3,1001,train
8,3,1002,train
8,3,1003,train
8,3,1004,train
8,3,1005,train
8,3,1006,train
8,3,1008,train
8,3,1009,train
8,3,1010,train
8,3,1011,train
8,3,1012,train
8,3,1013,train
8,3,1014,train
8,3,1015,train
8,3,1016,train
8,3,1017,train
8,3,1018,train
8,3,1019,train
8,3,1022,train
8,3,1024,train
8,3,1026,train
8,3,1027,train
8,3,1028,train
8,3,1029,train
8,3,1030,train
8,3,1032,train
8,3,1036,train
8,3,1037,train
8,3,1038,train
8,3,1041,train
8,3,1043,train
8,3,1045,train
8,3,1046,train
8,3,1048,train
8,3,1049,train
8,3,1051,train
8,3,1052,train
8,3,1054,train
8,3,1055,train
8,3,1056,train
8,3,1057,train
8,3,1058,train
8,3,1059,train
8,3,1060,train
8,3,1061,train
8,3,1062,train
8,3,1063,train
8,3,1064,train
8,3,1065,train
8,3,1066,train
8,3,1067,train
8,3,1068,train
8,3,1069,train
8,3,1070,train
8,3,1071,train
8,3,1072,train
8,3,1073,train
8,3,1075,train
8,3,1076,train
8,3,1078,train
8,3,1079,train
8,3,1080,train
8,3,1082,train
8,3,1083,train
8,3,1085,train
8,3,1086,train
8,3,1088,train
8,3,1089,train
8,3,1090,train
8,3,1091,train
8,3,1092,train
8,3,1093,train
8,3,1094,train
8,3,1095,train
8,3,1096,train
8,3,1098,train
8,3,1099,train
8,3,1,valid
8,3,4,valid
8,3,6,valid
8,3,7,valid
8,3,15,valid
8,3,21,valid
8,3,32,valid
8,3,48,valid
8,3,51,valid
8,3,58,valid
8,3,75,valid
8,3,78,valid
8,3,81,valid
8,3,90,valid
8,3,95,valid
8,3,97,valid
8,3,103,valid
8,3,108,valid
8,3,110,valid
8,3,115,valid
8,3,116,valid
8,3,124,valid
8,3,143,valid
8,3,147,valid
8,3,151,valid
8,3,152,valid
8,3,157,valid
8,3,162,valid
8,3,179,valid
8,3,184,valid
8,3,186,valid
8,3,204,valid
8,3,207,valid
8,3,209,valid
8,3,210,valid
8,3,211,valid
8,3,214,valid
8,3,218,valid
8,3,224,valid
8,3,228,valid
8,3,236,valid
8,3,239,valid
8,3,240,valid
8,3,241,valid
8,3,243,valid
8,3,244,valid
8,3,245,valid
8,3,246,valid
8,3,249,valid
8,3,251,valid
8,3,255,valid
8,3,259,valid
8,3,274,valid
8,3,278,valid
8,3,279,valid
8,3,286,valid
8,3,299,valid
8,3,300,valid
8,3,309,valid
8,3,312,valid
8,3,318,valid
8,3,324,valid
8,3,329,valid
8,3,332,valid
8,3,335,valid
8,3,337,valid
8,3,338,valid
8,3,340,valid
8,3,351,valid
8,3,353,valid
8,3,359,valid
8,3,367,valid
8,3,370,valid
8,3,387,valid
8,3,390,valid
8,3,393,valid
8,3,396,valid
8,3,400,valid
8,3,401,valid
8,3,405,valid
8,3,410,valid
8,3,413,valid
8,3,417,valid
8,3,431,valid
8,3,434,valid
8,3,437,valid
8,3,441,valid
8,3,444,valid
8,3,445,valid
8,3,450,valid
8,3,451,valid
8,3,457,valid
8,3,458,valid
8,3,466,valid
8,3,477,valid
8,3,482,valid
8,3,487,valid
8,3,489,valid
8,3,497,valid
8,3,503,valid
8,3,512,valid
8,3,516,valid
8,3,525,valid
8,3,536,valid
8,3,542,valid
8,3,549,valid
8,3,551,valid
8,3,553,valid
8,3,554,valid
8,3,555,valid
8,3,559,valid
8,3,562,valid
8,3,566,valid
8,3,570,valid
8,3,572,valid
8,3,573,valid
8,3,595,valid
8,3,596,valid
8,3,597,valid
8,3,609,valid
8,3,610,valid
8,3,614,valid
8,3,628,valid
8,3,631,valid
8,3,644,valid
8,3,645,valid
8,3,650,valid
8,3,652,valid
8,3,653,valid
8,3,663,valid
8,3,665,valid
8,3,667,valid
8,3,673,valid
8,3,675,valid
8,3,679,valid
8,3,686,valid
8,3,689,valid
8,3,690,valid
8,3,700,valid
8,3,702,valid
8,3,710,valid
8,3,713,valid
8,3,718,valid
8,3,729,valid
8,3,730,valid
8,3,743,valid
8,3,754,valid
8,3,756,valid
8,3,757,valid
8,3,766,valid
8,3,776,valid
8,3,777,valid
8,3,786,valid
8,3,795,valid
8,3,798,valid
8,3,803,valid
8,3,804,valid
8,3,807,valid
8,3,808,valid
8,3,810,valid
8,3,820,valid
8,3,834,valid
8,3,838,valid
8,3,841,valid
8,3,846,valid
8,3,849,valid
8,3,854,valid
8,3,855,valid
8,3,856,valid
8,3,861,valid
8,3,862,valid
8,3,873,valid
8,3,879,valid
8,3,887,valid
8,3,890,valid
8,3,905,valid
8,3,921,valid
8,3,922,valid
8,3,928,valid
8,3,932,valid
8,3,934,valid
8,3,935,valid
8,3,937,valid
8,3,939,valid
8,3,943,valid
8,3,951,valid
8,3,957,valid
8,3,960,valid
8,3,961,valid
8,3,962,valid
8,3,963,valid
8,3,967,valid
8,3,976,valid
8,3,979,valid
8,3,988,valid
8,3,989,valid
8,3,997,valid
8,3,1007,valid
8,3,1020,valid
8,3,1021,valid
8,3,1023,valid
8,3,1025,valid
8,3,1031,valid
8,3,1033,valid
8,3,1034,valid
8,3,1035,valid
8,3,1039,valid
8,3,1040,valid
8,3,1042,valid
8,3,1044,valid
8,3,1047,valid
8,3,1050,valid
8,3,1053,valid
8,3,1074,valid
8,3,1077,valid
8,3,1081,valid
8,3,1084,valid
8,3,1087,valid
8,3,1097,valid
8,4,0,train
8,4,1,train
8,4,2,train
8,4,3,train
8,4,4,train
8,4,5,train
8,4,6,train
8,4,7,train
8,4,8,train
8,4,9,train
8,4,11,train
8,4,12,train
8,4,15,train
8,4,16,train
8,4,17,train
8,4,18,train
8,4,20,train
8,4,21,train
8,4,22,train
8,4,24,train
8,4,27,train
8,4,30,train
8,4,32,train
8,4,33,train
8,4,34,train
8,4,35,train
8,4,36,train
8,4,37,train
8,4,38,train
8,4,39,train
8,4,40,train
8,4,42,train
8,4,43,train
8,4,44,train
8,4,45,train
8,4,46,train
8,4,47,train
8,4,48,train
8,4,49,train
8,4,50,train
8,4,51,train
8,4,52,train
8,4,53,train
8,4,54,train
8,4,55,train
8,4,56,train
8,4,57,train
8,4,58,train
8,4,59,train
8,4,61,train
8,4,62,train
8,4,64,train
8,4,66,train
8,4,67,train
8,4,68,train
8,4,69,train
8,4,70,train
8,4,71,train
8,4,72,train
8,4,73,train
8,4,74,train
8,4,75,train
8,4,77,train
8,4,78,train
8,4,80,train
8,4,81,train
8,4,82,train
8,4,83,train
8,4,84,train
8,4,85,train
8,4,86,train
8,4,87,train
8,4,88,train
8,4,89,train
8,4,90,train
8,4,91,train
8,4,92,train
8,4,93,train
8,4,95,train
8,4,96,train
8,4,97,train
8,4,98,train
8,4,101,train
8,4,102,train
8,4,103,train
8,4,104,train
8,4,105,train
8,4,106,train
8,4,108,train
8,4,109,train
8,4,110,train
8,4,111,train
8,4,112,train
8,4,114,train
8,4,115,train
8,4,116,train
8,4,117,train
8,4,118,train
8,4,119,train
8,4,123,train
8,4,124,train
8,4,125,train
8,4,126,train
8,4,128,train
8,4,129,train
8,4,130,train
8,4,132,train
8,4,133,train
8,4,134,train
8,4,135,train
8,4,136,train
8,4,137,train
8,4,138,train
8,4,139,train
8,4,140,train
8,4,141,train
8,4,142,train
8,4,143,train
8,4,144,train
8,4,146,train
8,4,147,train
8,4,148,train
8,4,149,train
8,4,150,train
8,4,151,train
8,4,152,train
8,4,153,train
8,4,154,train
8,4,155,train
8,4,156,train
8,4,157,train
8,4,158,train
8,4,159,train
8,4,160,train
8,4,162,train
8,4,163,train
8,4,164,train
8,4,165,train
8,4,168,train
8,4,169,train
8,4,174,train
8,4,175,train
8,4,176,train
8,4,177,train
8,4,179,train
8,4,180,train
8,4,183,train
8,4,184,train
8,4,185,train
8,4,186,train
8,4,187,train
8,4,188,train
8,4,189,train
8,4,190,train
8,4,191,train
8,4,193,train
8,4,194,train
8,4,195,train
8,4,196,train
8,4,199,train
8,4,200,train
8,4,201,train
8,4,202,train
8,4,203,train
8,4,204,train
8,4,205,train
8,4,206,train
8,4,207,train
8,4,209,train
8,4,210,train
8,4,211,train
8,4,213,train
8,4,214,train
8,4,215,train
8,4,216,train
8,4,217,train
8,4,218,train
8,4,219,train
8,4,221,train
8,4,222,train
8,4,224,train
8,4,225,train
8,4,226,train
8,4,228,train
8,4,232,train
8,4,233,train
8,4,235,train
8,4,236,train
8,4,238,train
8,4,239,train
8,4,240,train
8,4,241,train
8,4,242,train
8,4,243,train
8,4,244,train
8,4,245,train
8,4,246,train
8,4,248,train
8,4,249,train
8,4,250,train
8,4,251,train
8,4,252,train
8,4,253,train
8,4,254,train
8,4,255,train
8,4,256,train
8,4,257,train
8,4,258,train
8,4,259,train
8,4,260,train
8,4,261,train
8,4,263,train
8,4,265,train
8,4,266,train
8,4,267,train
8,4,268,train
8,4,271,train
8,4,272,train
8,4,273,train
8,4,274,train
8,4,275,train
8,4,276,train
8,4,277,train
8,4,278,train
8,4,279,train
8,4,280,train
8,4,281,train
8,4,282,train
8,4,283,train
8,4,284,train
8,4,285,train
8,4,286,train
8,4,287,train
8,4,288,train
8,4,291,train
8,4,292,train
8,4,293,train
8,4,294,train
8,4,296,train
8,4,297,train
8,4,299,train
8,4,300,train
8,4,301,train
8,4,302,train
8,4,303,train
8,4,304,train
8,4,305,train
8,4,306,train
8,4,307,train
8,4,308,train
8,4,309,train
8,4,310,train
8,4,311,train
8,4,312,train
8,4,313,train
8,4,315,train
8,4,316,train
8,4,318,train
8,4,319,train
8,4,320,train
8,4,322,train
8,4,323,train
8,4,324,train
8,4,325,train
8,4,326,train
8,4,327,train
8,4,329,train
8,4,330,train
8,4,331,train
8,4,332,train
8,4,333,train
8,4,334,train
8,4,335,train
8,4,337,train
8,4,338,train
8,4,339,train
8,4,340,train
8,4,342,train
8,4,343,train
8,4,345,train
8,4,347,train
8,4,348,train
8,4,350,train
8,4,351,train
8,4,353,train
8,4,354,train
8,4,355,train
8,4,356,train
8,4,358,train
8,4,359,train
8,4,360,train
8,4,362,train
8,4,363,train
8,4,364,train
8,4,366,train
8,4,367,train
8,4,368,train
8,4,369,train
8,4,370,train
8,4,371,train
8,4,372,train
8,4,373,train
8,4,375,train
8,4,376,train
8,4,377,train
8,4,380,train
8,4,381,train
8,4,382,train
8,4,383,train
8,4,384,train
8,4,385,train
8,4,386,train
8,4,387,train
8,4,388,train
8,4,390,train
8,4,391,train
8,4,392,train
8,4,393,train
8,4,394,train
8,4,395,train
8,4,396,train
8,4,397,train
8,4,398,train
8,4,400,train
8,4,401,train
8,4,402,train
8,4,405,train
8,4,406,train
8,4,408,train
8,4,409,train
8,4,410,train
8,4,411,train
8,4,412,train
8,4,413,train
8,4,414,train
8,4,416,train
8,4,417,train
8,4,418,train
8,4,419,train
8,4,420,train
8,4,421,train
8,4,422,train
8,4,423,train
8,4,424,train
8,4,425,train
8,4,426,train
8,4,428,train
8,4,430,train
8,4,431,train
8,4,432,train
8,4,433,train
8,4,434,train
8,4,435,train
8,4,436,train
8,4,437,train
8,4,438,train
8,4,439,train
8,4,440,train
8,4,441,train
8,4,442,train
8,4,443,train
8,4,444,train
8,4,445,train
8,4,446,train
8,4,448,train
8,4,449,train
8,4,450,train
8,4,451,train
8,4,453,train
8,4,454,train
8,4,455,train
8,4,456,train
8,4,457,train
8,4,458,train
8,4,459,train
8,4,460,train
8,4,461,train
8,4,462,train
8,4,465,train
8,4,466,train
8,4,467,train
8,4,468,train
8,4,470,train
8,4,471,train
8,4,472,train
8,4,473,train
8,4,474,train
8,4,475,train
8,4,476,train
8,4,477,train
8,4,480,train
8,4,481,train
8,4,482,train
8,4,483,train
8,4,486,train
8,4,487,train
8,4,488,train
8,4,489,train
8,4,493,train
8,4,494,train
8,4,497,train
8,4,498,train
8,4,500,train
8,4,501,train
8,4,502,train
8,4,503,train
8,4,505,train
8,4,508,train
8,4,509,train
8,4,510,train
8,4,512,train
8,4,513,train
8,4,514,train
8,4,516,train
8,4,517,train
8,4,518,train
8,4,519,train
8,4,521,train
8,4,523,train
8,4,524,train
8,4,525,train
8,4,526,train
8,4,529,train
8,4,531,train
8,4,532,train
8,4,533,train
8,4,535,train
8,4,536,train
8,4,537,train
8,4,538,train
8,4,539,train
8,4,540,train
8,4,541,train
8,4,542,train
8,4,544,train
8,4,545,train
8,4,546,train
8,4,547,train
8,4,548,train
8,4,549,train
8,4,550,train
8,4,551,train
8,4,553,train
8,4,554,train
8,4,555,train
8,4,556,train
8,4,557,train
8,4,558,train
8,4,559,train
8,4,560,train
8,4,561,train
8,4,562,train
8,4,563,train
8,4,565,train
8,4,566,train
8,4,567,train
8,4,568,train
8,4,569,train
8,4,570,train
8,4,571,train
8,4,572,train
8,4,573,train
8,4,574,train
8,4,575,train
8,4,577,train
8,4,578,train
8,4,579,train
8,4,582,train
8,4,584,train
8,4,586,train
8,4,587,train
8,4,589,train
8,4,590,train
8,4,594,train
8,4,595,train
8,4,596,train
8,4,597,train
8,4,598,train
8,4,599,train
8,4,600,train
8,4,601,train
8,4,602,train
8,4,603,train
8,4,605,train
8,4,608,train
8,4,609,train
8,4,610,train
8,4,612,train
8,4,614,train
8,4,615,train
8,4,616,train
8,4,618,train
8,4,619,train
8,4,620,train
8,4,621,train
8,4,625,train
8,4,627,train
8,4,628,train
8,4,629,train
8,4,631,train
8,4,633,train
8,4,634,train
8,4,635,train
8,4,636,train
8,4,637,train
8,4,638,train
8,4,642,train
8,4,643,train
8,4,644,train
8,4,645,train
8,4,647,train
8,4,648,train
8,4,649,train
8,4,650,train
8,4,651,train
8,4,652,train
8,4,653,train
8,4,655,train
8,4,658,train
8,4,659,train
8,4,660,train
8,4,661,train
8,4,662,train
8,4,663,train
8,4,664,train
8,4,665,train
8,4,666,train
8,4,667,train
8,4,668,train
8,4,669,train
8,4,671,train
8,4,672,train
8,4,673,train
8,4,674,train
8,4,675,train
8,4,676,train
8,4,677,train
8,4,679,train
8,4,682,train
8,4,683,train
8,4,684,train
8,4,685,train
8,4,686,train
8,4,688,train
8,4,689,train
8,4,690,train
8,4,691,train
8,4,693,train
8,4,694,train
8,4,695,train
8,4,696,train
8,4,699,train
8,4,700,train
8,4,701,train
8,4,702,train
8,4,703,train
8,4,705,train
8,4,706,train
8,4,707,train
8,4,708,train
8,4,709,train
8,4,710,train
8,4,711,train
8,4,712,train
8,4,713,train
8,4,714,train
8,4,715,train
8,4,717,train
8,4,718,train
8,4,720,train
8,4,722,train
8,4,723,train
8,4,725,train
8,4,726,train
8,4,727,train
8,4,728,train
8,4,729,train
8,4,730,train
8,4,732,train
8,4,733,train
8,4,734,train
8,4,735,train
8,4,737,train
8,4,738,train
8,4,739,train
8,4,740,train
8,4,742,train
8,4,743,train
8,4,744,train
8,4,745,train
8,4,747,train
8,4,749,train
8,4,750,train
8,4,751,train
8,4,752,train
8,4,753,train
8,4,754,train
8,4,755,train
8,4,756,train
8,4,757,train
8,4,758,train
8,4,759,train
8,4,760,train
8,4,761,train
8,4,762,train
8,4,763,train
8,4,764,train
8,4,765,train
8,4,766,train
8,4,767,train
8,4,768,train
8,4,769,train
8,4,771,train
8,4,772,train
8,4,774,train
8,4,775,train
8,4,776,train
8,4,777,train
8,4,778,train
8,4,779,train
8,4,780,train
8,4,781,train
8,4,782,train
8,4,783,train
8,4,784,train
8,4,786,train
8,4,787,train
8,4,788,train
8,4,789,train
8,4,790,train
8,4,791,train
8,4,792,train
8,4,793,train
8,4,795,train
8,4,796,train
8,4,797,train
8,4,798,train
8,4,799,train
8,4,800,train
8,4,802,train
8,4,803,train
8,4,804,train
8,4,806,train
8,4,807,train
8,4,808,train
8,4,810,train
8,4,812,train
8,4,813,train
8,4,814,train
8,4,815,train
8,4,816,train
8,4,817,train
8,4,818,train
8,4,819,train
8,4,820,train
8,4,821,train
8,4,822,train
8,4,823,train
8,4,824,train
8,4,826,train
8,4,829,train
8,4,830,train
8,4,831,train
8,4,834,train
8,4,835,train
8,4,837,train
8,4,838,train
8,4,841,train
8,4,843,train
8,4,846,train
8,4,847,train
8,4,849,train
8,4,850,train
8,4,852,train
8,4,853,train
8,4,854,train
8,4,855,train
8,4,856,train
8,4,857,train
8,4,859,train
8,4,860,train
8,4,861,train
8,4,862,train
8,4,863,train
8,4,864,train
8,4,867,train
8,4,868,train
8,4,869,train
8,4,870,train
8,4,871,train
8,4,872,train
8,4,873,train
8,4,875,train
8,4,876,train
8,4,877,train
8,4,878,train
8,4,879,train
8,4,880,train
8,4,881,train
8,4,882,train
8,4,883,train
8,4,884,train
8,4,885,train
8,4,886,train
8,4,887,train
8,4,888,train
8,4,890,train
8,4,892,train
8,4,893,train
8,4,894,train
8,4,895,train
8,4,897,train
8,4,899,train
8,4,901,train
8,4,903,train
8,4,905,train
8,4,908,train
8,4,910,train
8,4,911,train
8,4,912,train
8,4,913,train
8,4,914,train
8,4,915,train
8,4,916,train
8,4,917,train
8,4,918,train
8,4,919,train
8,4,920,train
8,4,921,train
8,4,922,train
8,4,923,train
8,4,924,train
8,4,925,train
8,4,928,train
8,4,929,train
8,4,930,train
8,4,931,train
8,4,932,train
8,4,933,train
8,4,934,train
8,4,935,train
8,4,936,train
8,4,937,train
8,4,938,train
8,4,939,train
8,4,940,train
8,4,941,train
8,4,942,train
8,4,943,train
8,4,944,train
8,4,945,train
8,4,946,train
8,4,947,train
8,4,948,train
8,4,949,train
8,4,951,train
8,4,952,train
8,4,953,train
8,4,954,train
8,4,955,train
8,4,956,train
8,4,957,train
8,4,958,train
8,4,959,train
8,4,960,train
8,4,961,train
8,4,962,train
8,4,963,train
8,4,964,train
8,4,965,train
8,4,966,train
8,4,967,train
8,4,968,train
8,4,969,train
8,4,970,train
8,4,973,train
8,4,975,train
8,4,976,train
8,4,977,train
8,4,978,train
8,4,979,train
8,4,980,train
8,4,981,train
8,4,982,train
8,4,983,train
8,4,984,train
8,4,985,train
8,4,986,train
8,4,987,train
8,4,988,train
8,4,989,train
8,4,991,train
8,4,992,train
8,4,993,train
8,4,994,train
8,4,995,train
8,4,996,train
8,4,997,train
8,4,998,train
8,4,999,train
8,4,1001,train
8,4,1002,train
8,4,1003,train
8,4,1004,train
8,4,1005,train
8,4,1006,train
8,4,1007,train
8,4,1008,train
8,4,1009,train
8,4,1010,train
8,4,1012,train
8,4,1013,train
8,4,1014,train
8,4,1015,train
8,4,1017,train
8,4,1018,train
8,4,1019,train
8,4,1020,train
8,4,1021,train
8,4,1022,train
8,4,1023,train
8,4,1025,train
8,4,1026,train
8,4,1028,train
8,4,1030,train
8,4,1031,train
8,4,1033,train
8,4,1034,train
8,4,1035,train
8,4,1036,train
8,4,1037,train
8,4,1038,train
8,4,1039,train
8,4,1040,train
8,4,1041,train
8,4,1042,train
8,4,1043,train
8,4,1044,train
8,4,1046,train
8,4,1047,train
8,4,1050,train
8,4,1052,train
8,4,1053,train
8,4,1054,train
8,4,1055,train
8,4,1057,train
8,4,1058,train
8,4,1059,train
8,4,1060,train
8,4,1061,train
8,4,1062,train
8,4,1063,train
8,4,1067,train
8,4,1068,train
8,4,1069,train
8,4,1071,train
8,4,1072,train
8,4,1073,train
8,4,1074,train
8,4,1075,train
8,4,1076,train
8,4,1077,train
8,4,1078,train
8,4,1079,train
8,4,1080,train
8,4,1081,train
8,4,1083,train
8,4,1084,train
8,4,1085,train
8,4,1087,train
8,4,1088,train
8,4,1089,train
8,4,1090,train
8,4,1091,train
8,4,1094,train
8,4,1095,train
8,4,1096,train
8,4,1097,train
8,4,1099,train
8,4,10,valid
8,4,13,valid
8,4,14,valid
8,4,19,valid
8,4,23,valid
8,4,25,valid
8,4,26,valid
8,4,28,valid
8,4,29,valid
8,4,31,valid
8,4,41,valid
8,4,60,valid
8,4,63,valid
8,4,65,valid
8,4,76,valid
8,4,79,valid
8,4,94,valid
8,4,99,valid
8,4,100,valid
8,4,107,valid
8,4,113,valid
8,4,120,valid
8,4,121,valid
8,4,122,valid
8,4,127,valid
8,4,131,valid
8,4,145,valid
8,4,161,valid
8,4,166,valid
8,4,167,valid
8,4,170,valid
8,4,171,valid
8,4,172,valid
8,4,173,valid
8,4,178,valid
8,4,181,valid
8,4,182,valid
8,4,192,valid
8,4,197,valid
8,4,198,valid
8,4,208,valid
8,4,212,valid
8,4,220,valid
8,4,223,valid
8,4,227,valid
8,4,229,valid
8,4,230,valid
8,4,231,valid
8,4,234,valid
8,4,237,valid
8,4,247,valid
8,4,262,valid
8,4,264,valid
8,4,269,valid
8,4,270,valid
8,4,289,valid
8,4,290,valid
8,4,295,valid
8,4,298,valid
8,4,314,valid
8,4,317,valid
8,4,321,valid
8,4,328,valid
8,4,336,valid
8,4,341,valid
8,4,344,valid
8,4,346,valid
8,4,349,valid
8,4,352,valid
8,4,357,valid
8,4,361,valid
8,4,365,valid
8,4,374,valid
8,4,378,valid
8,4,379,valid
8,4,389,valid
8,4,399,valid
8,4,403,valid
8,4,404,valid
8,4,407,valid
8,4,415,valid
8,4,427,valid
8,4,429,valid
8,4,447,valid
8,4,452,valid
8,4,463,valid
8,4,464,valid
8,4,469,valid
8,4,478,valid
8,4,479,valid
8,4,484,valid
8,4,485,valid
8,4,490,valid
8,4,491,valid
8,4,492,valid
8,4,495,valid
8,4,496,valid
8,4,499,valid
8,4,504,valid
8,4,506,valid
8,4,507,valid
8,4,511,valid
8,4,515,valid
8,4,520,valid
8,4,522,valid
8,4,527,valid
8,4,528,valid
8,4,530,valid
8,4,534,valid
8,4,543,valid
8,4,552,valid
8,4,564,valid
8,4,576,valid
8,4,580,valid
8,4,581,valid
8,4,583,valid
8,4,585,valid
8,4,588,valid
8,4,591,valid
8,4,592,valid
8,4,593,valid
8,4,604,valid
8,4,606,valid
8,4,607,valid
8,4,611,valid
8,4,613,valid
8,4,617,valid
8,4,622,valid
8,4,623,valid
8,4,624,valid
8,4,626,valid
8,4,630,valid
8,4,632,valid
8,4,639,valid
8,4,640,valid
8,4,641,valid
8,4,646,valid
8,4,654,valid
8,4,656,valid
8,4,657,valid
8,4,670,valid
8,4,678,valid
8,4,680,valid
8,4,681,valid
8,4,687,valid
8,4,692,valid
8,4,697,valid
8,4,698,valid
8,4,704,valid
8,4,716,valid
8,4,719,valid
8,4,721,valid
8,4,724,valid
8,4,731,valid
8,4,736,valid
8,4,741,valid
8,4,746,valid
8,4,748,valid
8,4,770,valid
8,4,773,valid
8,4,785,valid
8,4,794,valid
8,4,801,valid
8,4,809,valid
8,4,811,valid
8,4,825,valid
8,4,827,valid
8,4,828,valid
8,4,832,valid
8,4,833,valid
8,4,836,valid
8,4,839,valid
8,4,840,valid
8,4,842,valid
8,4,844,valid
8,4,845,valid
8,4,848,valid
8,4,851,valid
8,4,858,valid
8,4,865,valid
8,4,866,valid
8,4,874,valid
8,4,891,valid
8,4,896,valid
8,4,898,valid
8,4,900,valid
8,4,902,valid
8,4,904,valid
8,4,906,valid
8,4,907,valid
8,4,909,valid
8,4,926,valid
8,4,927,valid
8,4,950,valid
8,4,971,valid
8,4,972,valid
8,4,974,valid
8,4,990,valid
8,4,1000,valid
8,4,1011,valid
8,4,1016,valid
8,4,1024,valid
8,4,1027,valid
8,4,1029,valid
8,4,1032,valid
8,4,1045,valid
8,4,1048,valid
8,4,1049,valid
8,4,1051,valid
8,4,1056,valid
8,4,1064,valid
8,4,1065,valid
8,4,1066,valid
8,4,1070,valid
8,4,1082,valid
8,4,1086,valid
8,4,1092,valid
8,4,1093,valid
8,4,1098,valid
9,0,0,train
9,0,3,train
9,0,4,train
9,0,6,train
9,0,7,train
9,0,8,train
9,0,9,train
9,0,10,train
9,0,12,train
9,0,13,train
9,0,14,train
9,0,15,train
9,0,16,train
9,0,17,train
9,0,18,train
9,0,19,train
9,0,20,train
9,0,21,train
9,0,23,train
9,0,25,train
9,0,27,train
9,0,28,train
9,0,29,train
9,0,30,train
9,0,31,train
9,0,32,train
9,0,33,train
9,0,34,train
9,0,35,train
9,0,36,train
9,0,39,train
9,0,40,train
9,0,41,train
9,0,42,train
9,0,43,train
9,0,44,train
9,0,45,train
9,0,46,train
9,0,47,train
9,0,48,train
9,0,49,train
9,0,50,train
9,0,51,train
9,0,52,train
9,0,53,train
9,0,54,train
9,0,55,train
9,0,56,train
9,0,57,train
9,0,58,train
9,0,60,train
9,0,61,train
9,0,62,train
9,0,63,train
9,0,64,train
9,0,65,train
9,0,66,train
9,0,67,train
9,0,68,train
9,0,69,train
9,0,70,train
9,0,71,train
9,0,72,train
9,0,73,train
9,0,75,train
9,0,76,train
9,0,77,train
9,0,79,train
9,0,80,train
9,0,82,train
9,0,83,train
9,0,84,train
9,0,85,train
9,0,87,train
9,0,88,train
9,0,89,train
9,0,90,train
9,0,91,train
9,0,92,train
9,0,94,train
9,0,95,train
9,0,96,train
9,0,97,train
9,0,98,train
9,0,99,train
9,0,100,train
9,0,101,train
9,0,103,train
9,0,104,train
9,0,106,train
9,0,107,train
9,0,108,train
9,0,110,train
9,0,111,train
9,0,112,train
9,0,113,train
9,0,114,train
9,0,116,train
9,0,117,train
9,0,118,train
9,0,119,train
9,0,120,train
9,0,122,train
9,0,123,train
9,0,124,train
9,0,126,train
9,0,127,train
9,0,128,train
9,0,129,train
9,0,130,train
9,0,133,train
9,0,135,train
9,0,136,train
9,0,137,train
9,0,138,train
9,0,141,train
9,0,143,train
9,0,144,train
9,0,145,train
9,0,147,train
9,0,149,train
9,0,150,train
9,0,151,train
9,0,152,train
9,0,153,train
9,0,154,train
9,0,156,train
9,0,157,train
9,0,158,train
9,0,159,train
9,0,160,train
9,0,162,train
9,0,163,train
9,0,165,train
9,0,166,train
9,0,167,train
9,0,169,train
9,0,170,train
9,0,172,train
9,0,173,train
9,0,174,train
9,0,175,train
9,0,176,train
9,0,177,train
9,0,178,train
9,0,181,train
9,0,182,train
9,0,184,train
9,0,185,train
9,0,186,train
9,0,187,train
9,0,188,train
9,0,189,train
9,0,190,train
9,0,191,train
9,0,192,train
9,0,193,train
9,0,195,train
9,0,197,train
9,0,198,train
9,0,199,train
9,0,200,train
9,0,201,train
9,0,202,train
9,0,204,train
9,0,205,train
9,0,206,train
9,0,207,train
9,0,208,train
9,0,209,train
9,0,210,train
9,0,211,train
9,0,212,train
9,0,215,train
9,0,216,train
9,0,217,train
9,0,219,train
9,0,220,train
9,0,222,train
9,0,223,train
9,0,224,train
9,0,226,train
9,0,228,train
9,0,229,train
9,0,230,train
9,0,231,train
9,0,232,train
9,0,233,train
9,0,234,train
9,0,235,train
9,0,236,train
9,0,237,train
9,0,239,train
9,0,240,train
9,0,241,train
9,0,242,train
9,0,243,train
9,0,245,train
9,0,247,train
9,0,248,train
9,0,249,train
9,0,250,train
9,0,252,train
9,0,253,train
9,0,254,train
9,0,255,train
9,0,256,train
9,0,257,train
9,0,259,train
9,0,260,train
9,0,261,train
9,0,262,train
9,0,264,train
9,0,265,train
9,0,266,train
9,0,267,train
9,0,268,train
9,0,269,train
9,0,270,train
9,0,271,train
9,0,272,train
9,0,273,train
9,0,275,train
9,0,277,train
9,0,278,train
9,0,279,train
9,0,280,train
9,0,281,train
9,0,282,train
9,0,284,train
9,0,285,train
9,0,286,train
9,0,287,train
9,0,288,train
9,0,289,train
9,0,290,train
9,0,291,train
9,0,297,train
9,0,298,train
9,0,299,train
9,0,300,train
9,0,301,train
9,0,302,train
9,0,303,train
9,0,304,train
9,0,305,train
9,0,306,train
9,0,307,train
9,0,309,train
9,0,311,train
9,0,312,train
9,0,314,train
9,0,316,train
9,0,317,train
9,0,319,train
9,0,320,train
9,0,321,train
9,0,323,train
9,0,324,train
9,0,325,train
9,0,326,train
9,0,327,train
9,0,330,train
9,0,332,train
9,0,333,train
9,0,335,train
9,0,336,train
9,0,337,train
9,0,338,train
9,0,339,train
9,0,340,train
9,0,341,train
9,0,342,train
9,0,343,train
9,0,344,train
9,0,345,train
9,0,346,train
9,0,347,train
9,0,348,train
9,0,349,train
9,0,351,train
9,0,352,train
9,0,353,train
9,0,354,train
9,0,355,train
9,0,358,train
9,0,359,train
9,0,360,train
9,0,361,train
9,0,362,train
9,0,363,train
9,0,364,train
9,0,365,train
9,0,366,train
9,0,367,train
9,0,368,train
9,0,369,train
9,0,370,train
9,0,374,train
9,0,375,train
9,0,376,train
9,0,377,train
9,0,378,train
9,0,379,train
9,0,380,train
9,0,381,train
9,0,382,train
9,0,383,train
9,0,385,train
9,0,386,train
9,0,387,train
9,0,389,train
9,0,390,train
9,0,391,train
9,0,392,train
9,0,393,train
9,0,394,train
9,0,395,train
9,0,396,train
9,0,397,train
9,0,398,train
9,0,399,train
9,0,400,train
9,0,402,train
9,0,403,train
9,0,404,train
9,0,405,train
9,0,407,train
9,0,408,train
9,0,409,train
9,0,411,train
9,0,413,train
9,0,414,train
9,0,415,train
9,0,416,train
9,0,417,train
9,0,418,train
9,0,419,train
9,0,420,train
9,0,421,train
9,0,422,train
9,0,423,train
9,0,424,train
9,0,426,train
9,0,427,train
9,0,428,train
9,0,429,train
9,0,430,train
9,0,432,train
9,0,434,train
9,0,435,train
9,0,438,train
9,0,439,train
9,0,441,train
9,0,443,train
9,0,444,train
9,0,445,train
9,0,446,train
9,0,447,train
9,0,448,train
9,0,449,train
9,0,450,train
9,0,451,train
9,0,453,train
9,0,454,train
9,0,456,train
9,0,457,train
9,0,458,train
9,0,459,train
9,0,460,train
9,0,461,train
9,0,462,train
9,0,463,train
9,0,464,train
9,0,465,train
9,0,466,train
9,0,467,train
9,0,468,train
9,0,469,train
9,0,470,train
9,0,471,train
9,0,472,train
9,0,474,train
9,0,476,train
9,0,477,train
9,0,478,train
9,0,479,train
9,0,480,train
9,0,482,train
9,0,483,train
9,0,484,train
9,0,487,train
9,0,488,train
9,0,489,train
9,0,490,train
9,0,492,train
9,0,493,train
9,0,495,train
9,0,496,train
9,0,497,train
9,0,498,train
9,0,499,train
9,0,501,train
9,0,502,train
9,0,503,train
9,0,505,train
9,0,506,train
9,0,508,train
9,0,509,train
9,0,510,train
9,0,511,train
9,0,512,train
9,0,513,train
9,0,514,train
9,0,515,train
9,0,516,train
9,0,517,train
9,0,518,train
9,0,519,train
9,0,520,train
9,0,521,train
9,0,522,train
9,0,523,train
9,0,525,train
9,0,526,train
9,0,527,train
9,0,528,train
9,0,529,train
9,0,530,train
9,0,531,train
9,0,532,train
9,0,534,train
9,0,535,train
9,0,536,train
9,0,537,train
9,0,540,train
9,0,541,train
9,0,543,train
9,0,544,train
9,0,545,train
9,0,546,train
9,0,547,train
9,0,551,train
9,0,552,train
9,0,553,train
9,0,554,train
9,0,555,train
9,0,557,train
9,0,559,train
9,0,560,train
9,0,561,train
9,0,563,train
9,0,564,train
9,0,565,train
9,0,567,train
9,0,568,train
9,0,569,train
9,0,570,train
9,0,571,train
9,0,572,train
9,0,573,train
9,0,576,train
9,0,577,train
9,0,579,train
9,0,580,train
9,0,581,train
9,0,583,train
9,0,584,train
9,0,585,train
9,0,586,train
9,0,587,train
9,0,588,train
9,0,589,train
9,0,591,train
9,0,592,train
9,0,594,train
9,0,595,train
9,0,597,train
9,0,599,train
9,0,600,train
9,0,601,train
9,0,602,train
9,0,604,train
9,0,605,train
9,0,606,train
9,0,607,train
9,0,608,train
9,0,609,train
9,0,610,train
9,0,611,train
9,0,612,train
9,0,613,train
9,0,614,train
9,0,617,train
9,0,619,train
9,0,620,train
9,0,621,train
9,0,622,train
9,0,623,train
9,0,624,train
9,0,625,train
9,0,626,train
9,0,627,train
9,0,628,train
9,0,629,train
9,0,630,train
9,0,631,train
9,0,632,train
9,0,633,train
9,0,634,train
9,0,635,train
9,0,637,train
9,0,638,train
9,0,639,train
9,0,645,train
9,0,647,train
9,0,648,train
9,0,649,train
9,0,650,train
9,0,652,train
9,0,653,train
9,0,654,train
9,0,655,train
9,0,657,train
9,0,658,train
9,0,661,train
9,0,662,train
9,0,663,train
9,0,665,train
9,0,666,train
9,0,667,train
9,0,668,train
9,0,669,train
9,0,670,train
9,0,671,train
9,0,672,train
9,0,673,train
9,0,674,train
9,0,675,train
9,0,676,train
9,0,677,train
9,0,678,train
9,0,679,train
9,0,680,train
9,0,681,train
9,0,682,train
9,0,683,train
9,0,685,train
9,0,686,train
9,0,687,train
9,0,689,train
9,0,690,train
9,0,691,train
9,0,692,train
9,0,693,train
9,0,695,train
9,0,696,train
9,0,697,train
9,0,698,train
9,0,699,train
9,0,700,train
9,0,702,train
9,0,703,train
9,0,704,train
9,0,705,train
9,0,707,train
9,0,708,train
9,0,709,train
9,0,710,train
9,0,711,train
9,0,712,train
9,0,714,train
9,0,715,train
9,0,716,train
9,0,718,train
9,0,719,train
9,0,721,train
9,0,723,train
9,0,724,train
9,0,725,train
9,0,729,train
9,0,730,train
9,0,731,train
9,0,732,train
9,0,733,train
9,0,734,train
9,0,735,train
9,0,736,train
9,0,737,train
9,0,738,train
9,0,739,train
9,0,740,train
9,0,741,train
9,0,742,train
9,0,743,train
9,0,744,train
9,0,746,train
9,0,748,train
9,0,749,train
9,0,751,train
9,0,753,train
9,0,755,train
9,0,756,train
9,0,758,train
9,0,762,train
9,0,763,train
9,0,765,train
9,0,766,train
9,0,767,train
9,0,768,train
9,0,772,train
9,0,774,train
9,0,777,train
9,0,778,train
9,0,779,train
9,0,780,train
9,0,781,train
9,0,782,train
9,0,783,train
9,0,784,train
9,0,785,train
9,0,786,train
9,0,787,train
9,0,789,train
9,0,790,train
9,0,791,train
9,0,793,train
9,0,794,train
9,0,795,train
9,0,796,train
9,0,797,train
9,0,798,train
9,0,799,train
9,0,802,train
9,0,803,train
9,0,806,train
9,0,807,train
9,0,808,train
9,0,809,train
9,0,812,train
9,0,813,train
9,0,814,train
9,0,815,train
9,0,817,train
9,0,819,train
9,0,820,train
9,0,822,train
9,0,823,train
9,0,824,train
9,0,825,train
9,0,826,train
9,0,827,train
9,0,828,train
9,0,829,train
9,0,830,train
9,0,831,train
9,0,832,train
9,0,833,train
9,0,834,train
9,0,835,train
9,0,837,train
9,0,838,train
9,0,839,train
9,0,840,train
9,0,841,train
9,0,842,train
9,0,843,train
9,0,844,train
9,0,845,train
9,0,847,train
9,0,848,train
9,0,849,train
9,0,850,train
9,0,851,train
9,0,852,train
9,0,853,train
9,0,854,train
9,0,856,train
9,0,857,train
9,0,859,train
9,0,860,train
9,0,863,train
9,0,866,train
9,0,867,train
9,0,868,train
9,0,869,train
9,0,871,train
9,0,872,train
9,0,873,train
9,0,875,train
9,0,876,train
9,0,877,train
9,0,878,train
9,0,880,train
9,0,881,train
9,0,882,train
9,0,883,train
9,0,884,train
9,0,885,train
9,0,886,train
9,0,887,train
9,0,891,train
9,0,892,train
9,0,893,train
9,0,894,train
9,0,895,train
9,0,896,train
9,0,897,train
9,0,898,train
9,0,900,train
9,0,901,train
9,0,903,train
9,0,904,train
9,0,906,train
9,0,907,train
9,0,908,train
9,0,909,train
9,0,911,train
9,0,912,train
9,0,914,train
9,0,915,train
9,0,916,train
9,0,918,train
9,0,919,train
9,0,920,train
9,0,921,train
9,0,922,train
9,0,923,train
9,0,924,train
9,0,925,train
9,0,926,train
9,0,928,train
9,0,929,train
9,0,930,train
9,0,931,train
9,0,932,train
9,0,934,train
9,0,935,train
9,0,936,train
9,0,937,train
9,0,939,train
9,0,940,train
9,0,941,train
9,0,942,train
9,0,943,train
9,0,944,train
9,0,945,train
9,0,946,train
9,0,947,train
9,0,948,train
9,0,949,train
9,0,950,train
9,0,951,train
9,0,952,train
9,0,953,train
9,0,954,train
9,0,955,train
9,0,956,train
9,0,957,train
9,0,958,train
9,0,959,train
9,0,960,train
9,0,961,train
9,0,962,train
9,0,963,train
9,0,964,train
9,0,965,train
9,0,966,train
9,0,967,train
9,0,969,train
9,0,970,train
9,0,971,train
9,0,972,train
9,0,974,train
9,0,976,train
9,0,977,train
9,0,978,train
9,0,980,train
9,0,981,train
9,0,982,train
9,0,983,train
9,0,984,train
9,0,985,train
9,0,986,train
9,0,987,train
9,0,988,train
9,0,989,train
9,0,990,train
9,0,991,train
9,0,993,train
9,0,994,train
9,0,995,train
9,0,996,train
9,0,997,train
9,0,998,train
9,0,999,train
9,0,1000,train
9,0,1001,train
9,0,1002,train
9,0,1003,train
9,0,1004,train
9,0,1005,train
9,0,1006,train
9,0,1007,train
9,0,1008,train
9,0,1009,train
9,0,1010,train
9,0,1011,train
9,0,1013,train
9,0,1014,train
9,0,1015,train
9,0,1016,train
9,0,1017,train
9,0,1018,train
9,0,1019,train
9,0,1021,train
9,0,1022,train
9,0,1024,train
9,0,1025,train
9,0,1026,train
9,0,1027,train
9,0,1028,train
9,0,1029,train
9,0,1030,train
9,0,1031,train
9,0,1032,train
9,0,1034,train
9,0,1038,train
9,0,1040,train
9,0,1041,train
9,0,1042,train
9,0,1043,train
9,0,1044,train
9,0,1045,train
9,0,1046,train
9,0,1047,train
9,0,1049,train
9,0,1050,train
9,0,1052,train
9,0,1053,train
9,0,1055,train
9,0,1056,train
9,0,1057,train
9,0,1058,train
9,0,1059,train
9,0,1060,train
9,0,1062,train
9,0,1063,train
9,0,1064,train
9,0,1065,train
9,0,1066,train
9,0,1067,train
9,0,1068,train
9,0,1070,train
9,0,1073,train
9,0,1074,train
9,0,1075,train
9,0,1076,train
9,0,1077,train
9,0,1078,train
9,0,1081,train
9,0,1082,train
9,0,1083,train
9,0,1084,train
9,0,1085,train
9,0,1086,train
9,0,1087,train
9,0,1088,train
9,0,1089,train
9,0,1090,train
9,0,1091,train
9,0,1092,train
9,0,1093,train
9,0,1094,train
9,0,1095,train
9,0,1096,train
9,0,1098,train
9,0,1099,train
9,0,1,valid
9,0,2,valid
9,0,5,valid
9,0,11,valid
9,0,22,valid
9,0,24,valid
9,0,26,valid
9,0,37,valid
9,0,38,valid
9,0,59,valid
9,0,74,valid
9,0,78,valid
9,0,81,valid
9,0,86,valid
9,0,93,valid
9,0,102,valid
9,0,105,valid
9,0,109,valid
9,0,115,valid
9,0,121,valid
9,0,125,valid
9,0,131,valid
9,0,132,valid
9,0,134,valid
9,0,139,valid
9,0,140,valid
9,0,142,valid
9,0,146,valid
9,0,148,valid
9,0,155,valid
9,0,161,valid
9,0,164,valid
9,0,168,valid
9,0,171,valid
9,0,179,valid
9,0,180,valid
9,0,183,valid
9,0,194,valid
9,0,196,valid
9,0,203,valid
9,0,213,valid
9,0,214,valid
9,0,218,valid
9,0,221,valid
9,0,225,valid
9,0,227,valid
9,0,238,valid
9,0,244,valid
9,0,246,valid
9,0,251,valid
9,0,258,valid
9,0,263,valid
9,0,274,valid
9,0,276,valid
9,0,283,valid
9,0,292,valid
9,0,293,valid
9,0,294,valid
9,0,295,valid
9,0,296,valid
9,0,308,valid
9,0,310,valid
9,0,313,valid
9,0,315,valid
9,0,318,valid
9,0,322,valid
9,0,328,valid
9,0,329,valid
9,0,331,valid
9,0,334,valid
9,0,350,valid
9,0,356,valid
9,0,357,valid
9,0,371,valid
9,0,372,valid
9,0,373,valid
9,0,384,valid
9,0,388,valid
9,0,401,valid
9,0,406,valid
9,0,410,valid
9,0,412,valid
9,0,425,valid
9,0,431,valid
9,0,433,valid
9,0,436,valid
9,0,437,valid
9,0,440,valid
9,0,442,valid
9,0,452,valid
9,0,455,valid
9,0,473,valid
9,0,475,valid
9,0,481,valid
9,0,485,valid
9,0,486,valid
9,0,491,valid
9,0,494,valid
9,0,500,valid
9,0,504,valid
9,0,507,valid
9,0,524,valid
9,0,533,valid
9,0,538,valid
9,0,539,valid
9,0,542,valid
9,0,548,valid
9,0,549,valid
9,0,550,valid
9,0,556,valid
9,0,558,valid
9,0,562,valid
9,0,566,valid
9,0,574,valid
9,0,575,valid
9,0,578,valid
9,0,582,valid
9,0,590,valid
9,0,593,valid
9,0,596,valid
9,0,598,valid
9,0,603,valid
9,0,615,valid
9,0,616,valid
9,0,618,valid
9,0,636,valid
9,0,640,valid
9,0,641,valid
9,0,642,valid
9,0,643,valid
9,0,644,valid
9,0,646,valid
9,0,651,valid
9,0,656,valid
9,0,659,valid
9,0,660,valid
9,0,664,valid
9,0,684,valid
9,0,688,valid
9,0,694,valid
9,0,701,valid
9,0,706,valid
9,0,713,valid
9,0,717,valid
9,0,720,valid
9,0,722,valid
9,0,726,valid
9,0,727,valid
9,0,728,valid
9,0,745,valid
9,0,747,valid
9,0,750,valid
9,0,752,valid
9,0,754,valid
9,0,757,valid
9,0,759,valid
9,0,760,valid
9,0,761,valid
9,0,764,valid
9,0,769,valid
9,0,770,valid
9,0,771,valid
9,0,773,valid
9,0,775,valid
9,0,776,valid
9,0,788,valid
9,0,792,valid
9,0,800,valid
9,0,801,valid
9,0,804,valid
9,0,810,valid
9,0,811,valid
9,0,816,valid
9,0,818,valid
9,0,821,valid
9,0,836,valid
9,0,846,valid
9,0,855,valid
9,0,858,valid
9,0,861,valid
9,0,862,valid
9,0,864,valid
9,0,865,valid
9,0,870,valid
9,0,874,valid
9,0,879,valid
9,0,888,valid
9,0,890,valid
9,0,899,valid
9,0,902,valid
9,0,905,valid
9,0,910,valid
9,0,913,valid
9,0,917,valid
9,0,927,valid
9,0,933,valid
9,0,938,valid
9,0,968,valid
9,0,973,valid
9,0,975,valid
9,0,979,valid
9,0,992,valid
9,0,1012,valid
9,0,1020,valid
9,0,1023,valid
9,0,1033,valid
9,0,1035,valid
9,0,1036,valid
9,0,1037,valid
9,0,1039,valid
9,0,1048,valid
9,0,1051,valid
9,0,1054,valid
9,0,1061,valid
9,0,1069,valid
9,0,1071,valid
9,0,1072,valid
9,0,1079,valid
9,0,1080,valid
9,0,1097,valid
9,1,0,train
9,1,1,train
9,1,2,train
9,1,4,train
9,1,5,train
9,1,6,train
9,1,7,train
9,1,8,train
9,1,9,train
9,1,10,train
9,1,11,train
9,1,13,train
9,1,14,train
9,1,15,train
9,1,17,train
9,1,19,train
9,1,20,train
9,1,21,train
9,1,22,train
9,1,24,train
9,1,25,train
9,1,26,train
9,1,27,train
9,1,28,train
9,1,29,train
9,1,30,train
9,1,32,train
9,1,33,train
9,1,34,train
9,1,35,train
9,1,36,train
9,1,37,train
9,1,38,train
9,1,41,train
9,1,42,train
9,1,43,train
9,1,44,train
9,1,46,train
9,1,49,train
9,1,50,train
9,1,52,train
9,1,54,train
9,1,56,train
9,1,58,train
9,1,59,train
9,1,60,train
9,1,63,train
9,1,65,train
9,1,67,train
9,1,69,train
9,1,70,train
9,1,71,train
9,1,73,train
9,1,74,train
9,1,76,train
9,1,77,train
9,1,78,train
9,1,79,train
9,1,80,train
9,1,81,train
9,1,82,train
9,1,83,train
9,1,84,train
9,1,85,train
9,1,86,train
9,1,87,train
9,1,89,train
9,1,92,train
9,1,93,train
9,1,94,train
9,1,95,train
9,1,96,train
9,1,97,train
9,1,98,train
9,1,99,train
9,1,100,train
9,1,101,train
9,1,102,train
9,1,103,train
9,1,104,train
9,1,105,train
9,1,106,train
9,1,108,train
9,1,109,train
9,1,111,train
9,1,112,train
9,1,113,train
9,1,114,train
9,1,115,train
9,1,118,train
9,1,119,train
9,1,121,train
9,1,122,train
9,1,123,train
9,1,124,train
9,1,125,train
9,1,127,train
9,1,128,train
9,1,130,train
9,1,131,train
9,1,132,train
9,1,133,train
9,1,134,train
9,1,135,train
9,1,136,train
9,1,137,train
9,1,138,train
9,1,139,train
9,1,140,train
9,1,141,train
9,1,142,train
9,1,143,train
9,1,144,train
9,1,145,train
9,1,146,train
9,1,147,train
9,1,148,train
9,1,151,train
9,1,154,train
9,1,155,train
9,1,156,train
9,1,157,train
9,1,158,train
9,1,159,train
9,1,161,train
9,1,162,train
9,1,164,train
9,1,165,train
9,1,166,train
9,1,168,train
9,1,171,train
9,1,172,train
9,1,173,train
9,1,174,train
9,1,176,train
9,1,177,train
9,1,179,train
9,1,180,train
9,1,182,train
9,1,183,train
9,1,184,train
9,1,185,train
9,1,186,train
9,1,187,train
9,1,190,train
9,1,191,train
9,1,192,train
9,1,193,train
9,1,194,train
9,1,195,train
9,1,196,train
9,1,197,train
9,1,198,train
9,1,199,train
9,1,201,train
9,1,203,train
9,1,204,train
9,1,207,train
9,1,208,train
9,1,209,train
9,1,211,train
9,1,213,train
9,1,214,train
9,1,217,train
9,1,218,train
9,1,219,train
9,1,221,train
9,1,222,train
9,1,223,train
9,1,224,train
9,1,225,train
9,1,226,train
9,1,227,train
9,1,229,train
9,1,230,train
9,1,231,train
9,1,234,train
9,1,235,train
9,1,236,train
9,1,237,train
9,1,238,train
9,1,239,train
9,1,240,train
9,1,243,train
9,1,244,train
9,1,246,train
9,1,249,train
9,1,250,train
9,1,251,train
9,1,252,train
9,1,253,train
9,1,254,train
9,1,255,train
9,1,256,train
9,1,258,train
9,1,260,train
9,1,261,train
9,1,262,train
9,1,263,train
9,1,264,train
9,1,265,train
9,1,266,train
9,1,267,train
9,1,268,train
9,1,269,train
9,1,271,train
9,1,272,train
9,1,273,train
9,1,274,train
9,1,276,train
9,1,277,train
9,1,278,train
9,1,279,train
9,1,280,train
9,1,282,train
9,1,283,train
9,1,284,train
9,1,286,train
9,1,287,train
9,1,288,train
9,1,289,train
9,1,290,train
9,1,292,train
9,1,293,train
9,1,294,train
9,1,295,train
9,1,296,train
9,1,297,train
9,1,298,train
9,1,299,train
9,1,300,train
9,1,301,train
9,1,302,train
9,1,305,train
9,1,306,train
9,1,307,train
9,1,308,train
9,1,309,train
9,1,310,train
9,1,311,train
9,1,312,train
9,1,313,train
9,1,315,train
9,1,316,train
9,1,317,train
9,1,318,train
9,1,321,train
9,1,322,train
9,1,323,train
9,1,324,train
9,1,325,train
9,1,327,train
9,1,328,train
9,1,329,train
9,1,330,train
9,1,331,train
9,1,332,train
9,1,333,train
9,1,334,train
9,1,335,train
9,1,336,train
9,1,337,train
9,1,338,train
9,1,340,train
9,1,341,train
9,1,342,train
9,1,343,train
9,1,344,train
9,1,345,train
9,1,346,train
9,1,347,train
9,1,348,train
9,1,349,train
9,1,350,train
9,1,351,train
9,1,353,train
9,1,354,train
9,1,355,train
9,1,356,train
9,1,357,train
9,1,358,train
9,1,360,train
9,1,361,train
9,1,362,train
9,1,363,train
9,1,364,train
9,1,369,train
9,1,370,train
9,1,371,train
9,1,372,train
9,1,373,train
9,1,374,train
9,1,375,train
9,1,376,train
9,1,377,train
9,1,378,train
9,1,379,train
9,1,380,train
9,1,381,train
9,1,383,train
9,1,384,train
9,1,385,train
9,1,386,train
9,1,387,train
9,1,388,train
9,1,389,train
9,1,390,train
9,1,391,train
9,1,392,train
9,1,393,train
9,1,394,train
9,1,397,train
9,1,399,train
9,1,400,train
9,1,401,train
9,1,402,train
9,1,403,train
9,1,404,train
9,1,405,train
9,1,406,train
9,1,407,train
9,1,408,train
9,1,409,train
9,1,410,train
9,1,412,train
9,1,413,train
9,1,415,train
9,1,417,train
9,1,418,train
9,1,419,train
9,1,420,train
9,1,421,train
9,1,422,train
9,1,423,train
9,1,424,train
9,1,425,train
9,1,429,train
9,1,430,train
9,1,431,train
9,1,432,train
9,1,433,train
9,1,434,train
9,1,435,train
9,1,436,train
9,1,437,train
9,1,438,train
9,1,439,train
9,1,440,train
9,1,441,train
9,1,442,train
9,1,443,train
9,1,444,train
9,1,445,train
9,1,446,train
9,1,447,train
9,1,448,train
9,1,449,train
9,1,450,train
9,1,451,train
9,1,452,train
9,1,454,train
9,1,455,train
9,1,457,train
9,1,459,train
9,1,460,train
9,1,461,train
9,1,462,train
9,1,463,train
9,1,464,train
9,1,465,train
9,1,466,train
9,1,467,train
9,1,468,train
9,1,469,train
9,1,470,train
9,1,471,train
9,1,472,train
9,1,473,train
9,1,474,train
9,1,475,train
9,1,476,train
9,1,477,train
9,1,478,train
9,1,481,train
9,1,483,train
9,1,484,train
9,1,485,train
9,1,486,train
9,1,487,train
9,1,488,train
9,1,491,train
9,1,492,train
9,1,494,train
9,1,495,train
9,1,497,train
9,1,498,train
9,1,499,train
9,1,500,train
9,1,501,train
9,1,503,train
9,1,504,train
9,1,505,train
9,1,506,train
9,1,507,train
9,1,508,train
9,1,509,train
9,1,512,train
9,1,513,train
9,1,514,train
9,1,515,train
9,1,517,train
9,1,518,train
9,1,519,train
9,1,520,train
9,1,522,train
9,1,523,train
9,1,524,train
9,1,526,train
9,1,527,train
9,1,528,train
9,1,529,train
9,1,530,train
9,1,531,train
9,1,532,train
9,1,533,train
9,1,534,train
9,1,535,train
9,1,536,train
9,1,537,train
9,1,538,train
9,1,539,train
9,1,540,train
9,1,542,train
9,1,543,train
9,1,544,train
9,1,545,train
9,1,546,train
9,1,548,train
9,1,549,train
9,1,550,train
9,1,551,train
9,1,552,train
9,1,554,train
9,1,555,train
9,1,556,train
9,1,557,train
9,1,558,train
9,1,559,train
9,1,560,train
9,1,561,train
9,1,562,train
9,1,563,train
9,1,565,train
9,1,566,train
9,1,567,train
9,1,568,train
9,1,569,train
9,1,570,train
9,1,571,train
9,1,572,train
9,1,573,train
9,1,574,train
9,1,575,train
9,1,576,train
9,1,577,train
9,1,578,train
9,1,579,train
9,1,581,train
9,1,582,train
9,1,584,train
9,1,585,train
9,1,587,train
9,1,588,train
9,1,590,train
9,1,592,train
9,1,593,train
9,1,594,train
9,1,595,train
9,1,596,train
9,1,597,train
9,1,598,train
9,1,599,train
9,1,601,train
9,1,602,train
9,1,603,train
9,1,604,train
9,1,605,train
9,1,606,train
9,1,607,train
9,1,608,train
9,1,609,train
9,1,610,train
9,1,611,train
9,1,612,train
9,1,614,train
9,1,615,train
9,1,616,train
9,1,617,train
9,1,618,train
9,1,619,train
9,1,622,train
9,1,623,train
9,1,625,train
9,1,626,train
9,1,627,train
9,1,628,train
9,1,630,train
9,1,631,train
9,1,632,train
9,1,633,train
9,1,634,train
9,1,635,train
9,1,636,train
9,1,637,train
9,1,638,train
9,1,640,train
9,1,641,train
9,1,642,train
9,1,643,train
9,1,644,train
9,1,646,train
9,1,647,train
9,1,648,train
9,1,649,train
9,1,650,train
9,1,651,train
9,1,652,train
9,1,653,train
9,1,654,train
9,1,655,train
9,1,656,train
9,1,657,train
9,1,658,train
9,1,659,train
9,1,660,train
9,1,662,train
9,1,663,train
9,1,664,train
9,1,665,train
9,1,666,train
9,1,667,train
9,1,668,train
9,1,669,train
9,1,671,train
9,1,672,train
9,1,673,train
9,1,674,train
9,1,675,train
9,1,676,train
9,1,677,train
9,1,678,train
9,1,679,train
9,1,680,train
9,1,682,train
9,1,684,train
9,1,685,train
9,1,687,train
9,1,688,train
9,1,689,train
9,1,690,train
9,1,692,train
9,1,694,train
9,1,695,train
9,1,697,train
9,1,698,train
9,1,699,train
9,1,700,train
9,1,701,train
9,1,702,train
9,1,706,train
9,1,707,train
9,1,708,train
9,1,710,train
9,1,711,train
9,1,712,train
9,1,713,train
9,1,716,train
9,1,717,train
9,1,719,train
9,1,720,train
9,1,721,train
9,1,722,train
9,1,723,train
9,1,725,train
9,1,726,train
9,1,727,train
9,1,728,train
9,1,729,train
9,1,731,train
9,1,732,train
9,1,733,train
9,1,734,train
9,1,735,train
9,1,736,train
9,1,738,train
9,1,739,train
9,1,740,train
9,1,741,train
9,1,742,train
9,1,744,train
9,1,745,train
9,1,746,train
9,1,747,train
9,1,749,train
9,1,750,train
9,1,751,train
9,1,752,train
9,1,753,train
9,1,754,train
9,1,756,train
9,1,757,train
9,1,758,train
9,1,759,train
9,1,760,train
9,1,761,train
9,1,764,train
9,1,765,train
9,1,766,train
9,1,767,train
9,1,768,train
9,1,769,train
9,1,770,train
9,1,771,train
9,1,772,train
9,1,773,train
9,1,774,train
9,1,775,train
9,1,776,train
9,1,777,train
9,1,779,train
9,1,781,train
9,1,782,train
9,1,783,train
9,1,784,train
9,1,785,train
9,1,787,train
9,1,788,train
9,1,789,train
9,1,790,train
9,1,791,train
9,1,792,train
9,1,793,train
9,1,794,train
9,1,795,train
9,1,796,train
9,1,797,train
9,1,798,train
9,1,799,train
9,1,800,train
9,1,801,train
9,1,802,train
9,1,804,train
9,1,806,train
9,1,807,train
9,1,808,train
9,1,810,train
9,1,811,train
9,1,812,train
9,1,813,train
9,1,814,train
9,1,816,train
9,1,817,train
9,1,818,train
9,1,820,train
9,1,821,train
9,1,822,train
9,1,823,train
9,1,824,train
9,1,825,train
9,1,827,train
9,1,829,train
9,1,830,train
9,1,832,train
9,1,833,train
9,1,835,train
9,1,836,train
9,1,837,train
9,1,838,train
9,1,840,train
9,1,841,train
9,1,842,train
9,1,843,train
9,1,844,train
9,1,846,train
9,1,849,train
9,1,851,train
9,1,852,train
9,1,853,train
9,1,854,train
9,1,855,train
9,1,856,train
9,1,857,train
9,1,858,train
9,1,859,train
9,1,860,train
9,1,861,train
9,1,862,train
9,1,863,train
9,1,864,train
9,1,865,train
9,1,866,train
9,1,869,train
9,1,870,train
9,1,871,train
9,1,873,train
9,1,874,train
9,1,875,train
9,1,876,train
9,1,878,train
9,1,879,train
9,1,880,train
9,1,881,train
9,1,882,train
9,1,884,train
9,1,885,train
9,1,886,train
9,1,887,train
9,1,888,train
9,1,890,train
9,1,892,train
9,1,893,train
9,1,894,train
9,1,895,train
9,1,896,train
9,1,897,train
9,1,898,train
9,1,899,train
9,1,900,train
9,1,901,train
9,1,902,train
9,1,904,train
9,1,905,train
9,1,906,train
9,1,907,train
9,1,909,train
9,1,910,train
9,1,911,train
9,1,912,train
9,1,913,train
9,1,914,train
9,1,916,train
9,1,917,train
9,1,920,train
9,1,921,train
9,1,924,train
9,1,925,train
9,1,926,train
9,1,927,train
9,1,928,train
9,1,929,train
9,1,930,train
9,1,932,train
9,1,933,train
9,1,936,train
9,1,937,train
9,1,938,train
9,1,939,train
9,1,940,train
9,1,942,train
9,1,944,train
9,1,945,train
9,1,946,train
9,1,947,train
9,1,948,train
9,1,949,train
9,1,950,train
9,1,951,train
9,1,952,train
9,1,953,train
9,1,954,train
9,1,956,train
9,1,957,train
9,1,958,train
9,1,959,train
9,1,960,train
9,1,962,train
9,1,967,train
9,1,968,train
9,1,970,train
9,1,973,train
9,1,974,train
9,1,975,train
9,1,976,train
9,1,977,train
9,1,978,train
9,1,979,train
9,1,981,train
9,1,984,train
9,1,985,train
9,1,986,train
9,1,987,train
9,1,988,train
9,1,989,train
9,1,990,train
9,1,991,train
9,1,992,train
9,1,993,train
9,1,994,train
9,1,996,train
9,1,997,train
9,1,999,train
9,1,1000,train
9,1,1001,train
9,1,1002,train
9,1,1003,train
9,1,1004,train
9,1,1006,train
9,1,1008,train
9,1,1009,train
9,1,1011,train
9,1,1012,train
9,1,1014,train
9,1,1015,train
9,1,1016,train
9,1,1017,train
9,1,1018,train
9,1,1019,train
9,1,1020,train
9,1,1022,train
9,1,1023,train
9,1,1024,train
9,1,1025,train
9,1,1026,train
9,1,1028,train
9,1,1029,train
9,1,1030,train
9,1,1032,train
9,1,1033,train
9,1,1035,train
9,1,1036,train
9,1,1037,train
9,1,1038,train
9,1,1039,train
9,1,1040,train
9,1,1041,train
9,1,1044,train
9,1,1048,train
9,1,1049,train
9,1,1050,train
9,1,1051,train
9,1,1052,train
9,1,1054,train
9,1,1056,train
9,1,1057,train
9,1,1059,train
9,1,1060,train
9,1,1061,train
9,1,1062,train
9,1,1063,train
9,1,1064,train
9,1,1065,train
9,1,1066,train
9,1,1067,train
9,1,1068,train
9,1,1069,train
9,1,1070,train
9,1,1071,train
9,1,1072,train
9,1,1073,train
9,1,1074,train
9,1,1075,train
9,1,1076,train
9,1,1079,train
9,1,1080,train
9,1,1081,train
9,1,1082,train
9,1,1083,train
9,1,1086,train
9,1,1087,train
9,1,1088,train
9,1,1089,train
9,1,1092,train
9,1,1093,train
9,1,1094,train
9,1,1095,train
9,1,1096,train
9,1,1097,train
9,1,1098,train
9,1,3,valid
9,1,12,valid
9,1,16,valid
9,1,18,valid
9,1,23,valid
9,1,31,valid
9,1,39,valid
9,1,40,valid
9,1,45,valid
9,1,47,valid
9,1,48,valid
9,1,51,valid
9,1,53,valid
9,1,55,valid
9,1,57,valid
9,1,61,valid
9,1,62,valid
9,1,64,valid
9,1,66,valid
9,1,68,valid
9,1,72,valid
9,1,75,valid
9,1,88,valid
9,1,90,valid
9,1,91,valid
9,1,107,valid
9,1,110,valid
9,1,116,valid
9,1,117,valid
9,1,120,valid
9,1,126,valid
9,1,129,valid
9,1,149,valid
9,1,150,valid
9,1,152,valid
9,1,153,valid
9,1,160,valid
9,1,163,valid
9,1,167,valid
9,1,169,valid
9,1,170,valid
9,1,175,valid
9,1,178,valid
9,1,181,valid
9,1,188,valid
9,1,189,valid
9,1,200,valid
9,1,202,valid
9,1,205,valid
9,1,206,valid
9,1,210,valid
9,1,212,valid
9,1,215,valid
9,1,216,valid
9,1,220,valid
9,1,228,valid
9,1,232,valid
9,1,233,valid
9,1,241,valid
9,1,242,valid
9,1,245,valid
9,1,247,valid
9,1,248,valid
9,1,257,valid
9,1,259,valid
9,1,270,valid
9,1,275,valid
9,1,281,valid
9,1,285,valid
9,1,291,valid
9,1,303,valid
9,1,304,valid
9,1,314,valid
9,1,319,valid
9,1,320,valid
9,1,326,valid
9,1,339,valid
9,1,352,valid
9,1,359,valid
9,1,365,valid
9,1,366,valid
9,1,367,valid
9,1,368,valid
9,1,382,valid
9,1,395,valid
9,1,396,valid
9,1,398,valid
9,1,411,valid
9,1,414,valid
9,1,416,valid
9,1,426,valid
9,1,427,valid
9,1,428,valid
9,1,453,valid
9,1,456,valid
9,1,458,valid
9,1,479,valid
9,1,480,valid
9,1,482,valid
9,1,489,valid
9,1,490,valid
9,1,493,valid
9,1,496,valid
9,1,502,valid
9,1,510,valid
9,1,511,valid
9,1,516,valid
9,1,521,valid
9,1,525,valid
9,1,541,valid
9,1,547,valid
9,1,553,valid
9,1,564,valid
9,1,580,valid
9,1,583,valid
9,1,586,valid
9,1,589,valid
9,1,591,valid
9,1,600,valid
9,1,613,valid
9,1,620,valid
9,1,621,valid
9,1,624,valid
9,1,629,valid
9,1,639,valid
9,1,645,valid
9,1,661,valid
9,1,670,valid
9,1,681,valid
9,1,683,valid
9,1,686,valid
9,1,691,valid
9,1,693,valid
9,1,696,valid
9,1,703,valid
9,1,704,valid
9,1,705,valid
9,1,709,valid
9,1,714,valid
9,1,715,valid
9,1,718,valid
9,1,724,valid
9,1,730,valid
9,1,737,valid
9,1,743,valid
9,1,748,valid
9,1,755,valid
9,1,762,valid
9,1,763,valid
9,1,778,valid
9,1,780,valid
9,1,786,valid
9,1,803,valid
9,1,809,valid
9,1,815,valid
9,1,819,valid
9,1,826,valid
9,1,828,valid
9,1,831,valid
9,1,834,valid
9,1,839,valid
9,1,845,valid
9,1,847,valid
9,1,848,valid
9,1,850,valid
9,1,867,valid
9,1,868,valid
9,1,872,valid
9,1,877,valid
9,1,883,valid
9,1,891,valid
9,1,903,valid
9,1,908,valid
9,1,915,valid
9,1,918,valid
9,1,919,valid
9,1,922,valid
9,1,923,valid
9,1,931,valid
9,1,934,valid
9,1,935,valid
9,1,941,valid
9,1,943,valid
9,1,955,valid
9,1,961,valid
9,1,963,valid
9,1,964,valid
9,1,965,valid
9,1,966,valid
9,1,969,valid
9,1,971,valid
9,1,972,valid
9,1,980,valid
9,1,982,valid
9,1,983,valid
9,1,995,valid
9,1,998,valid
9,1,1005,valid
9,1,1007,valid
9,1,1010,valid
9,1,1013,valid
9,1,1021,valid
9,1,1027,valid
9,1,1031,valid
9,1,1034,valid
9,1,1042,valid
9,1,1043,valid
9,1,1045,valid
9,1,1046,valid
9,1,1047,valid
9,1,1053,valid
9,1,1055,valid
9,1,1058,valid
9,1,1077,valid
9,1,1078,valid
9,1,1084,valid
9,1,1085,valid
9,1,1090,valid
9,1,1091,valid
9,1,1099,valid
9,2,1,train
9,2,2,train
9,2,3,train
9,2,4,train
9,2,5,train
9,2,6,train
9,2,7,train
9,2,8,train
9,2,9,train
9,2,10,train
9,2,11,train
9,2,12,train
9,2,15,train
9,2,16,train
9,2,17,train
9,2,18,train
9,2,19,train
9,2,20,train
9,2,21,train
9,2,22,train
9,2,23,train
9,2,24,train
9,2,25,train
9,2,26,train
9,2,28,train
9,2,31,train
9,2,32,train
9,2,33,train
9,2,34,train
9,2,35,train
9,2,36,train
9,2,37,train
9,2,38,train
9,2,39,train
9,2,40,train
9,2,41,train
9,2,42,train
9,2,43,train
9,2,45,train
9,2,46,train
9,2,47,train
9,2,48,train
9,2,49,train
9,2,50,train
9,2,51,train
9,2,52,train
9,2,53,train
9,2,55,train
9,2,57,train
9,2,59,train
9,2,60,train
9,2,61,train
9,2,62,train
9,2,63,train
9,2,64,train
9,2,65,train
9,2,66,train
9,2,68,train
9,2,69,train
9,2,70,train
9,2,71,train
9,2,72,train
9,2,73,train
9,2,74,train
9,2,75,train
9,2,77,train
9,2,78,train
9,2,79,train
9,2,81,train
9,2,82,train
9,2,83,train
9,2,86,train
9,2,87,train
9,2,88,train
9,2,89,train
9,2,90,train
9,2,91,train
9,2,92,train
9,2,93,train
9,2,94,train
9,2,96,train
9,2,97,train
9,2,98,train
9,2,99,train
9,2,100,train
9,2,101,train
9,2,102,train
9,2,105,train
9,2,107,train
9,2,108,train
9,2,109,train
9,2,110,train
9,2,113,train
9,2,114,train
9,2,115,train
9,2,116,train
9,2,117,train
9,2,118,train
9,2,120,train
9,2,121,train
9,2,122,train
9,2,123,train
9,2,124,train
9,2,125,train
9,2,126,train
9,2,128,train
9,2,129,train
9,2,130,train
9,2,131,train
9,2,132,train
9,2,133,train
9,2,134,train
9,2,136,train
9,2,137,train
9,2,139,train
9,2,140,train
9,2,141,train
9,2,142,train
9,2,144,train
9,2,146,train
9,2,147,train
9,2,148,train
9,2,149,train
9,2,150,train
9,2,151,train
9,2,152,train
9,2,153,train
9,2,154,train
9,2,155,train
9,2,156,train
9,2,160,train
9,2,161,train
9,2,162,train
9,2,163,train
9,2,164,train
9,2,166,train
9,2,167,train
9,2,168,train
9,2,169,train
9,2,170,train
9,2,171,train
9,2,172,train
9,2,173,train
9,2,175,train
9,2,176,train
9,2,177,train
9,2,178,train
9,2,179,train
9,2,180,train
9,2,181,train
9,2,182,train
9,2,183,train
9,2,185,train
9,2,186,train
9,2,187,train
9,2,188,train
9,2,189,train
9,2,191,train
9,2,192,train
9,2,194,train
9,2,196,train
9,2,197,train
9,2,200,train
9,2,201,train
9,2,202,train
9,2,203,train
9,2,205,train
9,2,206,train
9,2,207,train
9,2,209,train
9,2,210,train
9,2,211,train
9,2,212,train
9,2,213,train
9,2,214,train
9,2,215,train
9,2,216,train
9,2,217,train
9,2,218,train
9,2,219,train
9,2,220,train
9,2,221,train
9,2,222,train
9,2,223,train
9,2,224,train
9,2,225,train
9,2,227,train
9,2,228,train
9,2,229,train
9,2,230,train
9,2,231,train
9,2,232,train
9,2,233,train
9,2,234,train
9,2,235,train
9,2,236,train
9,2,237,train
9,2,238,train
9,2,239,train
9,2,240,train
9,2,241,train
9,2,242,train
9,2,244,train
9,2,245,train
9,2,246,train
9,2,247,train
9,2,248,train
9,2,251,train
9,2,255,train
9,2,256,train
9,2,257,train
9,2,258,train
9,2,259,train
9,2,260,train
9,2,261,train
9,2,262,train
9,2,263,train
9,2,264,train
9,2,265,train
9,2,267,train
9,2,269,train
9,2,270,train
9,2,271,train
9,2,273,train
9,2,274,train
9,2,275,train
9,2,276,train
9,2,281,train
9,2,282,train
9,2,283,train
9,2,284,train
9,2,285,train
9,2,287,train
9,2,288,train
9,2,289,train
9,2,290,train
9,2,291,train
9,2,292,train
9,2,293,train
9,2,294,train
9,2,295,train
9,2,296,train
9,2,297,train
9,2,300,train
9,2,301,train
9,2,302,train
9,2,303,train
9,2,304,train
9,2,305,train
9,2,308,train
9,2,310,train
9,2,311,train
9,2,313,train
9,2,314,train
9,2,315,train
9,2,317,train
9,2,318,train
9,2,319,train
9,2,320,train
9,2,322,train
9,2,323,train
9,2,324,train
9,2,325,train
9,2,326,train
9,2,327,train
9,2,328,train
9,2,329,train
9,2,331,train
9,2,332,train
9,2,333,train
9,2,334,train
9,2,335,train
9,2,338,train
9,2,339,train
9,2,340,train
9,2,341,train
9,2,342,train
9,2,343,train
9,2,344,train
9,2,345,train
9,2,348,train
9,2,349,train
9,2,350,train
9,2,351,train
9,2,352,train
9,2,356,train
9,2,357,train
9,2,358,train
9,2,359,train
9,2,361,train
9,2,362,train
9,2,363,train
9,2,365,train
9,2,366,train
9,2,367,train
9,2,368,train
9,2,369,train
9,2,370,train
9,2,371,train
9,2,372,train
9,2,373,train
9,2,376,train
9,2,378,train
9,2,379,train
9,2,380,train
9,2,382,train
9,2,383,train
9,2,384,train
9,2,385,train
9,2,387,train
9,2,388,train
9,2,390,train
9,2,392,train
9,2,395,train
9,2,396,train
9,2,397,train
9,2,398,train
9,2,400,train
9,2,401,train
9,2,402,train
9,2,403,train
9,2,404,train
9,2,405,train
9,2,406,train
9,2,408,train
9,2,409,train
9,2,410,train
9,2,411,train
9,2,412,train
9,2,413,train
9,2,414,train
9,2,415,train
9,2,416,train
9,2,417,train
9,2,418,train
9,2,419,train
9,2,421,train
9,2,423,train
9,2,424,train
9,2,425,train
9,2,426,train
9,2,427,train
9,2,428,train
9,2,429,train
9,2,430,train
9,2,431,train
9,2,433,train
9,2,434,train
9,2,436,train
9,2,437,train
9,2,438,train
9,2,440,train
9,2,441,train
9,2,442,train
9,2,443,train
9,2,446,train
9,2,447,train
9,2,448,train
9,2,450,train
9,2,451,train
9,2,452,train
9,2,453,train
9,2,454,train
9,2,455,train
9,2,456,train
9,2,457,train
9,2,458,train
9,2,459,train
9,2,460,train
9,2,462,train
9,2,464,train
9,2,466,train
9,2,467,train
9,2,469,train
9,2,470,train
9,2,471,train
9,2,473,train
9,2,474,train
9,2,475,train
9,2,477,train
9,2,479,train
9,2,480,train
9,2,481,train
9,2,482,train
9,2,483,train
9,2,484,train
9,2,485,train
9,2,486,train
9,2,487,train
9,2,488,train
9,2,489,train
9,2,490,train
9,2,491,train
9,2,492,train
9,2,493,train
9,2,494,train
9,2,495,train
9,2,496,train
9,2,498,train
9,2,499,train
9,2,500,train
9,2,502,train
9,2,503,train
9,2,504,train
9,2,505,train
9,2,507,train
9,2,508,train
9,2,510,train
9,2,511,train
9,2,512,train
9,2,515,train
9,2,516,train
9,2,517,train
9,2,518,train
9,2,519,train
9,2,520,train
9,2,521,train
9,2,524,train
9,2,525,train
9,2,527,train
9,2,530,train
9,2,531,train
9,2,533,train
9,2,536,train
9,2,537,train
9,2,538,train
9,2,539,train
9,2,541,train
9,2,542,train
9,2,543,train
9,2,544,train
9,2,545,train
9,2,546,train
9,2,547,train
9,2,548,train
9,2,549,train
9,2,550,train
9,2,552,train
9,2,553,train
9,2,554,train
9,2,556,train
9,2,557,train
9,2,558,train
9,2,559,train
9,2,561,train
9,2,562,train
9,2,563,train
9,2,564,train
9,2,566,train
9,2,567,train
9,2,568,train
9,2,569,train
9,2,570,train
9,2,571,train
9,2,572,train
9,2,573,train
9,2,574,train
9,2,575,train
9,2,576,train
9,2,577,train
9,2,578,train
9,2,580,train
9,2,582,train
9,2,583,train
9,2,585,train
9,2,586,train
9,2,587,train
9,2,588,train
9,2,589,train
9,2,590,train
9,2,591,train
9,2,593,train
9,2,594,train
9,2,596,train
9,2,598,train
9,2,599,train
9,2,600,train
9,2,601,train
9,2,602,train
9,2,603,train
9,2,604,train
9,2,606,train
9,2,609,train
9,2,610,train
9,2,612,train
9,2,613,train
9,2,614,train
9,2,615,train
9,2,616,train
9,2,617,train
9,2,618,train
9,2,619,train
9,2,620,train
9,2,621,train
9,2,623,train
9,2,624,train
9,2,625,train
9,2,628,train
9,2,629,train
9,2,630,train
9,2,634,train
9,2,635,train
9,2,636,train
9,2,639,train
9,2,640,train
9,2,641,train
9,2,642,train
9,2,643,train
9,2,644,train
9,2,645,train
9,2,646,train
9,2,648,train
9,2,650,train
9,2,651,train
9,2,652,train
9,2,653,train
9,2,655,train
9,2,656,train
9,2,657,train
9,2,658,train
9,2,659,train
9,2,660,train
9,2,661,train
9,2,662,train
9,2,663,train
9,2,664,train
9,2,665,train
9,2,666,train
9,2,667,train
9,2,668,train
9,2,669,train
9,2,670,train
9,2,671,train
9,2,673,train
9,2,674,train
9,2,675,train
9,2,677,train
9,2,678,train
9,2,680,train
9,2,681,train
9,2,682,train
9,2,683,train
9,2,684,train
9,2,686,train
9,2,688,train
9,2,690,train
9,2,691,train
9,2,693,train
9,2,694,train
9,2,695,train
9,2,696,train
9,2,699,train
9,2,701,train
9,2,702,train
9,2,703,train
9,2,704,train
9,2,705,train
9,2,706,train
9,2,707,train
9,2,709,train
9,2,710,train
9,2,711,train
9,2,712,train
9,2,713,train
9,2,714,train
9,2,715,train
9,2,716,train
9,2,717,train
9,2,718,train
9,2,720,train
9,2,722,train
9,2,723,train
9,2,724,train
9,2,725,train
9,2,726,train
9,2,727,train
9,2,728,train
9,2,729,train
9,2,730,train
9,2,732,train
9,2,733,train
9,2,737,train
9,2,739,train
9,2,740,train
9,2,741,train
9,2,742,train
9,2,743,train
9,2,744,train
9,2,745,train
9,2,746,train
9,2,747,train
9,2,748,train
9,2,750,train
9,2,752,train
9,2,754,train
9,2,755,train
9,2,756,train
9,2,757,train
9,2,759,train
9,2,760,train
9,2,761,train
9,2,762,train
9,2,763,train
9,2,764,train
9,2,766,train
9,2,767,train
9,2,769,train
9,2,770,train
9,2,771,train
9,2,772,train
9,2,773,train
9,2,774,train
9,2,775,train
9,2,776,train
9,2,777,train
9,2,778,train
9,2,779,train
9,2,780,train
9,2,781,train
9,2,782,train
9,2,784,train
9,2,785,train
9,2,786,train
9,2,787,train
9,2,788,train
9,2,791,train
9,2,792,train
9,2,794,train
9,2,795,train
9,2,796,train
9,2,797,train
9,2,800,train
9,2,801,train
9,2,803,train
9,2,804,train
9,2,807,train
9,2,808,train
9,2,809,train
9,2,810,train
9,2,811,train
9,2,812,train
9,2,813,train
9,2,814,train
9,2,815,train
9,2,816,train
9,2,817,train
9,2,818,train
9,2,819,train
9,2,820,train
9,2,821,train
9,2,822,train
9,2,824,train
9,2,826,train
9,2,828,train
9,2,829,train
9,2,830,train
9,2,831,train
9,2,833,train
9,2,834,train
9,2,835,train
9,2,836,train
9,2,837,train
9,2,838,train
9,2,839,train
9,2,840,train
9,2,841,train
9,2,843,train
9,2,844,train
9,2,845,train
9,2,846,train
9,2,847,train
9,2,848,train
9,2,849,train
9,2,850,train
9,2,853,train
9,2,854,train
9,2,855,train
9,2,856,train
9,2,858,train
9,2,859,train
9,2,861,train
9,2,862,train
9,2,864,train
9,2,865,train
9,2,866,train
9,2,867,train
9,2,868,train
9,2,869,train
9,2,870,train
9,2,871,train
9,2,872,train
9,2,873,train
9,2,874,train
9,2,875,train
9,2,877,train
9,2,878,train
9,2,879,train
9,2,880,train
9,2,881,train
9,2,882,train
9,2,883,train
9,2,884,train
9,2,885,train
9,2,888,train
9,2,890,train
9,2,891,train
9,2,892,train
9,2,894,train
9,2,895,train
9,2,896,train
9,2,897,train
9,2,898,train
9,2,899,train
9,2,900,train
9,2,901,train
9,2,902,train
9,2,903,train
9,2,904,train
9,2,905,train
9,2,906,train
9,2,907,train
9,2,908,train
9,2,909,train
9,2,910,train
9,2,912,train
9,2,913,train
9,2,914,train
9,2,915,train
9,2,917,train
9,2,918,train
9,2,919,train
9,2,920,train
9,2,921,train
9,2,922,train
9,2,923,train
9,2,924,train
9,2,925,train
9,2,926,train
9,2,927,train
9,2,928,train
9,2,929,train
9,2,931,train
9,2,933,train
9,2,934,train
9,2,935,train
9,2,938,train
9,2,939,train
9,2,940,train
9,2,941,train
9,2,943,train
9,2,944,train
9,2,947,train
9,2,948,train
9,2,949,train
9,2,950,train
9,2,951,train
9,2,952,train
9,2,953,train
9,2,955,train
9,2,957,train
9,2,958,train
9,2,959,train
9,2,960,train
9,2,961,train
9,2,962,train
9,2,963,train
9,2,964,train
9,2,965,train
9,2,966,train
9,2,967,train
9,2,968,train
9,2,969,train
9,2,970,train
9,2,971,train
9,2,972,train
9,2,973,train
9,2,974,train
9,2,975,train
9,2,977,train
9,2,978,train
9,2,979,train
9,2,980,train
9,2,981,train
9,2,982,train
9,2,983,train
9,2,984,train
9,2,985,train
9,2,986,train
9,2,988,train
9,2,989,train
9,2,991,train
9,2,992,train
9,2,994,train
9,2,995,train
9,2,997,train
9,2,998,train
9,2,1000,train
9,2,1002,train
9,2,1004,train
9,2,1005,train
9,2,1006,train
9,2,1007,train
9,2,1008,train
9,2,1009,train
9,2,1010,train
9,2,1011,train
9,2,1012,train
9,2,1013,train
9,2,1014,train
9,2,1018,train
9,2,1019,train
9,2,1020,train
9,2,1021,train
9,2,1022,train
9,2,1023,train
9,2,1024,train
9,2,1025,train
9,2,1026,train
9,2,1027,train
9,2,1028,train
9,2,1030,train
9,2,1031,train
9,2,1033,train
9,2,1034,train
9,2,1035,train
9,2,1036,train
9,2,1037,train
9,2,1038,train
9,2,1039,train
9,2,1040,train
9,2,1041,train
9,2,1042,train
9,2,1043,train
9,2,1044,train
9,2,1045,train
9,2,1046,train
9,2,1047,train
9,2,1048,train
9,2,1050,train
9,2,1051,train
9,2,1052,train
9,2,1053,train
9,2,1054,train
9,2,1055,train
9,2,1056,train
9,2,1058,train
9,2,1059,train
9,2,1060,train
9,2,1061,train
9,2,1062,train
9,2,1063,train
9,2,1065,train
9,2,1067,train
9,2,1068,train
9,2,1069,train
9,2,1071,train
9,2,1072,train
9,2,1073,train
9,2,1074,train
9,2,1075,train
9,2,1076,train
9,2,1077,train
9,2,1078,train
9,2,1079,train
9,2,1080,train
9,2,1081,train
9,2,1082,train
9,2,1084,train
9,2,1085,train
9,2,1087,train
9,2,1089,train
9,2,1090,train
9,2,1091,train
9,2,1094,train
9,2,1096,train
9,2,1097,train
9,2,1098,train
9,2,1099,train
9,2,0,valid
9,2,13,valid
9,2,14,valid
9,2,27,valid
9,2,29,valid
9,2,30,valid
9,2,44,valid
9,2,54,valid
9,2,56,valid
9,2,58,valid
9,2,67,valid
9,2,76,valid
9,2,80,valid
9,2,84,valid
9,2,85,valid
9,2,95,valid
9,2,103,valid
9,2,104,valid
9,2,106,valid
9,2,111,valid
9,2,112,valid
9,2,119,valid
9,2,127,valid
9,2,135,valid
9,2,138,valid
9,2,143,valid
9,2,145,valid
9,2,157,valid
9,2,158,valid
9,2,159,valid
9,2,165,valid
9,2,174,valid
9,2,184,valid
9,2,190,valid
9,2,193,valid
9,2,195,valid
9,2,198,valid
9,2,199,valid
9,2,204,valid
9,2,208,valid
9,2,226,valid
9,2,243,valid
9,2,249,valid
9,2,250,valid
9,2,252,valid
9,2,253,valid
9,2,254,valid
9,2,266,valid
9,2,268,valid
9,2,272,valid
9,2,277,valid
9,2,278,valid
9,2,279,valid
9,2,280,valid
9,2,286,valid
9,2,298,valid
9,2,299,valid
9,2,306,valid
9,2,307,valid
9,2,309,valid
9,2,312,valid
9,2,316,valid
9,2,321,valid
9,2,330,valid
9,2,336,valid
9,2,337,valid
9,2,346,valid
9,2,347,valid
9,2,353,valid
9,2,354,valid
9,2,355,valid
9,2,360,valid
9,2,364,valid
9,2,374,valid
9,2,375,valid
9,2,377,valid
9,2,381,valid
9,2,386,valid
9,2,389,valid
9,2,391,valid
9,2,393,valid
9,2,394,valid
9,2,399,valid
9,2,407,valid
9,2,420,valid
9,2,422,valid
9,2,432,valid
9,2,435,valid
9,2,439,valid
9,2,444,valid
9,2,445,valid
9,2,449,valid
9,2,461,valid
9,2,463,valid
9,2,465,valid
9,2,468,valid
9,2,472,valid
9,2,476,valid
9,2,478,valid
9,2,497,valid
9,2,501,valid
9,2,506,valid
9,2,509,valid
9,2,513,valid
9,2,514,valid
9,2,522,valid
9,2,523,valid
9,2,526,valid
9,2,528,valid
9,2,529,valid
9,2,532,valid
9,2,534,valid
9,2,535,valid
9,2,540,valid
9,2,551,valid
9,2,555,valid
9,2,560,valid
9,2,565,valid
9,2,579,valid
9,2,581,valid
9,2,584,valid
9,2,592,valid
9,2,595,valid
9,2,597,valid
9,2,605,valid
9,2,607,valid
9,2,608,valid
9,2,611,valid
9,2,622,valid
9,2,626,valid
9,2,627,valid
9,2,631,valid
9,2,632,valid
9,2,633,valid
9,2,637,valid
9,2,638,valid
9,2,647,valid
9,2,649,valid
9,2,654,valid
9,2,672,valid
9,2,676,valid
9,2,679,valid
9,2,685,valid
9,2,687,valid
9,2,689,valid
9,2,692,valid
9,2,697,valid
9,2,698,valid
9,2,700,valid
9,2,708,valid
9,2,719,valid
9,2,721,valid
9,2,731,valid
9,2,734,valid
9,2,735,valid
9,2,736,valid
9,2,738,valid
9,2,749,valid
9,2,751,valid
9,2,753,valid
9,2,758,valid
9,2,765,valid
9,2,768,valid
9,2,783,valid
9,2,789,valid
9,2,790,valid
9,2,793,valid
9,2,798,valid
9,2,799,valid
9,2,802,valid
9,2,806,valid
9,2,823,valid
9,2,825,valid
9,2,827,valid
9,2,832,valid
9,2,842,valid
9,2,851,valid
9,2,852,valid
9,2,857,valid
9,2,860,valid
9,2,863,valid
9,2,876,valid
9,2,886,valid
9,2,887,valid
9,2,893,valid
9,2,911,valid
9,2,916,valid
9,2,930,valid
9,2,932,valid
9,2,936,valid
9,2,937,valid
9,2,942,valid
9,2,945,valid
9,2,946,valid
9,2,954,valid
9,2,956,valid
9,2,976,valid
9,2,987,valid
9,2,990,valid
9,2,993,valid
9,2,996,valid
9,2,999,valid
9,2,1001,valid
9,2,1003,valid
9,2,1015,valid
9,2,1016,valid
9,2,1017,valid
9,2,1029,valid
9,2,1032,valid
9,2,1049,valid
9,2,1057,valid
9,2,1064,valid
9,2,1066,valid
9,2,1070,valid
9,2,1083,valid
9,2,1086,valid
9,2,1088,valid
9,2,1092,valid
9,2,1093,valid
9,2,1095,valid
9,3,0,train
9,3,1,train
9,3,2,train
9,3,3,train
9,3,5,train
9,3,7,train
9,3,8,train
9,3,11,train
9,3,12,train
9,3,13,train
9,3,14,train
9,3,15,train
9,3,16,train
9,3,17,train
9,3,18,train
9,3,20,train
9,3,21,train
9,3,22,train
9,3,23,train
9,3,24,train
9,3,26,train
9,3,27,train
9,3,28,train
9,3,29,train
9,3,30,train
9,3,31,train
9,3,32,train
9,3,34,train
9,3,36,train
9,3,37,train
9,3,38,train
9,3,39,train
9,3,40,train
9,3,41,train
9,3,42,train
9,3,43,train
9,3,44,train
9,3,45,train
9,3,47,train
9,3,48,train
9,3,49,train
9,3,51,train
9,3,52,train
9,3,53,train
9,3,54,train
9,3,55,train
9,3,56,train
9,3,57,train
9,3,58,train
9,3,59,train
9,3,61,train
9,3,62,train
9,3,64,train
9,3,66,train
9,3,67,train
9,3,68,train
9,3,69,train
9,3,72,train
9,3,74,train
9,3,75,train
9,3,76,train
9,3,77,train
9,3,78,train
9,3,80,train
9,3,81,train
9,3,83,train
9,3,84,train
9,3,85,train
9,3,86,train
9,3,87,train
9,3,88,train
9,3,89,train
9,3,90,train
9,3,91,train
9,3,93,train
9,3,95,train
9,3,96,train
9,3,97,train
9,3,98,train
9,3,102,train
9,3,103,train
9,3,104,train
9,3,105,train
9,3,106,train
9,3,107,train
9,3,109,train
9,3,110,train
9,3,111,train
9,3,112,train
9,3,114,train
9,3,115,train
9,3,116,train
9,3,117,train
9,3,119,train
9,3,120,train
9,3,121,train
9,3,125,train
9,3,126,train
9,3,127,train
9,3,128,train
9,3,129,train
9,3,131,train
9,3,132,train
9,3,133,train
9,3,134,train
9,3,135,train
9,3,138,train
9,3,139,train
9,3,140,train
9,3,142,train
9,3,143,train
9,3,144,train
9,3,145,train
9,3,146,train
9,3,148,train
9,3,149,train
9,3,150,train
9,3,152,train
9,3,153,train
9,3,155,train
9,3,157,train
9,3,158,train
9,3,159,train
9,3,160,train
9,3,161,train
9,3,163,train
9,3,164,train
9,3,165,train
9,3,167,train
9,3,168,train
9,3,169,train
9,3,170,train
9,3,171,train
9,3,173,train
9,3,174,train
9,3,175,train
9,3,176,train
9,3,177,train
9,3,178,train
9,3,179,train
9,3,180,train
9,3,181,train
9,3,182,train
9,3,183,train
9,3,184,train
9,3,185,train
9,3,186,train
9,3,188,train
9,3,189,train
9,3,190,train
9,3,191,train
9,3,192,train
9,3,193,train
9,3,194,train
9,3,195,train
9,3,196,train
9,3,197,train
9,3,198,train
9,3,199,train
9,3,200,train
9,3,202,train
9,3,203,train
9,3,204,train
9,3,205,train
9,3,206,train
9,3,207,train
9,3,208,train
9,3,210,train
9,3,211,train
9,3,212,train
9,3,213,train
9,3,214,train
9,3,215,train
9,3,216,train
9,3,218,train
9,3,219,train
9,3,220,train
9,3,221,train
9,3,222,train
9,3,225,train
9,3,226,train
9,3,227,train
9,3,228,train
9,3,229,train
9,3,231,train
9,3,232,train
9,3,233,train
9,3,234,train
9,3,235,train
9,3,238,train
9,3,240,train
9,3,241,train
9,3,242,train
9,3,243,train
9,3,244,train
9,3,245,train
9,3,246,train
9,3,247,train
9,3,248,train
9,3,249,train
9,3,250,train
9,3,251,train
9,3,252,train
9,3,253,train
9,3,254,train
9,3,255,train
9,3,256,train
9,3,257,train
9,3,258,train
9,3,259,train
9,3,260,train
9,3,262,train
9,3,263,train
9,3,264,train
9,3,265,train
9,3,266,train
9,3,268,train
9,3,269,train
9,3,270,train
9,3,271,train
9,3,272,train
9,3,273,train
9,3,274,train
9,3,275,train
9,3,276,train
9,3,277,train
9,3,278,train
9,3,279,train
9,3,280,train
9,3,281,train
9,3,283,train
9,3,284,train
9,3,285,train
9,3,286,train
9,3,287,train
9,3,288,train
9,3,289,train
9,3,291,train
9,3,292,train
9,3,293,train
9,3,294,train
9,3,295,train
9,3,296,train
9,3,298,train
9,3,299,train
9,3,300,train
9,3,301,train
9,3,302,train
9,3,303,train
9,3,304,train
9,3,305,train
9,3,306,train
9,3,307,train
9,3,308,train
9,3,309,train
9,3,310,train
9,3,312,train
9,3,313,train
9,3,314,train
9,3,315,train
9,3,316,train
9,3,318,train
9,3,319,train
9,3,320,train
9,3,321,train
9,3,322,train
9,3,324,train
9,3,326,train
9,3,327,train
9,3,328,train
9,3,329,train
9,3,330,train
9,3,331,train
9,3,332,train
9,3,334,train
9,3,336,train
9,3,337,train
9,3,339,train
9,3,341,train
9,3,342,train
9,3,344,train
9,3,345,train
9,3,346,train
9,3,347,train
9,3,350,train
9,3,351,train
9,3,352,train
9,3,353,train
9,3,354,train
9,3,355,train
9,3,356,train
9,3,357,train
9,3,358,train
9,3,359,train
9,3,360,train
9,3,362,train
9,3,363,train
9,3,364,train
9,3,365,train
9,3,366,train
9,3,367,train
9,3,368,train
9,3,371,train
9,3,372,train
9,3,373,train
9,3,374,train
9,3,375,train
9,3,376,train
9,3,377,train
9,3,378,train
9,3,381,train
9,3,382,train
9,3,384,train
9,3,385,train
9,3,386,train
9,3,388,train
9,3,389,train
9,3,391,train
9,3,392,train
9,3,393,train
9,3,394,train
9,3,395,train
9,3,396,train
9,3,397,train
9,3,398,train
9,3,399,train
9,3,401,train
9,3,404,train
9,3,405,train
9,3,406,train
9,3,407,train
9,3,409,train
9,3,410,train
9,3,411,train
9,3,412,train
9,3,413,train
9,3,414,train
9,3,415,train
9,3,416,train
9,3,417,train
9,3,418,train
9,3,419,train
9,3,420,train
9,3,421,train
9,3,422,train
9,3,423,train
9,3,425,train
9,3,426,train
9,3,427,train
9,3,428,train
9,3,430,train
9,3,431,train
9,3,432,train
9,3,433,train
9,3,435,train
9,3,436,train
9,3,437,train
9,3,438,train
9,3,439,train
9,3,440,train
9,3,441,train
9,3,442,train
9,3,443,train
9,3,444,train
9,3,445,train
9,3,446,train
9,3,447,train
9,3,449,train
9,3,452,train
9,3,453,train
9,3,455,train
9,3,456,train
9,3,458,train
9,3,459,train
9,3,460,train
9,3,461,train
9,3,463,train
9,3,464,train
9,3,465,train
9,3,468,train
9,3,469,train
9,3,470,train
9,3,471,train
9,3,472,train
9,3,473,train
9,3,474,train
9,3,475,train
9,3,476,train
9,3,477,train
9,3,478,train
9,3,479,train
9,3,480,train
9,3,481,train
9,3,482,train
9,3,485,train
9,3,486,train
9,3,487,train
9,3,488,train
9,3,489,train
9,3,490,train
9,3,491,train
9,3,492,train
9,3,493,train
9,3,494,train
9,3,496,train
9,3,497,train
9,3,498,train
9,3,500,train
9,3,501,train
9,3,502,train
9,3,503,train
9,3,504,train
9,3,505,train
9,3,506,train
9,3,507,train
9,3,509,train
9,3,510,train
9,3,511,train
9,3,513,train
9,3,514,train
9,3,515,train
9,3,516,train
9,3,520,train
9,3,521,train
9,3,522,train
9,3,523,train
9,3,524,train
9,3,525,train
9,3,526,train
9,3,528,train
9,3,529,train
9,3,530,train
9,3,532,train
9,3,533,train
9,3,534,train
9,3,535,train
9,3,536,train
9,3,537,train
9,3,538,train
9,3,539,train
9,3,540,train
9,3,541,train
9,3,542,train
9,3,544,train
9,3,545,train
9,3,547,train
9,3,548,train
9,3,549,train
9,3,550,train
9,3,551,train
9,3,553,train
9,3,554,train
9,3,555,train
9,3,556,train
9,3,557,train
9,3,558,train
9,3,559,train
9,3,560,train
9,3,561,train
9,3,562,train
9,3,564,train
9,3,565,train
9,3,566,train
9,3,568,train
9,3,572,train
9,3,573,train
9,3,574,train
9,3,575,train
9,3,578,train
9,3,579,train
9,3,580,train
9,3,581,train
9,3,582,train
9,3,583,train
9,3,584,train
9,3,586,train
9,3,587,train
9,3,589,train
9,3,590,train
9,3,591,train
9,3,592,train
9,3,593,train
9,3,595,train
9,3,596,train
9,3,597,train
9,3,598,train
9,3,600,train
9,3,602,train
9,3,603,train
9,3,605,train
9,3,607,train
9,3,608,train
9,3,609,train
9,3,611,train
9,3,612,train
9,3,613,train
9,3,614,train
9,3,615,train
9,3,616,train
9,3,618,train
9,3,619,train
9,3,620,train
9,3,621,train
9,3,622,train
9,3,624,train
9,3,625,train
9,3,626,train
9,3,627,train
9,3,628,train
9,3,629,train
9,3,630,train
9,3,631,train
9,3,632,train
9,3,633,train
9,3,634,train
9,3,636,train
9,3,637,train
9,3,638,train
9,3,639,train
9,3,640,train
9,3,641,train
9,3,642,train
9,3,643,train
9,3,644,train
9,3,645,train
9,3,646,train
9,3,647,train
9,3,648,train
9,3,649,train
9,3,650,train
9,3,651,train
9,3,654,train
9,3,656,train
9,3,657,train
9,3,658,train
9,3,659,train
9,3,660,train
9,3,661,train
9,3,664,train
9,3,665,train
9,3,666,train
9,3,668,train
9,3,669,train
9,3,670,train
9,3,672,train
9,3,673,train
9,3,675,train
9,3,676,train
9,3,678,train
9,3,679,train
9,3,681,train
9,3,682,train
9,3,683,train
9,3,684,train
9,3,685,train
9,3,686,train
9,3,687,train
9,3,688,train
9,3,689,train
9,3,690,train
9,3,691,train
9,3,692,train
9,3,693,train
9,3,694,train
9,3,696,train
9,3,697,train
9,3,698,train
9,3,700,train
9,3,701,train
9,3,702,train
9,3,703,train
9,3,704,train
9,3,705,train
9,3,706,train
9,3,707,train
9,3,708,train
9,3,709,train
9,3,710,train
9,3,711,train
9,3,713,train
9,3,714,train
9,3,715,train
9,3,716,train
9,3,717,train
9,3,718,train
9,3,719,train
9,3,720,train
9,3,721,train
9,3,722,train
9,3,723,train
9,3,724,train
9,3,725,train
9,3,726,train
9,3,727,train
9,3,728,train
9,3,729,train
9,3,730,train
9,3,731,train
9,3,734,train
9,3,735,train
9,3,736,train
9,3,737,train
9,3,738,train
9,3,739,train
9,3,741,train
9,3,742,train
9,3,743,train
9,3,744,train
9,3,745,train
9,3,747,train
9,3,748,train
9,3,749,train
9,3,750,train
9,3,751,train
9,3,752,train
9,3,753,train
9,3,754,train
9,3,755,train
9,3,757,train
9,3,758,train
9,3,759,train
9,3,760,train
9,3,761,train
9,3,762,train
9,3,763,train
9,3,764,train
9,3,765,train
9,3,767,train
9,3,768,train
9,3,769,train
9,3,770,train
9,3,771,train
9,3,772,train
9,3,773,train
9,3,775,train
9,3,776,train
9,3,777,train
9,3,778,train
9,3,779,train
9,3,780,train
9,3,783,train
9,3,784,train
9,3,786,train
9,3,788,train
9,3,789,train
9,3,790,train
9,3,791,train
9,3,792,train
9,3,793,train
9,3,796,train
9,3,797,train
9,3,798,train
9,3,799,train
9,3,800,train
9,3,801,train
9,3,802,train
9,3,803,train
9,3,804,train
9,3,806,train
9,3,807,train
9,3,808,train
9,3,809,train
9,3,810,train
9,3,811,train
9,3,812,train
9,3,814,train
9,3,815,train
9,3,816,train
9,3,818,train
9,3,819,train
9,3,821,train
9,3,822,train
9,3,823,train
9,3,825,train
9,3,826,train
9,3,827,train
9,3,828,train
9,3,831,train
9,3,832,train
9,3,833,train
9,3,834,train
9,3,836,train
9,3,837,train
9,3,839,train
9,3,840,train
9,3,841,train
9,3,842,train
9,3,845,train
9,3,846,train
9,3,847,train
9,3,848,train
9,3,850,train
9,3,851,train
9,3,852,train
9,3,854,train
9,3,855,train
9,3,856,train
9,3,857,train
9,3,858,train
9,3,860,train
9,3,861,train
9,3,862,train
9,3,863,train
9,3,864,train
9,3,865,train
9,3,866,train
9,3,867,train
9,3,868,train
9,3,869,train
9,3,870,train
9,3,872,train
9,3,873,train
9,3,874,train
9,3,876,train
9,3,877,train
9,3,879,train
9,3,880,train
9,3,882,train
9,3,883,train
9,3,884,train
9,3,885,train
9,3,886,train
9,3,887,train
9,3,888,train
9,3,890,train
9,3,891,train
9,3,892,train
9,3,893,train
9,3,895,train
9,3,896,train
9,3,897,train
9,3,899,train
9,3,901,train
9,3,902,train
9,3,903,train
9,3,904,train
9,3,905,train
9,3,908,train
9,3,910,train
9,3,911,train
9,3,913,train
9,3,914,train
9,3,915,train
9,3,916,train
9,3,917,train
9,3,918,train
9,3,919,train
9,3,920,train
9,3,922,train
9,3,923,train
9,3,927,train
9,3,929,train
9,3,930,train
9,3,931,train
9,3,932,train
9,3,933,train
9,3,934,train
9,3,935,train
9,3,936,train
9,3,937,train
9,3,938,train
9,3,939,train
9,3,940,train
9,3,941,train
9,3,942,train
9,3,943,train
9,3,944,train
9,3,945,train
9,3,946,train
9,3,947,train
9,3,951,train
9,3,953,train
9,3,954,train
9,3,955,train
9,3,956,train
9,3,959,train
9,3,960,train
9,3,961,train
9,3,963,train
9,3,964,train
9,3,965,train
9,3,966,train
9,3,968,train
9,3,969,train
9,3,970,train
9,3,971,train
9,3,972,train
9,3,973,train
9,3,975,train
9,3,976,train
9,3,979,train
9,3,980,train
9,3,982,train
9,3,983,train
9,3,985,train
9,3,986,train
9,3,987,train
9,3,988,train
9,3,990,train
9,3,992,train
9,3,993,train
9,3,995,train
9,3,996,train
9,3,998,train
9,3,999,train
9,3,1001,train
9,3,1003,train
9,3,1005,train
9,3,1006,train
9,3,1007,train
9,3,1008,train
9,3,1010,train
9,3,1012,train
9,3,1013,train
9,3,1014,train
9,3,1015,train
9,3,1016,train
9,3,1017,train
9,3,1020,train
9,3,1021,train
9,3,1022,train
9,3,1023,train
9,3,1025,train
9,3,1027,train
9,3,1029,train
9,3,1030,train
9,3,1031,train
9,3,1032,train
9,3,1033,train
9,3,1034,train
9,3,1035,train
9,3,1036,train
9,3,1037,train
9,3,1039,train
9,3,1042,train
9,3,1043,train
9,3,1045,train
9,3,1046,train
9,3,1047,train
9,3,1048,train
9,3,1049,train
9,3,1050,train
9,3,1051,train
9,3,1053,train
9,3,1054,train
9,3,1055,train
9,3,1057,train
9,3,1058,train
9,3,1061,train
9,3,1062,train
9,3,1064,train
9,3,1066,train
9,3,1067,train
9,3,1069,train
9,3,1070,train
9,3,1071,train
9,3,1072,train
9,3,1073,train
9,3,1074,train
9,3,1075,train
9,3,1077,train
9,3,1078,train
9,3,1079,train
9,3,1080,train
9,3,1083,train
9,3,1084,train
9,3,1085,train
9,3,1086,train
9,3,1088,train
9,3,1089,train
9,3,1090,train
9,3,1091,train
9,3,1092,train
9,3,1093,train
9,3,1095,train
9,3,1096,train
9,3,1097,train
9,3,1098,train
9,3,1099,train
9,3,4,valid
9,3,6,valid
9,3,9,valid
9,3,10,valid
9,3,19,valid
9,3,25,valid
9,3,33,valid
9,3,35,valid
9,3,46,valid
9,3,50,valid
9,3,60,valid
9,3,63,valid
9,3,65,valid
9,3,70,valid
9,3,71,valid
9,3,73,valid
9,3,79,valid
9,3,82,valid
9,3,92,valid
9,3,94,valid
9,3,99,valid
9,3,100,valid
9,3,101,valid
9,3,108,valid
9,3,113,valid
9,3,118,valid
9,3,122,valid
9,3,123,valid
9,3,124,valid
9,3,130,valid
9,3,136,valid
9,3,137,valid
9,3,141,valid
9,3,147,valid
9,3,151,valid
9,3,154,valid
9,3,156,valid
9,3,162,valid
9,3,166,valid
9,3,172,valid
9,3,187,valid
9,3,201,valid
9,3,209,valid
9,3,217,valid
9,3,223,valid
9,3,224,valid
9,3,230,valid
9,3,236,valid
9,3,237,valid
9,3,239,valid
9,3,261,valid
9,3,267,valid
9,3,282,valid
9,3,290,valid
9,3,297,valid
9,3,311,valid
9,3,317,valid
9,3,323,valid
9,3,325,valid
9,3,333,valid
9,3,335,valid
9,3,338,valid
9,3,340,valid
9,3,343,valid
9,3,348,valid
9,3,349,valid
9,3,361,valid
9,3,369,valid
9,3,370,valid
9,3,379,valid
9,3,380,valid
9,3,383,valid
9,3,387,valid
9,3,390,valid
9,3,400,valid
9,3,402,valid
9,3,403,valid
9,3,408,valid
9,3,424,valid
9,3,429,valid
9,3,434,valid
9,3,448,valid
9,3,450,valid
9,3,451,valid
9,3,454,valid
9,3,457,valid
9,3,462,valid
9,3,466,valid
9,3,467,valid
9,3,483,valid
9,3,484,valid
9,3,495,valid
9,3,499,valid
9,3,508,valid
9,3,512,valid
9,3,517,valid
9,3,518,valid
9,3,519,valid
9,3,527,valid
9,3,531,valid
9,3,543,valid
9,3,546,valid
9,3,552,valid
9,3,563,valid
9,3,567,valid
9,3,569,valid
9,3,570,valid
9,3,571,valid
9,3,576,valid
9,3,577,valid
9,3,585,valid
9,3,588,valid
9,3,594,valid
9,3,599,valid
9,3,601,valid
9,3,604,valid
9,3,606,valid
9,3,610,valid
9,3,617,valid
9,3,623,valid
9,3,635,valid
9,3,652,valid
9,3,653,valid
9,3,655,valid
9,3,662,valid
9,3,663,valid
9,3,667,valid
9,3,671,valid
9,3,674,valid
9,3,677,valid
9,3,680,valid
9,3,695,valid
9,3,699,valid
9,3,712,valid
9,3,732,valid
9,3,733,valid
9,3,740,valid
9,3,746,valid
9,3,756,valid
9,3,766,valid
9,3,774,valid
9,3,781,valid
9,3,782,valid
9,3,785,valid
9,3,787,valid
9,3,794,valid
9,3,795,valid
9,3,813,valid
9,3,817,valid
9,3,820,valid
9,3,824,valid
9,3,829,valid
9,3,830,valid
9,3,835,valid
9,3,838,valid
9,3,843,valid
9,3,844,valid
9,3,849,valid
9,3,853,valid
9,3,859,valid
9,3,871,valid
9,3,875,valid
9,3,878,valid
9,3,881,valid
9,3,894,valid
9,3,898,valid
9,3,900,valid
9,3,906,valid
9,3,907,valid
9,3,909,valid
9,3,912,valid
9,3,921,valid
9,3,924,valid
9,3,925,valid
9,3,926,valid
9,3,928,valid
9,3,948,valid
9,3,949,valid
9,3,950,valid
9,3,952,valid
9,3,957,valid
9,3,958,valid
9,3,962,valid
9,3,967,valid
9,3,974,valid
9,3,977,valid
9,3,978,valid
9,3,981,valid
9,3,984,valid
9,3,989,valid
9,3,991,valid
9,3,994,valid
9,3,997,valid
9,3,1000,valid
9,3,1002,valid
9,3,1004,valid
9,3,1009,valid
9,3,1011,valid
9,3,1018,valid
9,3,1019,valid
9,3,1024,valid
9,3,1026,valid
9,3,1028,valid
9,3,1038,valid
9,3,1040,valid
9,3,1041,valid
9,3,1044,valid
9,3,1052,valid
9,3,1056,valid
9,3,1059,valid
9,3,1060,valid
9,3,1063,valid
9,3,1065,valid
9,3,1068,valid
9,3,1076,valid
9,3,1081,valid
9,3,1082,valid
9,3,1087,valid
9,3,1094,valid
9,4,0,train
9,4,1,train
9,4,2,train
9,4,3,train
9,4,4,train
9,4,5,train
9,4,6,train
9,4,9,train
9,4,10,train
9,4,11,train
9,4,12,train
9,4,13,train
9,4,14,train
9,4,16,train
9,4,18,train
9,4,19,train
9,4,22,train
9,4,23,train
9,4,24,train
9,4,25,train
9,4,26,train
9,4,27,train
9,4,29,train
9,4,30,train
9,4,31,train
9,4,33,train
9,4,35,train
9,4,37,train
9,4,38,train
9,4,39,train
9,4,40,train
9,4,44,train
9,4,45,train
9,4,46,train
9,4,47,train
9,4,48,train
9,4,50,train
9,4,51,train
9,4,53,train
9,4,54,train
9,4,55,train
9,4,56,train
9,4,57,train
9,4,58,train
9,4,59,train
9,4,60,train
9,4,61,train
9,4,62,train
9,4,63,train
9,4,64,train
9,4,65,train
9,4,66,train
9,4,67,train
9,4,68,train
9,4,70,train
9,4,71,train
9,4,72,train
9,4,73,train
9,4,74,train
9,4,75,train
9,4,76,train
9,4,78,train
9,4,79,train
9,4,80,train
9,4,81,train
9,4,82,train
9,4,84,train
9,4,85,train
9,4,86,train
9,4,88,train
9,4,90,train
9,4,91,train
9,4,92,train
9,4,93,train
9,4,94,train
9,4,95,train
9,4,99,train
9,4,100,train
9,4,101,train
9,4,102,train
9,4,103,train
9,4,104,train
9,4,105,train
9,4,106,train
9,4,107,train
9,4,108,train
9,4,109,train
9,4,110,train
9,4,111,train
9,4,112,train
9,4,113,train
9,4,115,train
9,4,116,train
9,4,117,train
9,4,118,train
9,4,119,train
9,4,120,train
9,4,121,train
9,4,122,train
9,4,123,train
9,4,124,train
9,4,125,train
9,4,126,train
9,4,127,train
9,4,129,train
9,4,130,train
9,4,131,train
9,4,132,train
9,4,134,train
9,4,135,train
9,4,136,train
9,4,137,train
9,4,138,train
9,4,139,train
9,4,140,train
9,4,141,train
9,4,142,train
9,4,143,train
9,4,145,train
9,4,146,train
9,4,147,train
9,4,148,train
9,4,149,train
9,4,150,train
9,4,151,train
9,4,152,train
9,4,153,train
9,4,154,train
9,4,155,train
9,4,156,train
9,4,157,train
9,4,158,train
9,4,159,train
9,4,160,train
9,4,161,train
9,4,162,train
9,4,163,train
9,4,164,train
9,4,165,train
9,4,166,train
9,4,167,train
9,4,168,train
9,4,169,train
9,4,170,train
9,4,171,train
9,4,172,train
9,4,174,train
9,4,175,train
9,4,178,train
9,4,179,train
9,4,180,train
9,4,181,train
9,4,183,train
9,4,184,train
9,4,187,train
9,4,188,train
9,4,189,train
9,4,190,train
9,4,193,train
9,4,194,train
9,4,195,train
9,4,196,train
9,4,198,train
9,4,199,train
9,4,200,train
9,4,201,train
9,4,202,train
9,4,203,train
9,4,204,train
9,4,205,train
9,4,206,train
9,4,208,train
9,4,209,train
9,4,210,train
9,4,212,train
9,4,213,train
9,4,214,train
9,4,215,train
9,4,216,train
9,4,217,train
9,4,218,train
9,4,220,train
9,4,221,train
9,4,223,train
9,4,224,train
9,4,225,train
9,4,226,train
9,4,227,train
9,4,228,train
9,4,230,train
9,4,232,train
9,4,233,train
9,4,236,train
9,4,237,train
9,4,238,train
9,4,239,train
9,4,241,train
9,4,242,train
9,4,243,train
9,4,244,train
9,4,245,train
9,4,246,train
9,4,247,train
9,4,248,train
9,4,249,train
9,4,250,train
9,4,251,train
9,4,252,train
9,4,253,train
9,4,254,train
9,4,257,train
9,4,258,train
9,4,259,train
9,4,261,train
9,4,263,train
9,4,266,train
9,4,267,train
9,4,268,train
9,4,270,train
9,4,272,train
9,4,274,train
9,4,275,train
9,4,276,train
9,4,277,train
9,4,278,train
9,4,279,train
9,4,280,train
9,4,281,train
9,4,282,train
9,4,283,train
9,4,285,train
9,4,286,train
9,4,290,train
9,4,291,train
9,4,292,train
9,4,293,train
9,4,294,train
9,4,295,train
9,4,296,train
9,4,297,train
9,4,298,train
9,4,299,train
9,4,303,train
9,4,304,train
9,4,306,train
9,4,307,train
9,4,308,train
9,4,309,train
9,4,310,train
9,4,311,train
9,4,312,train
9,4,313,train
9,4,314,train
9,4,315,train
9,4,316,train
9,4,317,train
9,4,318,train
9,4,319,train
9,4,320,train
9,4,321,train
9,4,322,train
9,4,323,train
9,4,325,train
9,4,326,train
9,4,328,train
9,4,329,train
9,4,330,train
9,4,331,train
9,4,333,train
9,4,334,train
9,4,335,train
9,4,336,train
9,4,337,train
9,4,338,train
9,4,339,train
9,4,340,train
9,4,343,train
9,4,346,train
9,4,347,train
9,4,348,train
9,4,349,train
9,4,350,train
9,4,352,train
9,4,353,train
9,4,354,train
9,4,355,train
9,4,356,train
9,4,357,train
9,4,359,train
9,4,360,train
9,4,361,train
9,4,364,train
9,4,365,train
9,4,366,train
9,4,367,train
9,4,368,train
9,4,369,train
9,4,370,train
9,4,371,train
9,4,372,train
9,4,373,train
9,4,374,train
9,4,375,train
9,4,377,train
9,4,379,train
9,4,380,train
9,4,381,train
9,4,382,train
9,4,383,train
9,4,384,train
9,4,386,train
9,4,387,train
9,4,388,train
9,4,389,train
9,4,390,train
9,4,391,train
9,4,393,train
9,4,394,train
9,4,395,train
9,4,396,train
9,4,398,train
9,4,399,train
9,4,400,train
9,4,401,train
9,4,402,train
9,4,403,train
9,4,406,train
9,4,407,train
9,4,408,train
9,4,410,train
9,4,411,train
9,4,412,train
9,4,414,train
9,4,416,train
9,4,420,train
9,4,422,train
9,4,424,train
9,4,425,train
9,4,426,train
9,4,427,train
9,4,428,train
9,4,429,train
9,4,431,train
9,4,432,train
9,4,433,train
9,4,434,train
9,4,435,train
9,4,436,train
9,4,437,train
9,4,439,train
9,4,440,train
9,4,442,train
9,4,444,train
9,4,445,train
9,4,448,train
9,4,449,train
9,4,450,train
9,4,451,train
9,4,452,train
9,4,453,train
9,4,454,train
9,4,455,train
9,4,456,train
9,4,457,train
9,4,458,train
9,4,461,train
9,4,462,train
9,4,463,train
9,4,465,train
9,4,466,train
9,4,467,train
9,4,468,train
9,4,472,train
9,4,473,train
9,4,475,train
9,4,476,train
9,4,478,train
9,4,479,train
9,4,480,train
9,4,481,train
9,4,482,train
9,4,483,train
9,4,484,train
9,4,485,train
9,4,486,train
9,4,489,train
9,4,490,train
9,4,491,train
9,4,493,train
9,4,494,train
9,4,495,train
9,4,496,train
9,4,497,train
9,4,499,train
9,4,500,train
9,4,501,train
9,4,502,train
9,4,504,train
9,4,506,train
9,4,507,train
9,4,508,train
9,4,509,train
9,4,510,train
9,4,511,train
9,4,512,train
9,4,513,train
9,4,514,train
9,4,516,train
9,4,517,train
9,4,518,train
9,4,519,train
9,4,521,train
9,4,522,train
9,4,523,train
9,4,524,train
9,4,525,train
9,4,526,train
9,4,527,train
9,4,528,train
9,4,529,train
9,4,531,train
9,4,532,train
9,4,533,train
9,4,534,train
9,4,535,train
9,4,538,train
9,4,539,train
9,4,540,train
9,4,541,train
9,4,542,train
9,4,543,train
9,4,546,train
9,4,547,train
9,4,548,train
9,4,549,train
9,4,550,train
9,4,551,train
9,4,552,train
9,4,553,train
9,4,555,train
9,4,556,train
9,4,558,train
9,4,560,train
9,4,562,train
9,4,563,train
9,4,564,train
9,4,565,train
9,4,566,train
9,4,567,train
9,4,569,train
9,4,570,train
9,4,571,train
9,4,574,train
9,4,575,train
9,4,576,train
9,4,577,train
9,4,578,train
9,4,579,train
9,4,580,train
9,4,581,train
9,4,582,train
9,4,583,train
9,4,584,train
9,4,585,train
9,4,586,train
9,4,588,train
9,4,589,train
9,4,590,train
9,4,591,train
9,4,592,train
9,4,593,train
9,4,594,train
9,4,595,train
9,4,596,train
9,4,597,train
9,4,598,train
9,4,599,train
9,4,600,train
9,4,601,train
9,4,603,train
9,4,604,train
9,4,605,train
9,4,606,train
9,4,607,train
9,4,608,train
9,4,610,train
9,4,611,train
9,4,613,train
9,4,615,train
9,4,616,train
9,4,617,train
9,4,618,train
9,4,620,train
9,4,621,train
9,4,622,train
9,4,623,train
9,4,624,train
9,4,626,train
9,4,627,train
9,4,629,train
9,4,631,train
9,4,632,train
9,4,633,train
9,4,635,train
9,4,636,train
9,4,637,train
9,4,638,train
9,4,639,train
9,4,640,train
9,4,641,train
9,4,642,train
9,4,643,train
9,4,644,train
9,4,645,train
9,4,646,train
9,4,647,train
9,4,649,train
9,4,651,train
9,4,652,train
9,4,653,train
9,4,654,train
9,4,655,train
9,4,656,train
9,4,659,train
9,4,660,train
9,4,661,train
9,4,662,train
9,4,663,train
9,4,664,train
9,4,667,train
9,4,670,train
9,4,671,train
9,4,672,train
9,4,674,train
9,4,676,train
9,4,677,train
9,4,679,train
9,4,680,train
9,4,681,train
9,4,683,train
9,4,684,train
9,4,685,train
9,4,686,train
9,4,687,train
9,4,688,train
9,4,689,train
9,4,691,train
9,4,692,train
9,4,693,train
9,4,694,train
9,4,695,train
9,4,696,train
9,4,697,train
9,4,698,train
9,4,699,train
9,4,700,train
9,4,701,train
9,4,703,train
9,4,704,train
9,4,705,train
9,4,706,train
9,4,708,train
9,4,709,train
9,4,712,train
9,4,713,train
9,4,714,train
9,4,715,train
9,4,717,train
9,4,718,train
9,4,719,train
9,4,720,train
9,4,721,train
9,4,722,train
9,4,724,train
9,4,726,train
9,4,727,train
9,4,728,train
9,4,730,train
9,4,731,train
9,4,732,train
9,4,733,train
9,4,734,train
9,4,735,train
9,4,736,train
9,4,737,train
9,4,738,train
9,4,740,train
9,4,743,train
9,4,745,train
9,4,746,train
9,4,747,train
9,4,748,train
9,4,749,train
9,4,750,train
9,4,751,train
9,4,752,train
9,4,753,train
9,4,754,train
9,4,755,train
9,4,756,train
9,4,757,train
9,4,758,train
9,4,759,train
9,4,760,train
9,4,761,train
9,4,762,train
9,4,763,train
9,4,764,train
9,4,765,train
9,4,766,train
9,4,768,train
9,4,769,train
9,4,770,train
9,4,771,train
9,4,773,train
9,4,774,train
9,4,775,train
9,4,776,train
9,4,778,train
9,4,780,train
9,4,781,train
9,4,782,train
9,4,783,train
9,4,785,train
9,4,786,train
9,4,787,train
9,4,788,train
9,4,789,train
9,4,790,train
9,4,792,train
9,4,793,train
9,4,794,train
9,4,795,train
9,4,798,train
9,4,799,train
9,4,800,train
9,4,801,train
9,4,802,train
9,4,803,train
9,4,804,train
9,4,806,train
9,4,809,train
9,4,810,train
9,4,811,train
9,4,813,train
9,4,815,train
9,4,816,train
9,4,817,train
9,4,818,train
9,4,819,train
9,4,820,train
9,4,821,train
9,4,823,train
9,4,824,train
9,4,825,train
9,4,826,train
9,4,827,train
9,4,828,train
9,4,829,train
9,4,830,train
9,4,831,train
9,4,832,train
9,4,834,train
9,4,835,train
9,4,836,train
9,4,838,train
9,4,839,train
9,4,842,train
9,4,843,train
9,4,844,train
9,4,845,train
9,4,846,train
9,4,847,train
9,4,848,train
9,4,849,train
9,4,850,train
9,4,851,train
9,4,852,train
9,4,853,train
9,4,855,train
9,4,857,train
9,4,858,train
9,4,859,train
9,4,860,train
9,4,861,train
9,4,862,train
9,4,863,train
9,4,864,train
9,4,865,train
9,4,867,train
9,4,868,train
9,4,870,train
9,4,871,train
9,4,872,train
9,4,874,train
9,4,875,train
9,4,876,train
9,4,877,train
9,4,878,train
9,4,879,train
9,4,881,train
9,4,883,train
9,4,886,train
9,4,887,train
9,4,888,train
9,4,890,train
9,4,891,train
9,4,893,train
9,4,894,train
9,4,898,train
9,4,899,train
9,4,900,train
9,4,902,train
9,4,903,train
9,4,905,train
9,4,906,train
9,4,907,train
9,4,908,train
9,4,909,train
9,4,910,train
9,4,911,train
9,4,912,train
9,4,913,train
9,4,915,train
9,4,916,train
9,4,917,train
9,4,918,train
9,4,919,train
9,4,921,train
9,4,922,train
9,4,923,train
9,4,924,train
9,4,925,train
9,4,926,train
9,4,927,train
9,4,928,train
9,4,930,train
9,4,931,train
9,4,932,train
9,4,933,train
9,4,934,train
9,4,935,train
9,4,936,train
9,4,937,train
9,4,938,train
9,4,941,train
9,4,942,train
9,4,943,train
9,4,945,train
9,4,946,train
9,4,948,train
9,4,949,train
9,4,950,train
9,4,952,train
9,4,954,train
9,4,955,train
9,4,956,train
9,4,957,train
9,4,958,train
9,4,961,train
9,4,962,train
9,4,963,train
9,4,964,train
9,4,965,train
9,4,966,train
9,4,967,train
9,4,968,train
9,4,969,train
9,4,971,train
9,4,972,train
9,4,973,train
9,4,974,train
9,4,975,train
9,4,976,train
9,4,977,train
9,4,978,train
9,4,979,train
9,4,980,train
9,4,981,train
9,4,982,train
9,4,983,train
9,4,984,train
9,4,987,train
9,4,989,train
9,4,990,train
9,4,991,train
9,4,992,train
9,4,993,train
9,4,994,train
9,4,995,train
9,4,996,train
9,4,997,train
9,4,998,train
9,4,999,train
9,4,1000,train
9,4,1001,train
9,4,1002,train
9,4,1003,train
9,4,1004,train
9,4,1005,train
9,4,1007,train
9,4,1009,train
9,4,1010,train
9,4,1011,train
9,4,1012,train
9,4,1013,train
9,4,1015,train
9,4,1016,train
9,4,1017,train
9,4,1018,train
9,4,1019,train
9,4,1020,train
9,4,1021,train
9,4,1023,train
9,4,1024,train
9,4,1026,train
9,4,1027,train
9,4,1028,train
9,4,1029,train
9,4,1031,train
9,4,1032,train
9,4,1033,train
9,4,1034,train
9,4,1035,train
9,4,1036,train
9,4,1037,train
9,4,1038,train
9,4,1039,train
9,4,1040,train
9,4,1041,train
9,4,1042,train
9,4,1043,train
9,4,1044,train
9,4,1045,train
9,4,1046,train
9,4,1047,train
9,4,1048,train
9,4,1049,train
9,4,1051,train
9,4,1052,train
9,4,1053,train
9,4,1054,train
9,4,1055,train
9,4,1056,train
9,4,1057,train
9,4,1058,train
9,4,1059,train
9,4,1060,train
9,4,1061,train
9,4,1063,train
9,4,1064,train
9,4,1065,train
9,4,1066,train
9,4,1068,train
9,4,1069,train
9,4,1070,train
9,4,1071,train
9,4,1072,train
9,4,1076,train
9,4,1077,train
9,4,1078,train
9,4,1079,train
9,4,1080,train
9,4,1081,train
9,4,1082,train
9,4,1083,train
9,4,1084,train
9,4,1085,train
9,4,1086,train
9,4,1087,train
9,4,1088,train
9,4,1090,train
9,4,1091,train
9,4,1092,train
9,4,1093,train
9,4,1094,train
9,4,1095,train
9,4,1097,train
9,4,1099,train
9,4,7,valid
9,4,8,valid
9,4,15,valid
9,4,17,valid
9,4,20,valid
9,4,21,valid
9,4,28,valid
9,4,32,valid
9,4,34,valid
9,4,36,valid
9,4,41,valid
9,4,42,valid
9,4,43,valid
9,4,49,valid
9,4,52,valid
9,4,69,valid
9,4,77,valid
9,4,83,valid
9,4,87,valid
9,4,89,valid
9,4,96,valid
9,4,97,valid
9,4,98,valid
9,4,114,valid
9,4,128,valid
9,4,133,valid
9,4,144,valid
9,4,173,valid
9,4,176,valid
9,4,177,valid
9,4,182,valid
9,4,185,valid
9,4,186,valid
9,4,191,valid
9,4,192,valid
9,4,197,valid
9,4,207,valid
9,4,211,valid
9,4,219,valid
9,4,222,valid
9,4,229,valid
9,4,231,valid
9,4,234,valid
9,4,235,valid
9,4,240,valid
9,4,255,valid
9,4,256,valid
9,4,260,valid
9,4,262,valid
9,4,264,valid
9,4,265,valid
9,4,269,valid
9,4,271,valid
9,4,273,valid
9,4,284,valid
9,4,287,valid
9,4,288,valid
9,4,289,valid
9,4,300,valid
9,4,301,valid
9,4,302,valid
9,4,305,valid
9,4,324,valid
9,4,327,valid
9,4,332,valid
9,4,341,valid
9,4,342,valid
9,4,344,valid
9,4,345,valid
9,4,351,valid
9,4,358,valid
9,4,362,valid
9,4,363,valid
9,4,376,valid
9,4,378,valid
9,4,385,valid
9,4,392,valid
9,4,397,valid
9,4,404,valid
9,4,405,valid
9,4,409,valid
9,4,413,valid
9,4,415,valid
9,4,417,valid
9,4,418,valid
9,4,419,valid
9,4,421,valid
9,4,423,valid
9,4,430,valid
9,4,438,valid
9,4,441,valid
9,4,443,valid
9,4,446,valid
9,4,447,valid
9,4,459,valid
9,4,460,valid
9,4,464,valid
9,4,469,valid
9,4,470,valid
9,4,471,valid
9,4,474,valid
9,4,477,valid
9,4,487,valid
9,4,488,valid
9,4,492,valid
9,4,498,valid
9,4,503,valid
9,4,505,valid
9,4,515,valid
9,4,520,valid
9,4,530,valid
9,4,536,valid
9,4,537,valid
9,4,544,valid
9,4,545,valid
9,4,554,valid
9,4,557,valid
9,4,559,valid
9,4,561,valid
9,4,568,valid
9,4,572,valid
9,4,573,valid
9,4,587,valid
9,4,602,valid
9,4,609,valid
9,4,612,valid
9,4,614,valid
9,4,619,valid
9,4,625,valid
9,4,628,valid
9,4,630,valid
9,4,634,valid
9,4,648,valid
9,4,650,valid
9,4,657,valid
9,4,658,valid
9,4,665,valid
9,4,666,valid
9,4,668,valid
9,4,669,valid
9,4,673,valid
9,4,675,valid
9,4,678,valid
9,4,682,valid
9,4,690,valid
9,4,702,valid
9,4,707,valid
9,4,710,valid
9,4,711,valid
9,4,716,valid
9,4,723,valid
9,4,725,valid
9,4,729,valid
9,4,739,valid
9,4,741,valid
9,4,742,valid
9,4,744,valid
9,4,767,valid
9,4,772,valid
9,4,777,valid
9,4,779,valid
9,4,784,valid
9,4,791,valid
9,4,796,valid
9,4,797,valid
9,4,807,valid
9,4,808,valid
9,4,812,valid
9,4,814,valid
9,4,822,valid
9,4,833,valid
9,4,837,valid
9,4,840,valid
9,4,841,valid
9,4,854,valid
9,4,856,valid
9,4,866,valid
9,4,869,valid
9,4,873,valid
9,4,880,valid
9,4,882,valid
9,4,884,valid
9,4,885,valid
9,4,892,valid
9,4,895,valid
9,4,896,valid
9,4,897,valid
9,4,901,valid
9,4,904,valid
9,4,914,valid
9,4,920,valid
9,4,929,valid
9,4,939,valid
9,4,940,valid
9,4,944,valid
9,4,947,valid
9,4,951,valid
9,4,953,valid
9,4,959,valid
9,4,960,valid
9,4,970,valid
9,4,985,valid
9,4,986,valid
9,4,988,valid
9,4,1006,valid
9,4,1008,valid
9,4,1014,valid
9,4,1022,valid
9,4,1025,valid
9,4,1030,valid
9,4,1050,valid
9,4,1062,valid
9,4,1067,valid
9,4,1073,valid
9,4,1074,valid
9,4,1075,valid
9,4,1089,valid
9,4,1096,valid
9,4,1098,valid
