repeat,source_row_id,true,dummy,lr_all,rf_all,svm_all,lr_no_psych,nested_single
0,0,1,0,1,1,1,1,1
0,1,2,0,2,2,2,2,2
0,2,1,0,1,1,1,1,1
0,3,2,0,2,2,2,2,2
0,4,1,0,0,0,0,0,1
0,5,2,0,2,2,2,2,2
0,6,0,0,0,0,0,0,0
0,7,2,0,2,2,2,2,2
0,8,1,0,1,1,1,1,1
0,9,1,0,2,2,2,2,2
0,10,2,0,2,2,2,2,2
0,11,2,0,2,2,2,2,2
0,12,0,0,0,0,0,0,0
0,13,2,0,0,0,0,0,1
0,14,0,0,0,0,0,0,0
0,15,1,0,1,1,1,1,1
0,16,0,0,0,0,0,0,0
0,17,0,0,0,0,0,0,0
0,18,1,0,1,1,1,1,1
0,19,2,0,2,2,2,2,2
0,20,0,0,0,0,0,0,0
0,21,2,0,2,2,2,2,2
0,22,0,0,0,0,0,0,0
0,23,2,0,2,2,2,2,2
0,24,1,0,1,1,1,1,1
0,25,0,0,0,0,0,0,0
0,26,2,0,2,2,2,2,2
0,27,0,0,0,0,0,0,2
0,28,1,0,1,1,1,1,1
0,29,2,0,2,2,2,2,2
0,30,0,0,0,0,0,0,0
0,31,1,0,2,2,0,2,2
0,32,2,0,2,2,2,2,2
0,33,1,0,1,1,1,1,1
0,34,0,0,0,0,0,0,0
0,35,1,0,1,1,1,1,1
0,36,1,0,1,1,1,1,1
0,37,0,0,0,0,0,0,0
0,38,2,0,2,2,2,2,2
0,39,0,0,0,0,0,0,0
0,40,0,0,0,0,0,0,0
0,41,0,0,0,0,0,0,0
0,42,0,0,0,0,0,0,0
0,43,2,0,2,2,2,2,2
0,44,2,0,2,2,2,2,2
0,45,0,0,0,0,0,0,0
0,46,2,0,2,2,2,2,2
0,47,0,0,0,0,0,0,0
0,48,1,0,1,1,1,1,1
0,49,0,0,0,0,0,0,0
0,50,0,0,0,0,0,0,0
0,51,1,0,1,1,1,1,1
0,52,0,0,0,0,0,0,0
0,53,2,0,2,2,2,2,2
0,54,1,0,1,1,1,1,1
0,55,1,0,1,1,1,1,1
0,56,1,0,1,1,1,1,1
0,57,0,0,0,0,0,0,0
0,58,0,0,0,0,0,0,0
0,59,0,0,0,0,0,0,0
0,60,0,0,0,0,0,0,0
0,61,1,0,0,0,0,0,2
0,62,0,0,0,0,0,0,0
0,63,1,0,1,1,1,1,1
0,64,0,0,1,0,1,1,2
0,65,0,0,0,0,0,0,0
0,66,2,0,2,2,2,2,2
0,67,1,0,1,1,1,1,1
0,68,1,0,1,1,1,1,1
0,69,1,0,0,0,0,0,2
0,70,0,0,0,0,0,0,0
0,71,2,0,2,2,2,2,2
0,72,0,0,0,0,0,0,0
0,73,0,0,0,0,0,0,0
0,74,2,0,2,2,2,2,2
0,75,2,0,2,2,2,2,2
0,76,2,0,2,2,2,2,2
0,77,0,0,0,0,0,0,0
0,78,1,0,1,1,1,1,1
0,79,2,0,2,2,2,2,2
0,80,0,0,0,0,0,0,0
0,81,1,0,1,1,1,1,1
0,82,2,0,2,2,2,2,2
0,83,0,0,0,0,0,0,0
0,84,1,0,1,1,1,1,1
0,85,1,0,1,1,1,1,1
0,86,1,0,1,1,1,1,1
0,87,2,0,2,2,2,2,2
0,88,1,0,1,1,1,1,1
0,89,2,0,2,2,2,2,2
0,90,1,0,1,1,1,1,1
0,91,2,0,2,2,2,2,2
0,92,2,0,2,2,2,2,2
0,93,2,0,0,0,0,0,2
0,94,0,0,2,2,2,2,1
0,95,1,0,1,1,1,1,1
0,96,2,0,2,2,2,2,2
0,97,2,0,2,2,2,2,2
0,98,0,0,0,0,0,0,0
0,99,1,0,1,1,1,1,1
0,100,1,0,1,0,0,1,2
0,101,1,0,0,2,0,0,2
0,102,1,0,1,1,1,1,1
0,103,1,0,1,1,1,1,1
0,104,0,0,0,0,0,0,0
0,105,0,0,0,0,0,0,0
0,106,2,0,2,2,2,2,2
0,107,0,0,0,0,0,0,0
0,108,2,0,2,2,2,2,2
0,109,2,0,2,2,2,2,2
0,110,0,0,0,0,0,0,0
0,111,2,0,2,2,2,2,2
0,112,0,0,0,0,0,0,0
0,113,1,0,1,1,1,1,1
0,114,2,0,0,1,0,0,1
0,115,2,0,2,2,2,2,2
0,116,1,0,1,1,1,1,1
0,117,2,0,2,2,2,2,2
0,118,2,0,2,2,2,2,2
0,119,1,0,1,1,1,1,1
0,120,0,0,0,0,0,0,0
0,121,2,0,2,2,2,2,2
0,122,0,0,0,0,0,0,0
0,123,1,0,1,1,1,1,1
0,124,1,0,1,1,1,1,1
0,125,0,0,0,0,0,0,2
0,126,1,0,1,1,1,1,1
0,127,0,0,0,0,0,0,0
0,128,2,0,2,2,2,2,1
0,129,1,0,1,1,1,1,1
0,130,0,0,0,0,0,0,0
0,131,1,0,1,1,1,1,1
0,132,0,0,2,2,1,2,1
0,133,1,0,1,1,1,1,1
0,134,1,0,1,1,1,1,1
0,135,0,0,2,2,2,2,0
0,136,0,0,0,0,0,0,0
0,137,2,0,2,2,2,2,2
0,138,0,0,0,0,0,0,0
0,139,1,0,1,1,1,1,1
0,140,2,0,2,2,0,2,1
0,141,0,0,1,2,1,1,1
0,142,1,0,1,1,1,1,1
0,143,0,0,0,0,0,0,0
0,144,2,0,2,2,2,0,0
0,145,0,0,0,0,0,0,0
0,146,1,0,1,1,1,1,1
0,147,2,0,2,2,2,2,2
0,148,1,0,1,1,1,1,1
0,149,2,0,2,2,2,2,2
0,150,0,0,0,0,0,0,0
0,151,1,0,1,1,1,1,1
0,152,1,0,1,1,1,1,1
0,153,2,0,2,2,2,2,2
0,154,2,0,2,2,2,2,2
0,155,1,0,1,1,1,1,1
0,156,0,0,0,0,0,0,0
0,157,1,0,1,1,1,1,1
0,158,0,0,0,0,0,0,0
0,159,0,0,0,0,0,0,0
0,160,1,0,1,1,1,1,1
0,161,1,0,2,2,2,2,2
0,162,2,0,2,2,2,2,2
0,163,1,0,1,1,1,1,1
0,164,0,0,0,0,0,0,0
0,165,2,0,2,2,2,2,2
0,166,1,0,1,1,1,1,1
0,167,0,0,0,0,0,0,0
0,168,1,0,1,1,1,1,1
0,169,1,0,1,1,1,1,1
0,170,0,0,0,0,0,0,0
0,171,2,0,0,0,0,0,2
0,172,1,0,1,1,1,1,1
0,173,0,0,0,0,0,0,0
0,174,0,0,0,0,0,0,0
0,175,2,0,2,2,2,2,2
0,176,2,0,2,2,2,2,2
0,177,2,0,2,2,2,2,2
0,178,1,0,1,0,1,1,2
0,179,0,0,0,0,0,0,0
0,180,0,0,0,0,0,0,0
0,181,2,0,2,2,2,2,2
0,182,1,0,1,1,1,1,1
0,183,0,0,0,0,0,0,0
0,184,2,0,2,2,2,1,2
0,185,2,0,2,2,2,2,2
0,186,1,0,1,1,1,1,1
0,187,0,0,0,0,0,0,0
0,188,1,0,1,1,1,1,1
0,189,2,0,2,2,2,2,2
0,190,1,0,1,0,1,0,0
0,191,1,0,1,1,1,1,1
0,192,2,0,2,1,1,2,1
0,193,1,0,1,1,1,1,1
0,194,2,0,1,2,1,0,2
0,195,2,0,2,2,2,2,2
0,196,2,0,2,2,2,2,2
0,197,0,0,0,0,0,0,0
0,198,1,0,1,1,1,1,1
0,199,0,0,1,0,1,2,0
0,200,2,0,2,2,2,2,2
0,201,2,0,2,2,2,2,2
0,202,2,0,2,2,2,2,2
0,203,1,0,1,1,1,1,1
0,204,0,0,0,2,2,0,2
0,205,2,0,2,2,2,2,2
0,206,2,0,2,2,2,2,2
0,207,2,0,2,2,2,2,2
0,208,2,0,2,2,2,2,2
0,209,2,0,2,2,2,2,2
0,210,1,0,1,1,1,1,1
0,211,0,0,2,2,2,2,1
0,212,0,0,0,0,0,0,0
0,213,1,0,1,1,1,1,1
0,214,0,0,0,0,0,0,0
0,215,2,0,2,2,2,2,2
0,216,1,0,1,1,1,1,1
0,217,1,0,1,1,1,1,1
0,218,0,0,0,0,0,0,0
0,219,0,0,2,2,2,2,2
0,220,1,0,0,1,0,0,2
0,221,1,0,1,1,1,1,1
0,222,1,0,1,1,1,1,1
0,223,2,0,2,2,2,2,2
0,224,0,0,0,0,0,0,0
0,225,1,0,1,1,1,1,1
0,226,2,0,2,2,2,2,2
0,227,1,0,1,1,1,1,1
0,228,1,0,1,1,1,1,1
0,229,1,0,1,1,1,1,1
0,230,0,0,0,0,0,0,0
0,231,0,0,0,0,0,0,0
0,232,0,0,0,0,0,0,0
0,233,1,0,1,1,1,1,1
0,234,2,0,2,2,2,2,2
0,235,2,0,2,2,2,2,2
0,236,2,0,2,2,2,2,2
0,237,1,0,1,1,1,1,1
0,238,1,0,1,1,1,1,1
0,239,0,0,0,0,0,0,0
0,240,1,0,1,1,1,1,1
0,241,1,0,2,2,2,2,2
0,242,1,0,1,1,1,1,1
0,243,1,0,1,1,1,1,1
0,244,0,0,0,0,0,0,0
0,245,0,0,0,0,0,0,0
0,246,0,0,0,0,0,0,0
0,247,2,0,2,2,2,2,2
0,248,2,0,2,2,2,2,2
0,249,0,0,0,0,0,0,0
0,250,2,0,2,2,2,2,2
0,251,1,0,1,1,1,1,1
0,252,0,0,0,0,0,0,0
0,253,1,0,1,1,1,1,1
0,254,0,0,0,0,0,0,0
0,255,1,0,0,0,0,1,1
0,256,0,0,0,0,0,0,0
0,257,0,0,0,0,0,0,0
0,258,1,0,1,1,1,1,1
0,259,1,0,1,2,2,1,2
0,260,0,0,0,0,0,0,0
0,261,1,0,1,1,1,1,1
0,262,0,0,0,0,0,0,0
0,263,1,0,1,1,1,1,1
0,264,1,0,1,1,1,1,1
0,265,1,0,1,1,1,1,1
0,266,1,0,1,1,1,1,1
0,267,2,0,2,2,2,2,2
0,268,0,0,0,0,0,0,0
0,269,0,0,0,0,0,0,0
0,270,1,0,1,1,1,1,1
0,271,0,0,0,0,0,0,0
0,272,2,0,2,2,2,2,2
0,273,2,0,2,2,2,2,2
0,274,0,0,0,0,0,0,0
0,275,0,0,1,1,2,1,2
0,276,2,0,2,2,2,2,2
0,277,2,0,2,2,2,2,2
0,278,1,0,2,2,2,2,2
0,279,1,0,1,1,1,1,1
0,280,2,0,2,2,2,2,2
0,281,0,0,0,0,0,0,0
0,282,2,0,2,2,2,2,2
0,283,2,0,2,2,2,2,2
0,284,2,0,2,1,2,2,1
0,285,2,0,2,2,2,2,1
0,286,2,0,0,0,0,1,1
0,287,0,0,0,0,0,0,0
0,288,2,0,2,2,2,2,2
0,289,2,0,2,2,2,2,1
0,290,0,0,2,2,2,2,2
0,291,0,0,0,0,0,0,0
0,292,0,0,0,0,0,0,0
0,293,0,0,2,0,2,2,1
0,294,2,0,2,2,2,2,2
0,295,1,0,2,2,0,2,2
0,296,0,0,2,1,1,2,2
0,297,1,0,1,1,1,1,1
0,298,1,0,1,1,1,1,1
0,299,1,0,2,0,0,2,2
0,300,0,0,0,0,0,0,0
0,301,1,0,1,1,1,1,1
0,302,0,0,1,2,2,1,2
0,303,2,0,2,2,2,2,2
0,304,0,0,0,0,0,0,0
0,305,1,0,0,2,0,0,2
0,306,0,0,0,0,0,0,0
0,307,1,0,1,1,1,1,1
0,308,2,0,2,2,2,2,2
0,309,1,0,1,1,1,1,1
0,310,0,0,0,0,0,0,0
0,311,1,0,1,1,1,1,1
0,312,0,0,0,0,0,0,2
0,313,1,0,2,2,2,2,1
0,314,0,0,0,0,0,0,0
0,315,0,0,0,0,0,0,0
0,316,2,0,2,2,2,2,2
0,317,0,0,0,0,0,0,0
0,318,0,0,0,0,0,0,0
0,319,1,0,1,1,1,1,1
0,320,0,0,2,2,2,0,2
0,321,0,0,0,0,0,0,0
0,322,2,0,2,2,2,2,2
0,323,2,0,2,2,2,2,2
0,324,1,0,0,1,0,0,0
0,325,1,0,1,1,1,1,1
0,326,0,0,0,0,0,0,0
0,327,0,0,0,0,0,0,0
0,328,2,0,2,2,2,2,2
0,329,1,0,1,1,1,1,1
0,330,1,0,1,1,1,1,1
0,331,0,0,0,0,0,0,0
0,332,0,0,0,0,0,0,0
0,333,0,0,0,0,0,0,0
0,334,1,0,1,1,1,1,1
0,335,0,0,0,0,0,0,0
0,336,1,0,1,1,1,1,1
0,337,0,0,2,0,2,0,2
0,338,0,0,0,0,0,0,0
0,339,1,0,1,0,1,1,2
0,340,2,0,2,2,2,2,2
0,341,1,0,1,1,1,1,1
0,342,2,0,2,2,2,2,2
0,343,2,0,2,2,2,2,2
0,344,2,0,2,2,2,2,2
0,345,2,0,2,2,2,2,2
0,346,2,0,2,2,2,2,2
0,347,2,0,2,2,2,2,2
0,348,2,0,2,2,2,2,2
0,349,2,0,2,2,2,2,2
0,350,1,0,1,1,1,1,1
0,351,1,0,1,1,1,1,1
0,352,1,0,1,1,1,1,1
0,353,2,0,2,2,2,2,2
0,354,2,0,2,2,2,2,2
0,355,2,0,2,2,2,2,2
0,356,0,0,0,0,0,0,0
0,357,1,0,1,1,1,1,1
0,358,0,0,0,0,0,0,0
0,359,0,0,0,0,0,0,0
0,360,0,0,0,0,1,1,2
0,361,1,0,1,1,1,1,1
0,362,1,0,1,1,1,1,1
0,363,0,0,0,0,0,0,0
0,364,1,0,1,1,1,1,1
0,365,0,0,0,0,0,0,0
0,366,0,0,2,2,2,2,2
0,367,0,0,0,0,0,0,0
0,368,0,0,0,0,0,0,0
0,369,0,0,0,0,0,0,0
0,370,0,0,0,0,0,0,0
0,371,2,0,2,2,2,2,2
0,372,2,0,0,0,0,0,0
0,373,1,0,1,1,1,1,1
0,374,2,0,2,2,2,2,2
0,375,2,0,2,2,2,2,2
0,376,1,0,1,1,1,1,1
0,377,0,0,0,0,0,0,0
0,378,2,0,2,2,2,2,2
0,379,1,0,2,2,2,2,2
0,380,1,0,1,1,1,1,1
0,381,0,0,0,0,0,0,0
0,382,2,0,2,2,2,2,2
0,383,1,0,1,1,1,1,1
0,384,0,0,2,0,2,2,2
0,385,2,0,2,2,2,2,2
0,386,1,0,1,1,1,1,1
0,387,1,0,1,1,1,1,1
0,388,2,0,2,2,2,2,2
0,389,0,0,0,0,0,0,0
0,390,1,0,1,1,1,1,1
0,391,2,0,2,2,2,2,2
0,392,1,0,1,1,1,1,1
0,393,2,0,2,2,2,2,0
0,394,2,0,2,2,2,2,2
0,395,0,0,0,0,0,0,0
0,396,2,0,2,2,2,2,0
0,397,0,0,0,0,0,0,0
0,398,2,0,2,2,2,2,2
0,399,2,0,2,2,2,2,2
0,400,2,0,2,2,2,2,2
0,401,2,0,2,2,2,2,2
0,402,0,0,0,0,0,0,0
0,403,2,0,2,2,2,2,2
0,404,1,0,2,0,2,0,2
0,405,0,0,2,2,2,2,0
0,406,2,0,2,2,2,2,2
0,407,0,0,0,0,0,0,0
0,408,0,0,0,0,0,0,2
0,409,1,0,1,1,1,1,1
0,410,1,0,1,1,1,1,1
0,411,2,0,0,0,0,0,2
0,412,1,0,1,1,1,1,1
0,413,1,0,1,1,1,1,1
0,414,1,0,1,1,1,1,1
0,415,2,0,2,2,2,2,2
0,416,2,0,2,2,2,2,2
0,417,2,0,2,2,2,2,2
0,418,0,0,0,0,0,0,0
0,419,0,0,0,0,0,0,0
0,420,2,0,0,0,0,0,2
0,421,0,0,0,0,0,0,0
0,422,1,0,0,0,0,0,2
0,423,2,0,2,2,2,2,2
0,424,1,0,1,1,1,1,1
0,425,0,0,0,0,0,0,0
0,426,2,0,2,2,2,2,2
0,427,1,0,1,1,1,1,1
0,428,0,0,0,0,0,0,0
0,429,2,0,2,2,2,2,2
0,430,2,0,2,0,2,0,2
0,431,1,0,1,1,1,1,1
0,432,0,0,0,0,0,0,0
0,433,0,0,0,0,0,0,0
0,434,0,0,0,0,0,0,0
0,435,1,0,1,1,1,1,1
0,436,0,0,0,0,0,0,0
0,437,1,0,0,1,0,0,2
0,438,1,0,0,2,0,2,2
0,439,0,0,0,0,0,0,0
0,440,0,0,0,0,0,0,0
0,441,1,0,0,0,0,0,2
0,442,0,0,0,0,0,0,0
0,443,2,0,2,2,2,2,2
0,444,1,0,1,1,1,1,1
0,445,2,0,2,2,2,2,2
0,446,2,0,2,2,2,2,2
0,447,2,0,2,2,2,2,2
0,448,2,0,2,2,2,2,2
0,449,0,0,0,0,1,0,2
0,450,2,0,2,2,2,2,2
0,451,0,0,0,0,0,0,0
0,452,1,0,2,2,2,2,2
0,453,2,0,2,2,2,2,2
0,454,0,0,0,0,0,0,0
0,455,0,0,2,2,2,2,2
0,456,0,0,0,0,0,0,0
0,457,1,0,0,2,0,0,2
0,458,1,0,1,1,1,1,1
0,459,1,0,2,0,2,2,2
0,460,2,0,2,2,2,2,2
0,461,2,0,2,2,2,2,2
0,462,1,0,1,1,1,1,1
0,463,1,0,1,1,1,1,1
0,464,2,0,2,2,2,2,2
0,465,0,0,0,0,0,0,0
0,466,2,0,2,2,2,2,2
0,467,2,0,2,2,2,2,2
0,468,2,0,1,0,1,1,2
0,469,2,0,2,2,2,2,2
0,470,2,0,2,2,2,2,2
0,471,1,0,1,1,1,1,1
0,472,0,0,0,0,0,0,0
0,473,0,0,0,0,0,0,0
0,474,1,0,1,0,1,1,2
0,475,0,0,0,1,0,0,2
0,476,1,0,2,0,2,2,2
0,477,2,0,2,2,2,2,2
0,478,1,0,1,1,1,1,1
0,479,0,0,0,0,0,0,0
0,480,2,0,2,2,2,2,2
0,481,1,0,2,0,2,2,2
0,482,1,0,1,0,2,1,2
0,483,2,0,2,2,2,2,2
0,484,2,0,2,2,2,2,2
0,485,2,0,2,2,2,2,2
0,486,0,0,0,0,0,0,0
0,487,0,0,0,2,0,0,2
0,488,1,0,1,0,0,1,2
0,489,1,0,1,1,1,1,1
0,490,2,0,2,2,2,2,2
0,491,2,0,2,2,2,2,2
0,492,1,0,1,1,1,1,1
0,493,1,0,2,2,2,2,1
0,494,0,0,2,2,2,2,0
0,495,1,0,1,1,1,1,1
0,496,0,0,1,1,2,1,2
0,497,0,0,0,0,0,0,0
0,498,1,0,1,1,1,1,1
0,499,2,0,2,2,2,2,2
0,500,0,0,0,0,0,0,0
0,501,2,0,2,2,2,2,2
0,502,0,0,0,0,0,0,0
0,503,1,0,2,2,2,2,0
0,504,2,0,2,2,2,2,2
0,505,0,0,0,0,0,0,0
0,506,1,0,1,1,1,1,1
0,507,1,0,1,1,1,1,1
0,508,2,0,2,2,2,2,2
0,509,2,0,0,1,1,0,1
0,510,0,0,0,0,0,0,0
0,511,2,0,0,1,0,0,0
0,512,0,0,0,0,0,0,0
0,513,2,0,2,2,2,2,2
0,514,1,0,1,1,1,1,1
0,515,1,0,1,1,1,1,1
0,516,0,0,1,1,1,1,0
0,517,0,0,0,0,0,0,0
0,518,2,0,2,2,2,2,2
0,519,1,0,1,1,1,1,1
0,520,1,0,1,2,1,1,2
0,521,0,0,1,0,1,1,2
0,522,1,0,1,1,1,1,1
0,523,2,0,2,2,2,2,2
0,524,1,0,1,1,1,1,1
0,525,1,0,1,1,1,1,1
0,526,0,0,0,0,0,0,0
0,527,2,0,2,2,2,2,2
0,528,1,0,1,1,1,1,1
0,529,0,0,0,0,0,0,0
0,530,0,0,0,0,0,0,0
0,531,1,0,1,1,1,1,1
0,532,1,0,1,1,1,1,1
0,533,0,0,0,0,0,0,0
0,534,0,0,1,2,1,1,1
0,535,2,0,2,2,2,2,2
0,536,1,0,1,1,1,1,1
0,537,2,0,2,2,2,2,2
0,538,2,0,2,2,2,2,2
0,539,2,0,2,2,2,2,2
0,540,2,0,2,2,2,2,2
0,541,0,0,0,0,0,0,0
0,542,2,0,2,2,2,2,2
0,543,0,0,0,0,0,0,0
0,544,0,0,0,0,0,0,0
0,545,2,0,1,1,1,1,2
0,546,1,0,1,1,1,1,1
0,547,0,0,0,0,0,0,0
0,548,1,0,1,1,1,1,1
0,549,1,0,1,1,1,1,1
0,550,0,0,0,0,0,0,0
0,551,1,0,1,1,1,1,1
0,552,0,0,0,0,0,0,0
0,553,1,0,1,1,1,1,1
0,554,0,0,0,0,0,0,1
0,555,0,0,0,0,0,0,0
0,556,0,0,0,0,0,0,0
0,557,2,0,2,2,2,2,2
0,558,0,0,0,2,0,0,0
0,559,0,0,0,0,0,0,0
0,560,1,0,1,1,1,1,1
0,561,1,0,1,1,1,1,1
0,562,2,0,2,2,2,2,2
0,563,2,0,2,2,2,2,2
0,564,1,0,1,1,1,1,1
0,565,1,0,1,1,1,1,1
0,566,0,0,0,0,0,0,0
0,567,2,0,2,2,2,2,2
0,568,0,0,0,0,0,0,0
0,569,1,0,1,1,1,1,1
0,570,1,0,1,1,1,1,1
0,571,2,0,0,0,0,0,1
0,572,2,0,2,2,2,2,2
0,573,0,0,0,0,0,0,0
0,574,0,0,0,2,0,0,2
0,575,1,0,1,1,1,1,1
0,576,0,0,0,0,0,0,0
0,577,0,0,2,2,2,2,0
0,578,1,0,1,1,1,1,1
0,579,0,0,0,0,0,0,0
0,580,2,0,2,2,2,2,2
0,581,0,0,0,0,0,0,0
0,582,0,0,0,0,0,0,0
0,583,0,0,0,0,2,0,2
0,584,0,0,0,0,0,0,0
0,585,1,0,1,1,1,1,1
0,586,0,0,0,0,0,0,0
0,587,2,0,2,2,2,2,2
0,588,0,0,0,0,0,0,0
0,589,2,0,2,0,0,0,0
0,590,1,0,1,1,1,1,1
0,591,2,0,2,2,2,2,2
0,592,2,0,2,0,2,2,1
0,593,2,0,2,2,2,2,2
0,594,1,0,1,1,1,1,1
0,595,1,0,1,1,1,1,1
0,596,2,0,2,2,2,2,2
0,597,1,0,2,2,2,2,1
0,598,1,0,1,1,1,1,1
0,599,0,0,0,0,0,0,0
0,600,0,0,0,0,0,0,0
0,601,2,0,2,2,2,2,2
0,602,2,0,2,2,2,2,2
0,603,1,0,1,1,1,1,1
0,604,0,0,0,0,0,0,0
0,605,0,0,0,0,0,0,0
0,606,2,0,1,1,1,1,2
0,607,0,0,0,0,0,0,2
0,608,1,0,1,1,1,1,1
0,609,0,0,0,0,0,0,0
0,610,1,0,1,1,1,1,1
0,611,1,0,1,1,1,1,1
0,612,1,0,1,1,1,1,1
0,613,0,0,0,0,0,0,0
0,614,0,0,0,0,0,0,0
0,615,1,0,1,1,1,1,1
0,616,2,0,2,2,2,2,2
0,617,1,0,1,1,1,1,1
0,618,1,0,1,1,1,1,1
0,619,1,0,1,1,1,1,1
0,620,1,0,1,1,1,1,1
0,621,0,0,0,0,0,0,0
0,622,1,0,1,1,1,1,1
0,623,1,0,1,1,1,1,1
0,624,0,0,0,0,0,0,0
0,625,1,0,1,1,1,1,1
0,626,1,0,1,1,1,1,1
0,627,1,0,1,1,1,1,1
0,628,0,0,0,0,0,0,0
0,629,1,0,1,1,1,1,1
0,630,0,0,0,0,0,0,0
0,631,2,0,2,2,2,2,2
0,632,0,0,1,2,1,1,2
0,633,2,0,2,2,2,2,2
0,634,1,0,2,2,2,2,2
0,635,2,0,2,2,2,2,2
0,636,1,0,1,1,1,1,1
0,637,1,0,0,0,0,0,2
0,638,0,0,0,0,0,0,0
0,639,1,0,1,1,1,1,1
0,640,0,0,0,0,0,0,0
0,641,2,0,2,2,2,2,2
0,642,2,0,2,2,2,2,2
0,643,0,0,0,0,0,0,0
0,644,2,0,2,2,2,2,2
0,645,1,0,1,1,1,1,1
0,646,0,0,0,0,0,0,0
0,647,0,0,0,0,0,0,0
0,648,0,0,0,2,2,0,2
0,649,1,0,2,0,2,2,2
0,650,0,0,0,0,0,0,0
0,651,0,0,0,0,0,0,0
0,652,0,0,0,0,0,0,0
0,653,0,0,0,0,0,0,0
0,654,0,0,0,0,0,0,0
0,655,1,0,1,1,1,1,1
0,656,2,0,2,2,2,2,2
0,657,0,0,0,0,0,0,0
0,658,1,0,1,1,1,1,1
0,659,1,0,1,1,1,1,1
0,660,1,0,1,1,1,1,1
0,661,2,0,2,2,2,2,2
0,662,2,0,2,2,2,2,2
0,663,0,0,0,0,0,0,0
0,664,0,0,0,0,0,0,0
0,665,1,0,1,1,1,1,1
0,666,1,0,1,1,1,1,1
0,667,0,0,0,0,0,0,0
0,668,0,0,1,1,1,1,2
0,669,0,0,0,0,0,0,2
0,670,1,0,1,1,1,1,1
0,671,0,0,0,0,0,0,0
0,672,0,0,0,0,0,0,0
0,673,1,0,1,1,1,1,1
0,674,1,0,1,1,1,1,1
0,675,2,0,2,2,2,2,0
0,676,1,0,1,1,1,1,1
0,677,2,0,2,2,2,2,2
0,678,0,0,0,0,0,0,2
0,679,1,0,1,1,1,1,1
0,680,2,0,2,2,2,2,2
0,681,0,0,0,0,0,0,0
0,682,1,0,1,1,1,1,1
0,683,0,0,0,0,0,0,0
0,684,1,0,1,1,1,1,1
0,685,0,0,0,0,0,0,0
0,686,2,0,2,2,2,2,2
0,687,2,0,2,2,2,2,2
0,688,0,0,0,0,0,0,0
0,689,2,0,2,2,2,2,2
0,690,2,0,2,1,2,2,0
0,691,2,0,1,1,1,1,1
0,692,1,0,1,2,1,1,0
0,693,0,0,0,0,0,0,0
0,694,0,0,0,0,0,0,0
0,695,0,0,0,0,0,0,0
0,696,1,0,1,1,1,1,1
0,697,0,0,0,0,0,0,0
0,698,2,0,2,2,2,2,2
0,699,2,0,2,2,2,2,2
0,700,2,0,2,2,2,2,2
0,701,0,0,0,0,0,0,0
0,702,0,0,0,0,0,0,0
0,703,1,0,1,1,1,1,1
0,704,0,0,0,0,0,0,0
0,705,0,0,0,0,0,0,0
0,706,2,0,2,2,2,2,2
0,707,0,0,0,0,0,0,0
0,708,2,0,2,2,2,2,2
0,709,2,0,2,2,2,2,2
0,710,2,0,2,0,2,2,1
0,711,2,0,2,2,2,2,2
0,712,1,0,1,1,1,1,1
0,713,2,0,2,2,2,2,2
0,714,2,0,2,2,2,2,2
0,715,2,0,0,0,0,0,2
0,716,2,0,2,2,2,2,2
0,717,2,0,2,2,2,2,2
0,718,1,0,1,1,1,1,1
0,719,1,0,1,1,1,1,1
0,720,2,0,2,2,2,2,2
0,721,2,0,2,2,2,2,2
0,722,2,0,2,2,2,2,2
0,723,0,0,0,0,0,0,0
0,724,1,0,1,1,1,1,1
0,725,1,0,1,1,1,1,1
0,726,2,0,2,2,2,2,2
0,727,2,0,2,2,2,2,2
0,728,2,0,2,2,2,2,2
0,729,0,0,0,0,0,0,0
0,730,0,0,0,0,0,0,0
0,731,0,0,0,0,0,0,0
0,732,2,0,2,2,2,2,2
0,733,1,0,1,1,1,1,1
0,734,1,0,1,1,1,1,1
0,735,0,0,0,0,0,0,0
0,736,2,0,2,2,2,2,2
0,737,2,0,2,2,2,2,2
0,738,2,0,2,2,2,2,2
0,739,1,0,1,1,1,1,1
0,740,1,0,1,1,1,1,1
0,741,0,0,0,0,0,0,0
0,742,1,0,0,0,0,0,2
0,743,2,0,2,2,2,2,2
0,744,0,0,0,0,0,0,0
0,745,0,0,0,2,0,2,2
0,746,1,0,1,1,1,1,1
0,747,2,0,2,2,2,2,2
0,748,1,0,1,1,1,1,1
0,749,0,0,0,0,0,0,0
0,750,2,0,0,0,0,0,2
0,751,0,0,2,2,2,2,2
0,752,1,0,0,1,0,0,2
0,753,0,0,0,0,0,0,0
0,754,2,0,2,2,2,2,2
0,755,2,0,2,2,2,2,2
0,756,1,0,1,1,1,1,1
0,757,2,0,2,2,2,2,2
0,758,0,0,0,0,0,0,0
0,759,1,0,1,1,1,1,1
0,760,0,0,0,0,0,0,0
0,761,1,0,1,1,1,1,1
0,762,2,0,2,2,2,2,2
0,763,1,0,1,1,1,1,1
0,764,1,0,1,1,1,1,1
0,765,1,0,1,1,1,1,1
0,766,0,0,0,0,0,0,0
0,767,2,0,2,2,2,2,2
0,768,2,0,0,0,0,0,0
0,769,2,0,2,2,2,2,2
0,770,0,0,0,0,0,0,0
0,771,1,0,1,1,1,1,1
0,772,0,0,0,0,0,0,0
0,773,2,0,2,2,2,2,2
0,774,0,0,0,0,0,0,0
0,775,2,0,0,0,0,0,2
0,776,0,0,0,0,0,0,0
0,777,2,0,2,2,2,2,2
0,778,2,0,2,2,2,2,2
0,779,0,0,2,1,2,2,2
0,780,2,0,2,2,2,2,2
0,781,0,0,0,0,0,0,0
0,782,1,0,1,1,1,1,1
0,783,0,0,0,0,0,0,0
0,784,0,0,2,2,2,2,2
0,785,2,0,2,2,2,2,2
0,786,1,0,1,1,1,1,1
0,787,0,0,0,0,0,0,2
0,788,1,0,1,1,1,1,1
0,789,2,0,2,2,2,2,2
0,790,2,0,2,2,2,2,2
0,791,2,0,2,2,2,2,2
0,792,2,0,2,2,2,2,2
0,793,1,0,1,1,1,1,1
0,794,0,0,2,2,2,0,2
0,795,1,0,1,1,1,1,1
0,796,0,0,0,0,0,0,0
0,797,2,0,2,2,2,2,2
0,798,1,0,1,1,1,1,1
0,799,2,0,2,2,2,2,2
0,800,0,0,0,1,0,0,2
0,801,0,0,2,0,0,0,2
0,802,0,0,0,0,0,0,0
0,803,1,0,1,1,1,1,1
0,804,2,0,2,2,2,2,2
0,806,2,0,2,2,2,2,2
0,807,0,0,0,0,0,0,0
0,808,2,0,2,2,2,2,2
0,809,2,0,1,1,1,1,2
0,810,1,0,1,1,1,1,1
0,811,2,0,0,2,2,2,1
0,812,1,0,1,1,1,1,1
0,813,0,0,0,0,0,0,0
0,814,1,0,1,1,1,1,1
0,815,0,0,2,2,2,2,2
0,816,1,0,0,0,0,1,2
0,817,0,0,0,0,0,0,0
0,818,1,0,1,1,1,1,1
0,819,2,0,2,2,2,2,2
0,820,1,0,1,1,1,1,1
0,821,1,0,2,0,2,2,2
0,822,1,0,1,1,1,1,1
0,823,1,0,1,1,1,1,1
0,824,1,0,1,1,1,1,1
0,825,2,0,2,2,2,2,2
0,826,2,0,2,2,0,0,2
0,827,1,0,1,1,1,1,1
0,828,2,0,0,0,0,0,0
0,829,0,0,0,0,0,0,0
0,830,0,0,0,0,0,0,0
0,831,1,0,1,1,1,1,1
0,832,2,0,2,0,0,0,2
0,833,0,0,0,0,0,0,0
0,834,2,0,2,2,2,2,2
0,835,1,0,1,1,1,1,1
0,836,2,0,2,2,2,2,2
0,837,1,0,1,1,1,1,1
0,838,0,0,0,0,0,0,0
0,839,1,0,1,1,1,1,1
0,840,1,0,1,1,1,1,1
0,841,2,0,2,2,2,2,2
0,842,1,0,0,1,0,0,1
0,843,0,0,0,0,0,0,0
0,844,2,0,2,2,2,2,2
0,845,2,0,2,2,2,2,2
0,846,0,0,0,0,0,0,0
0,847,2,0,2,2,2,2,2
0,848,0,0,0,1,0,0,2
0,849,0,0,0,0,0,0,2
0,850,1,0,1,1,1,1,1
0,851,1,0,1,1,1,1,1
0,852,2,0,2,2,2,2,2
0,853,1,0,2,2,1,1,2
0,854,0,0,0,0,0,0,0
0,855,2,0,0,1,2,2,1
0,856,1,0,1,1,1,1,1
0,857,2,0,2,0,2,2,0
0,858,0,0,1,1,1,1,2
0,859,2,0,0,0,0,0,2
0,860,1,0,1,1,1,1,1
0,861,2,0,1,1,0,1,0
0,862,2,0,2,2,2,2,2
0,863,0,0,0,0,0,0,0
0,864,1,0,1,1,1,1,1
0,865,0,0,0,0,0,2,2
0,866,2,0,2,0,2,2,2
0,867,1,0,1,1,1,1,1
0,868,0,0,0,0,0,0,0
0,869,1,0,1,1,1,1,1
0,870,1,0,1,1,1,1,1
0,871,1,0,1,1,1,1,1
0,872,1,0,1,1,1,1,1
0,873,0,0,0,0,0,0,0
0,874,0,0,0,0,0,0,0
0,875,1,0,1,1,1,1,1
0,876,1,0,1,1,1,1,1
0,877,0,0,0,0,0,0,0
0,878,1,0,1,1,1,1,1
0,879,0,0,0,0,0,0,0
0,880,1,0,1,1,1,1,1
0,881,1,0,1,1,1,1,1
0,882,0,0,0,0,0,0,0
0,883,0,0,0,0,0,0,0
0,884,1,0,0,0,1,1,2
0,885,2,0,2,2,2,2,2
0,886,0,0,0,0,0,0,0
0,887,2,0,0,2,0,0,0
0,888,1,0,1,1,1,1,1
0,890,2,0,2,2,2,2,2
0,891,2,0,2,2,2,2,2
0,892,2,0,2,2,2,2,2
0,893,1,0,1,1,1,1,1
0,894,2,0,2,2,2,2,2
0,895,2,0,2,2,2,2,2
0,896,1,0,1,1,1,1,1
0,897,0,0,1,1,1,1,2
0,898,0,0,2,1,2,2,2
0,899,0,0,0,0,0,0,0
0,900,0,0,0,0,0,0,0
0,901,0,0,0,0,0,0,0
0,902,1,0,1,1,1,1,2
0,903,0,0,0,0,0,0,0
0,904,2,0,2,2,2,2,2
0,905,0,0,0,0,0,0,0
0,906,1,0,1,1,1,1,1
0,907,0,0,0,0,0,0,0
0,908,2,0,2,2,2,2,2
0,909,2,0,2,2,2,2,2
0,910,0,0,0,0,0,0,0
0,911,0,0,0,0,0,0,0
0,912,0,0,0,0,0,0,0
0,913,1,0,1,1,1,1,1
0,914,1,0,1,1,1,1,1
0,915,2,0,2,2,2,2,2
0,916,0,0,0,0,0,0,0
0,917,1,0,0,0,2,0,2
0,918,1,0,1,1,1,1,1
0,919,2,0,2,1,1,2,2
0,920,1,0,1,1,1,1,1
0,921,1,0,1,1,1,1,1
0,922,2,0,2,2,2,2,2
0,923,0,0,0,0,0,0,0
0,924,2,0,2,2,2,2,2
0,925,1,0,1,1,1,1,1
0,926,1,0,1,1,1,1,1
0,927,1,0,1,1,1,1,1
0,928,2,0,2,2,2,2,2
0,929,1,0,1,1,1,1,1
0,930,0,0,0,0,0,0,0
0,931,2,0,2,2,2,2,2
0,932,2,0,2,2,2,2,2
0,933,2,0,2,2,2,2,2
0,934,1,0,1,1,1,1,1
0,935,0,0,0,0,0,0,0
0,936,0,0,0,0,0,0,0
0,937,2,0,2,2,2,2,2
0,938,1,0,1,1,1,1,1
0,939,2,0,2,2,2,2,2
0,940,1,0,1,1,1,1,1
0,941,0,0,0,0,0,0,0
0,942,1,0,1,1,1,1,1
0,943,2,0,2,2,2,2,2
0,944,2,0,2,2,2,2,2
0,945,2,0,2,2,2,2,2
0,946,2,0,2,2,2,2,1
0,947,2,0,2,2,2,2,2
0,948,2,0,2,2,2,2,2
0,949,2,0,2,2,2,2,2
0,950,1,0,1,1,1,1,1
0,951,2,0,2,2,2,2,2
0,952,2,0,2,2,2,2,2
0,953,2,0,2,2,2,2,2
0,954,0,0,0,0,0,0,0
0,955,1,0,1,1,1,1,1
0,956,2,0,2,2,2,2,2
0,957,2,0,2,2,2,2,2
0,958,0,0,0,0,0,0,0
0,959,0,0,0,0,0,0,0
0,960,2,0,2,2,2,2,2
0,961,2,0,2,2,2,2,2
0,962,0,0,0,0,0,0,0
0,963,2,0,2,2,2,2,2
0,964,0,0,0,0,0,0,0
0,965,1,0,1,1,1,1,1
0,966,2,0,2,2,2,2,2
0,967,1,0,1,1,1,1,1
0,968,0,0,0,0,0,0,0
0,969,1,0,1,1,1,1,1
0,970,1,0,1,1,1,1,1
0,971,2,0,2,2,2,2,2
0,972,0,0,0,0,0,0,0
0,973,2,0,2,2,2,2,2
0,974,0,0,0,0,0,0,0
0,975,2,0,2,2,2,2,2
0,976,0,0,0,0,0,0,0
0,977,1,0,1,1,1,1,1
0,978,2,0,1,2,0,1,1
0,979,2,0,2,2,2,2,2
0,980,0,0,0,0,0,0,0
0,981,1,0,1,1,1,1,1
0,982,2,0,2,2,2,2,2
0,983,2,0,2,2,2,2,2
0,984,0,0,0,0,0,2,1
0,985,2,0,2,2,2,2,2
0,986,2,0,2,2,2,2,2
0,987,0,0,0,0,0,0,0
0,988,2,0,2,2,2,2,2
0,989,0,0,0,0,0,0,1
0,990,1,0,1,1,1,1,1
0,991,1,0,1,1,1,1,1
0,992,2,0,2,0,2,2,0
0,993,2,0,2,2,2,2,2
0,994,0,0,0,0,0,0,0
0,995,1,0,1,1,1,1,1
0,996,2,0,2,2,2,2,2
0,997,0,0,0,0,0,0,0
0,998,0,0,0,0,0,0,0
0,999,0,0,0,0,0,0,0
0,1000,1,0,1,1,1,1,1
0,1001,1,0,1,1,1,1,1
0,1002,1,0,2,2,2,2,1
0,1003,1,0,2,0,0,2,2
0,1004,0,0,0,0,0,0,0
0,1005,1,0,2,2,2,2,2
0,1006,1,0,1,1,1,1,1
0,1007,0,0,0,0,0,0,0
0,1008,1,0,1,1,1,1,1
0,1009,2,0,2,2,2,2,2
0,1010,1,0,1,1,1,1,1
0,1011,2,0,2,2,2,2,2
0,1012,0,0,0,0,0,0,0
0,1013,0,0,2,1,2,2,2
0,1014,0,0,0,0,2,2,2
0,1015,1,0,1,1,1,1,1
0,1016,0,0,0,0,0,0,0
0,1017,0,0,0,0,0,0,0
0,1018,0,0,0,0,0,0,0
0,1019,2,0,2,2,2,2,2
0,1020,0,0,0,0,0,0,0
0,1021,2,0,2,0,0,2,0
0,1022,2,0,2,2,2,2,2
0,1023,0,0,0,0,2,2,2
0,1024,0,0,0,0,0,0,0
0,1025,2,0,2,2,2,2,2
0,1026,1,0,2,0,2,2,2
0,1027,1,0,1,1,1,1,1
0,1028,2,0,2,2,2,2,2
0,1029,2,0,2,2,2,2,2
0,1030,0,0,0,0,0,0,0
0,1031,1,0,1,1,1,1,1
0,1032,2,0,2,2,2,2,2
0,1033,0,0,0,0,0,0,0
0,1034,2,0,2,2,2,2,2
0,1035,0,0,0,2,2,0,2
0,1036,0,0,0,0,0,0,0
0,1037,1,0,0,1,0,1,2
0,1038,1,0,1,1,1,1,1
0,1039,2,0,2,2,2,2,2
0,1040,2,0,0,0,0,0,2
0,1041,2,0,2,2,2,2,2
0,1042,0,0,0,0,0,0,1
0,1043,1,0,1,1,1,1,1
0,1044,2,0,2,2,2,2,2
0,1045,1,0,1,1,1,1,1
0,1046,1,0,1,1,1,1,1
0,1047,2,0,1,1,1,1,1
0,1048,0,0,2,2,0,2,2
0,1049,0,0,0,0,0,0,0
0,1050,0,0,0,0,0,0,0
0,1051,0,0,0,0,0,0,0
0,1052,2,0,2,2,2,0,1
0,1053,1,0,1,0,0,0,1
0,1054,2,0,2,2,2,2,2
0,1055,0,0,2,2,2,2,1
0,1056,0,0,0,0,0,0,0
0,1057,1,0,1,1,1,1,1
0,1058,1,0,1,1,1,1,1
0,1059,2,0,2,2,2,2,2
0,1060,2,0,2,2,2,2,2
0,1061,0,0,0,0,0,0,0
0,1062,0,0,0,0,0,0,0
0,1063,0,0,0,0,0,0,0
0,1064,2,0,2,2,2,2,2
0,1065,2,0,1,0,1,1,1
0,1066,2,0,2,2,2,2,2
0,1067,1,0,1,1,1,1,1
0,1068,0,0,0,0,0,0,0
0,1069,1,0,1,1,1,1,1
0,1070,2,0,2,2,2,2,2
0,1071,2,0,2,2,2,2,2
0,1072,2,0,2,2,2,2,2
0,1073,0,0,1,2,1,1,1
0,1074,1,0,1,1,1,1,1
0,1075,1,0,1,1,1,1,1
0,1076,2,0,2,2,2,2,2
0,1077,0,0,0,0,0,0,0
0,1078,0,0,0,0,0,0,0
0,1079,2,0,2,0,2,2,2
0,1080,2,0,2,0,0,2,1
0,1081,2,0,2,2,2,2,2
0,1082,1,0,1,1,1,1,1
0,1083,2,0,2,2,2,2,2
0,1084,2,0,2,2,2,2,2
0,1085,2,0,2,2,2,2,2
0,1086,0,0,2,0,0,2,2
0,1087,0,0,0,0,0,0,0
0,1088,2,0,2,2,2,2,2
0,1089,0,0,2,0,0,2,2
0,1090,0,0,2,2,2,2,2
0,1091,2,0,2,2,2,2,2
0,1092,1,0,1,1,1,1,1
0,1093,0,0,0,0,0,0,0
0,1094,2,0,1,1,1,1,0
0,1095,1,0,1,1,1,1,1
0,1096,2,0,0,0,0,0,2
0,1097,0,0,0,0,0,0,0
0,1098,2,0,2,2,2,2,2
0,1099,2,0,2,2,2,2,1
1,0,1,0,1,1,1,1,1
1,1,2,0,2,2,2,2,2
1,2,1,0,1,1,1,1,1
1,3,2,0,2,2,2,2,2
1,4,1,0,0,0,0,0,1
1,5,2,0,2,2,2,2,2
1,6,0,0,0,0,0,0,0
1,7,2,0,2,2,2,2,2
1,8,1,0,1,1,1,1,1
1,9,1,0,2,2,2,2,2
1,10,2,0,2,2,2,2,2
1,11,2,0,2,2,2,2,2
1,12,0,0,0,0,0,0,0
1,13,2,0,0,2,0,0,2
1,14,0,0,0,0,0,0,0
1,15,1,0,1,1,1,1,1
1,16,0,0,0,0,0,0,0
1,17,0,0,0,0,0,0,0
1,18,1,0,1,1,1,1,1
1,19,2,0,2,2,2,2,2
1,20,0,0,0,0,0,0,0
1,21,2,0,2,2,2,2,2
1,22,0,0,0,0,0,0,0
1,23,2,0,2,2,2,2,2
1,24,1,0,1,1,1,1,1
1,25,0,0,0,0,0,0,0
1,26,2,0,2,2,2,2,2
1,27,0,0,0,0,0,0,1
1,28,1,0,1,1,1,1,1
1,29,2,0,2,2,2,2,2
1,30,0,0,0,0,0,0,0
1,31,1,0,0,0,0,0,0
1,32,2,0,2,2,2,2,2
1,33,1,0,1,1,1,1,1
1,34,0,0,0,0,0,0,0
1,35,1,0,1,1,1,1,1
1,36,1,0,1,1,1,1,1
1,37,0,0,0,0,0,0,0
1,38,2,0,2,2,2,2,2
1,39,0,0,0,0,0,0,0
1,40,0,0,0,0,0,0,0
1,41,0,0,0,0,0,0,0
1,42,0,0,0,0,0,0,0
1,43,2,0,2,2,2,2,2
1,44,2,0,2,2,2,2,2
1,45,0,0,0,0,0,0,2
1,46,2,0,2,2,2,2,2
1,47,0,0,0,0,0,0,0
1,48,1,0,1,1,1,1,1
1,49,0,0,0,0,0,0,0
1,50,0,0,0,0,0,0,0
1,51,1,0,1,1,1,1,1
1,52,0,0,0,0,0,0,0
1,53,2,0,2,2,2,2,2
1,54,1,0,1,1,1,1,1
1,55,1,0,1,1,1,1,1
1,56,1,0,1,1,1,1,1
1,57,0,0,0,0,0,0,0
1,58,0,0,0,0,0,0,0
1,59,0,0,0,0,0,0,0
1,60,0,0,0,0,0,0,0
1,61,1,0,0,0,0,2,2
1,62,0,0,0,0,0,0,0
1,63,1,0,1,1,1,1,1
1,64,0,0,1,0,1,1,2
1,65,0,0,0,0,0,0,0
1,66,2,0,2,2,2,2,2
1,67,1,0,1,1,1,1,1
1,68,1,0,1,1,1,1,1
1,69,1,0,0,0,0,0,2
1,70,0,0,0,0,0,0,0
1,71,2,0,2,2,2,2,2
1,72,0,0,0,0,0,0,0
1,73,0,0,0,0,0,0,0
1,74,2,0,2,2,2,2,2
1,75,2,0,2,2,2,2,2
1,76,2,0,2,2,2,2,2
1,77,0,0,0,0,0,0,0
1,78,1,0,1,1,1,1,1
1,79,2,0,2,2,2,2,2
1,80,0,0,0,0,0,0,0
1,81,1,0,1,1,1,1,1
1,82,2,0,2,2,2,2,2
1,83,0,0,0,0,0,0,0
1,84,1,0,1,1,1,1,1
1,85,1,0,1,1,1,1,1
1,86,1,0,1,1,1,1,1
1,87,2,0,2,2,2,2,2
1,88,1,0,1,1,1,1,1
1,89,2,0,2,2,2,2,2
1,90,1,0,1,1,1,1,1
1,91,2,0,2,2,2,2,2
1,92,2,0,2,2,2,2,2
1,93,2,0,0,2,0,0,2
1,94,0,0,2,2,2,2,2
1,95,1,0,2,2,0,1,2
1,96,2,0,2,2,2,2,2
1,97,2,0,2,2,2,2,2
1,98,0,0,0,0,0,0,0
1,99,1,0,1,1,1,1,1
1,100,1,0,1,0,1,1,0
1,101,1,0,0,2,0,0,2
1,102,1,0,1,1,1,1,1
1,103,1,0,1,1,1,1,1
1,104,0,0,0,0,0,0,0
1,105,0,0,0,0,0,0,0
1,106,2,0,2,2,2,2,2
1,107,0,0,0,0,0,0,0
1,108,2,0,2,2,2,2,2
1,109,2,0,2,2,2,2,2
1,110,0,0,0,0,0,0,0
1,111,2,0,2,2,2,2,2
1,112,0,0,0,0,0,0,0
1,113,1,0,1,1,1,1,1
1,114,2,0,0,1,0,0,0
1,115,2,0,2,2,2,2,2
1,116,1,0,1,1,1,1,1
1,117,2,0,2,2,2,2,2
1,118,2,0,2,2,2,2,2
1,119,1,0,1,1,1,1,1
1,120,0,0,0,0,0,0,0
1,121,2,0,2,2,2,2,2
1,122,0,0,0,0,0,0,0
1,123,1,0,1,1,1,1,1
1,124,1,0,1,1,1,1,1
1,125,0,0,0,1,1,0,2
1,126,1,0,1,1,1,1,1
1,127,0,0,0,0,0,0,0
1,128,2,0,2,2,2,2,2
1,129,1,0,1,1,1,1,1
1,130,0,0,0,0,0,0,0
1,131,1,0,1,1,1,1,1
1,132,0,0,2,2,1,2,2
1,133,1,0,1,1,1,1,1
1,134,1,0,1,1,1,1,1
1,135,0,0,2,0,2,2,2
1,136,0,0,0,0,0,0,0
1,137,2,0,2,2,2,2,2
1,138,0,0,0,0,0,0,0
1,139,1,0,1,1,1,1,1
1,140,2,0,2,2,2,2,1
1,141,0,0,1,2,1,1,2
1,142,1,0,1,1,1,1,1
1,143,0,0,0,0,0,0,0
1,144,2,0,2,2,2,2,2
1,145,0,0,0,0,0,0,0
1,146,1,0,1,1,1,1,1
1,147,2,0,2,2,2,2,2
1,148,1,0,1,1,1,1,1
1,149,2,0,2,2,2,2,2
1,150,0,0,0,0,0,0,0
1,151,1,0,1,1,1,1,1
1,152,1,0,1,1,1,1,1
1,153,2,0,2,2,2,2,2
1,154,2,0,2,2,2,2,2
1,155,1,0,1,1,1,1,1
1,156,0,0,0,0,0,0,0
1,157,1,0,1,1,1,1,1
1,158,0,0,0,0,0,0,0
1,159,0,0,0,0,0,0,0
1,160,1,0,1,1,1,1,1
1,161,1,0,2,2,2,2,1
1,162,2,0,2,2,2,2,2
1,163,1,0,1,1,1,1,1
1,164,0,0,0,0,0,0,0
1,165,2,0,2,2,2,2,2
1,166,1,0,1,1,1,1,1
1,167,0,0,0,0,0,0,0
1,168,1,0,1,1,1,1,1
1,169,1,0,1,1,1,1,1
1,170,0,0,0,0,0,0,0
1,171,2,0,0,0,0,0,1
1,172,1,0,1,1,1,1,1
1,173,0,0,0,0,0,0,0
1,174,0,0,0,0,0,0,0
1,175,2,0,2,2,2,2,2
1,176,2,0,2,2,2,2,2
1,177,2,0,2,2,2,2,2
1,178,1,0,1,0,1,1,2
1,179,0,0,0,0,0,0,2
1,180,0,0,0,0,0,0,0
1,181,2,0,2,2,2,2,2
1,182,1,0,1,1,1,1,1
1,183,0,0,0,0,0,0,0
1,184,2,0,2,0,2,1,2
1,185,2,0,2,2,2,2,2
1,186,1,0,1,1,1,1,1
1,187,0,0,0,0,0,0,0
1,188,1,0,1,1,1,1,1
1,189,2,0,2,2,2,2,2
1,190,1,0,0,0,1,0,1
1,191,1,0,1,1,1,1,1
1,192,2,0,2,1,2,2,2
1,193,1,0,1,1,1,1,1
1,194,2,0,0,2,0,0,2
1,195,2,0,2,2,2,2,2
1,196,2,0,2,2,2,2,2
1,197,0,0,0,0,0,0,0
1,198,1,0,1,1,1,1,1
1,199,0,0,2,0,2,2,2
1,200,2,0,2,2,2,2,2
1,201,2,0,2,2,2,2,2
1,202,2,0,2,2,2,2,2
1,203,1,0,1,1,1,1,1
1,204,0,0,2,1,2,0,2
1,205,2,0,2,2,2,2,2
1,206,2,0,2,2,2,2,2
1,207,2,0,2,2,2,2,2
1,208,2,0,2,2,2,2,2
1,209,2,0,2,0,2,2,2
1,210,1,0,1,1,1,1,1
1,211,0,0,2,2,2,2,2
1,212,0,0,0,0,0,0,0
1,213,1,0,1,1,1,1,1
1,214,0,0,0,0,0,0,0
1,215,2,0,2,2,2,2,2
1,216,1,0,1,1,1,1,1
1,217,1,0,1,1,1,1,1
1,218,0,0,0,0,0,0,0
1,219,0,0,2,2,2,2,2
1,220,1,0,0,0,0,0,2
1,221,1,0,1,1,1,1,1
1,222,1,0,1,1,1,1,1
1,223,2,0,2,2,2,2,2
1,224,0,0,0,0,0,0,0
1,225,1,0,1,1,1,1,1
1,226,2,0,2,2,2,2,2
1,227,1,0,1,1,1,1,1
1,228,1,0,1,1,1,1,1
1,229,1,0,1,1,1,1,1
1,230,0,0,0,0,0,0,0
1,231,0,0,0,0,0,0,0
1,232,0,0,0,0,0,0,0
1,233,1,0,1,1,1,1,1
1,234,2,0,2,2,2,2,2
1,235,2,0,2,2,2,2,2
1,236,2,0,2,2,2,2,2
1,237,1,0,1,1,1,1,1
1,238,1,0,1,1,1,1,1
1,239,0,0,0,0,0,0,0
1,240,1,0,1,1,1,1,1
1,241,1,0,2,2,2,2,2
1,242,1,0,1,1,1,1,1
1,243,1,0,1,1,1,1,1
1,244,0,0,0,0,0,0,0
1,245,0,0,0,0,0,0,0
1,246,0,0,0,0,0,0,0
1,247,2,0,2,2,2,2,2
1,248,2,0,2,2,2,2,2
1,249,0,0,0,0,0,0,0
1,250,2,0,2,2,2,2,2
1,251,1,0,1,1,1,1,1
1,252,0,0,0,0,0,0,2
1,253,1,0,1,1,1,1,1
1,254,0,0,0,0,0,0,0
1,255,1,0,0,1,0,0,1
1,256,0,0,0,0,0,0,0
1,257,0,0,0,0,0,0,0
1,258,1,0,1,1,1,1,1
1,259,1,0,1,2,2,2,2
1,260,0,0,0,0,0,0,0
1,261,1,0,1,1,1,1,1
1,262,0,0,0,0,0,0,0
1,263,1,0,1,1,1,1,1
1,264,1,0,1,1,1,1,1
1,265,1,0,1,1,1,1,1
1,266,1,0,1,1,1,1,1
1,267,2,0,2,2,2,2,2
1,268,0,0,0,0,0,0,0
1,269,0,0,0,0,0,0,0
1,270,1,0,1,1,1,1,1
1,271,0,0,0,0,0,0,0
1,272,2,0,2,2,2,2,2
1,273,2,0,2,2,2,2,2
1,274,0,0,0,0,0,0,0
1,275,0,0,1,1,1,1,1
1,276,2,0,2,2,2,2,2
1,277,2,0,2,2,2,2,2
1,278,1,0,2,2,2,2,2
1,279,1,0,1,1,1,1,1
1,280,2,0,2,2,2,2,2
1,281,0,0,0,0,0,0,0
1,282,2,0,2,2,2,2,2
1,283,2,0,2,2,2,2,2
1,284,2,0,2,2,2,2,0
1,285,2,0,2,2,2,2,2
1,286,2,0,0,0,0,1,2
1,287,0,0,0,0,0,0,0
1,288,2,0,2,2,2,2,2
1,289,2,0,2,2,2,2,2
1,290,0,0,2,0,2,2,2
1,291,0,0,0,0,0,0,0
1,292,0,0,0,0,0,0,0
1,293,0,0,2,0,2,2,2
1,294,2,0,2,2,2,2,2
1,295,1,0,0,0,0,2,2
1,296,0,0,1,1,1,2,2
1,297,1,0,1,1,1,1,1
1,298,1,0,1,1,1,1,1
1,299,1,0,2,0,1,1,2
1,300,0,0,0,0,0,0,0
1,301,1,0,1,1,1,1,1
1,302,0,0,1,1,1,1,2
1,303,2,0,2,2,2,2,2
1,304,0,0,0,0,0,0,0
1,305,1,0,0,0,0,0,0
1,306,0,0,0,0,0,0,0
1,307,1,0,1,1,1,1,1
1,308,2,0,2,2,2,2,2
1,309,1,0,1,1,1,1,1
1,310,0,0,0,0,0,0,0
1,311,1,0,1,1,1,1,1
1,312,0,0,0,0,0,0,1
1,313,1,0,2,2,2,2,1
1,314,0,0,0,0,0,0,0
1,315,0,0,0,0,0,0,0
1,316,2,0,2,2,2,2,2
1,317,0,0,0,0,0,0,0
1,318,0,0,0,0,0,0,0
1,319,1,0,1,1,1,1,1
1,320,0,0,2,0,2,0,0
1,321,0,0,0,0,0,0,0
1,322,2,0,2,2,2,2,2
1,323,2,0,2,2,2,2,2
1,324,1,0,0,0,0,0,2
1,325,1,0,1,1,1,1,1
1,326,0,0,0,0,0,0,0
1,327,0,0,0,0,0,0,0
1,328,2,0,2,2,2,2,2
1,329,1,0,1,1,1,1,1
1,330,1,0,1,1,1,1,1
1,331,0,0,0,0,0,0,0
1,332,0,0,0,0,0,0,0
1,333,0,0,0,0,0,0,0
1,334,1,0,1,1,1,1,1
1,335,0,0,0,0,0,0,0
1,336,1,0,1,1,1,1,1
1,337,0,0,2,0,2,0,1
1,338,0,0,0,0,0,0,0
1,339,1,0,1,1,1,1,2
1,340,2,0,2,2,2,2,2
1,341,1,0,1,1,1,1,1
1,342,2,0,2,2,2,2,2
1,343,2,0,2,2,2,2,2
1,344,2,0,2,2,2,2,2
1,345,2,0,2,2,2,2,2
1,346,2,0,2,2,2,2,2
1,347,2,0,2,2,2,2,2
1,348,2,0,2,2,2,2,2
1,349,2,0,2,2,2,2,2
1,350,1,0,1,1,1,1,1
1,351,1,0,1,1,1,1,1
1,352,1,0,1,1,1,1,1
1,353,2,0,2,2,2,2,2
1,354,2,0,2,2,2,2,2
1,355,2,0,2,2,2,2,2
1,356,0,0,0,0,0,0,0
1,357,1,0,1,1,1,1,1
1,358,0,0,0,0,0,0,0
1,359,0,0,0,0,0,0,0
1,360,0,0,0,0,0,1,0
1,361,1,0,1,1,1,1,1
1,362,1,0,1,1,1,1,1
1,363,0,0,0,0,0,0,0
1,364,1,0,1,1,1,1,1
1,365,0,0,0,0,0,0,0
1,366,0,0,0,1,0,2,2
1,367,0,0,0,0,0,0,0
1,368,0,0,0,0,0,0,0
1,369,0,0,0,0,0,0,0
1,370,0,0,0,0,0,0,0
1,371,2,0,2,2,2,2,2
1,372,2,0,0,0,0,0,2
1,373,1,0,1,1,1,1,1
1,374,2,0,2,2,2,2,2
1,375,2,0,2,2,2,2,2
1,376,1,0,1,1,1,1,1
1,377,0,0,0,0,0,0,0
1,378,2,0,2,2,2,2,2
1,379,1,0,2,2,2,2,2
1,380,1,0,1,1,1,1,1
1,381,0,0,0,0,0,0,0
1,382,2,0,2,2,2,2,2
1,383,1,0,1,1,1,1,1
1,384,0,0,2,1,2,2,2
1,385,2,0,2,2,2,2,2
1,386,1,0,1,1,1,1,1
1,387,1,0,1,1,1,1,1
1,388,2,0,2,2,2,2,2
1,389,0,0,0,0,0,0,0
1,390,1,0,1,1,1,1,1
1,391,2,0,2,2,2,2,2
1,392,1,0,1,1,1,1,1
1,393,2,0,2,2,2,2,2
1,394,2,0,2,2,2,2,2
1,395,0,0,0,0,0,0,0
1,396,2,0,2,2,2,2,2
1,397,0,0,0,0,0,0,0
1,398,2,0,2,2,2,2,2
1,399,2,0,2,2,2,2,2
1,400,2,0,2,2,2,2,2
1,401,2,0,2,2,2,2,2
1,402,0,0,0,0,0,0,0
1,403,2,0,2,2,2,2,2
1,404,1,0,0,2,0,0,0
1,405,0,0,2,2,2,0,2
1,406,2,0,2,2,2,2,2
1,407,0,0,0,0,0,0,0
1,408,0,0,0,0,0,0,2
1,409,1,0,1,1,1,1,1
1,410,1,0,1,1,1,1,1
1,411,2,0,0,0,0,0,2
1,412,1,0,1,1,1,1,1
1,413,1,0,1,1,1,1,1
1,414,1,0,1,1,1,1,1
1,415,2,0,2,2,2,2,2
1,416,2,0,2,2,2,2,2
1,417,2,0,2,2,2,2,2
1,418,0,0,0,0,0,0,0
1,419,0,0,0,0,0,0,0
1,420,2,0,0,0,0,0,1
1,421,0,0,0,0,0,0,0
1,422,1,0,1,1,1,1,2
1,423,2,0,2,2,2,2,2
1,424,1,0,1,1,1,1,1
1,425,0,0,0,0,0,0,0
1,426,2,0,2,2,2,2,2
1,427,1,0,1,1,1,1,1
1,428,0,0,0,0,0,0,0
1,429,2,0,2,2,2,2,2
1,430,2,0,2,2,2,0,2
1,431,1,0,1,1,1,1,1
1,432,0,0,0,0,0,0,0
1,433,0,0,0,0,0,0,0
1,434,0,0,0,0,0,0,0
1,435,1,0,1,1,1,1,1
1,436,0,0,0,0,0,0,0
1,437,1,0,1,1,0,0,1
1,438,1,0,0,2,0,1,2
1,439,0,0,0,0,0,0,0
1,440,0,0,0,0,0,0,0
1,441,1,0,0,0,0,0,2
1,442,0,0,0,0,0,0,0
1,443,2,0,2,2,2,2,2
1,444,1,0,1,1,1,1,1
1,445,2,0,2,2,2,2,2
1,446,2,0,2,2,2,2,2
1,447,2,0,2,2,2,2,2
1,448,2,0,2,2,2,2,2
1,449,0,0,0,0,0,0,1
1,450,2,0,2,2,2,2,2
1,451,0,0,0,0,0,0,0
1,452,1,0,2,0,2,2,2
1,453,2,0,2,2,2,2,2
1,454,0,0,0,1,1,0,2
1,455,0,0,2,1,2,2,2
1,456,0,0,0,0,0,0,0
1,457,1,0,2,2,0,0,2
1,458,1,0,1,1,1,1,1
1,459,1,0,1,0,0,1,2
1,460,2,0,2,2,2,2,2
1,461,2,0,2,2,2,2,2
1,462,1,0,1,1,1,1,1
1,463,1,0,1,1,1,1,1
1,464,2,0,2,2,2,2,2
1,465,0,0,0,0,0,0,0
1,466,2,0,2,2,2,2,2
1,467,2,0,2,2,2,2,2
1,468,2,0,1,0,1,1,1
1,469,2,0,2,2,2,2,2
1,470,2,0,2,2,2,2,2
1,471,1,0,1,1,1,1,1
1,472,0,0,0,0,0,0,0
1,473,0,0,0,0,0,0,0
1,474,1,0,1,0,0,1,2
1,475,0,0,0,1,0,0,2
1,476,1,0,2,2,2,2,2
1,477,2,0,2,2,2,2,2
1,478,1,0,1,1,1,1,1
1,479,0,0,0,0,0,0,0
1,480,2,0,2,2,2,2,2
1,481,1,0,2,2,2,2,2
1,482,1,0,2,0,2,0,2
1,483,2,0,2,2,2,2,2
1,484,2,0,2,2,2,2,2
1,485,2,0,2,2,2,2,2
1,486,0,0,0,0,0,0,0
1,487,0,0,0,1,0,0,2
1,488,1,0,1,1,1,1,2
1,489,1,0,1,1,1,1,1
1,490,2,0,2,2,2,2,2
1,491,2,0,2,2,2,2,2
1,492,1,0,1,1,1,1,1
1,493,1,0,2,2,2,2,2
1,494,0,0,2,2,2,2,2
1,495,1,0,1,1,1,1,1
1,496,0,0,2,2,2,2,2
1,497,0,0,0,0,0,0,0
1,498,1,0,1,1,1,1,1
1,499,2,0,2,2,2,2,2
1,500,0,0,0,0,0,0,0
1,501,2,0,2,2,2,2,2
1,502,0,0,0,0,0,0,0
1,503,1,0,2,2,2,2,1
1,504,2,0,2,2,2,2,2
1,505,0,0,0,0,0,0,0
1,506,1,0,1,1,1,1,1
1,507,1,0,1,1,1,1,1
1,508,2,0,2,2,2,2,2
1,509,2,0,1,2,1,1,0
1,510,0,0,0,0,0,0,0
1,511,2,0,0,0,0,0,0
1,512,0,0,0,0,0,0,0
1,513,2,0,2,2,2,2,2
1,514,1,0,1,1,1,1,1
1,515,1,0,1,1,1,1,1
1,516,0,0,1,0,1,1,2
1,517,0,0,0,0,0,0,0
1,518,2,0,2,2,2,2,2
1,519,1,0,1,1,1,1,1
1,520,1,0,1,0,1,1,0
1,521,0,0,1,0,1,1,1
1,522,1,0,1,1,1,1,1
1,523,2,0,2,2,2,2,2
1,524,1,0,1,1,1,1,1
1,525,1,0,1,1,1,1,1
1,526,0,0,0,0,0,0,0
1,527,2,0,2,2,2,2,2
1,528,1,0,1,1,1,1,1
1,529,0,0,0,0,0,0,0
1,530,0,0,0,0,0,0,0
1,531,1,0,1,1,1,1,1
1,532,1,0,1,1,1,1,1
1,533,0,0,0,0,0,0,0
1,534,0,0,1,2,2,1,2
1,535,2,0,2,2,2,2,2
1,536,1,0,1,1,1,1,1
1,537,2,0,2,2,2,2,2
1,538,2,0,2,2,2,2,2
1,539,2,0,2,2,2,2,2
1,540,2,0,2,2,2,2,2
1,541,0,0,0,0,0,0,0
1,542,2,0,2,2,2,2,2
1,543,0,0,0,0,0,0,0
1,544,0,0,0,0,0,0,0
1,545,2,0,1,2,1,1,2
1,546,1,0,1,1,1,1,1
1,547,0,0,0,0,0,0,0
1,548,1,0,1,1,1,1,1
1,549,1,0,1,1,1,1,0
1,550,0,0,0,0,0,0,0
1,551,1,0,1,1,1,1,1
1,552,0,0,0,0,0,0,0
1,553,1,0,1,1,1,1,1
1,554,0,0,0,0,0,0,0
1,555,0,0,0,0,0,0,0
1,556,0,0,0,0,0,0,0
1,557,2,0,2,2,2,2,2
1,558,0,0,0,0,0,0,2
1,559,0,0,0,0,0,0,0
1,560,1,0,1,1,1,1,1
1,561,1,0,1,1,1,1,1
1,562,2,0,2,2,2,2,2
1,563,2,0,2,2,2,2,2
1,564,1,0,1,1,1,1,1
1,565,1,0,1,1,1,1,1
1,566,0,0,0,0,0,0,0
1,567,2,0,2,2,2,2,2
1,568,0,0,0,0,0,0,0
1,569,1,0,1,1,1,1,1
1,570,1,0,1,1,1,1,1
1,571,2,0,0,2,0,0,2
1,572,2,0,2,2,2,2,2
1,573,0,0,0,0,0,0,0
1,574,0,0,0,0,0,0,2
1,575,1,0,1,1,1,1,1
1,576,0,0,0,0,0,0,0
1,577,0,0,2,2,2,2,2
1,578,1,0,1,1,1,1,1
1,579,0,0,0,0,0,0,0
1,580,2,0,2,2,2,2,2
1,581,0,0,0,0,0,0,0
1,582,0,0,0,0,0,0,0
1,583,0,0,0,0,0,0,1
1,584,0,0,0,0,0,0,0
1,585,1,0,1,1,1,1,1
1,586,0,0,0,0,0,0,0
1,587,2,0,2,2,2,2,2
1,588,0,0,0,0,0,0,0
1,589,2,0,2,0,0,0,1
1,590,1,0,1,1,1,1,1
1,591,2,0,2,2,2,2,2
1,592,2,0,2,2,0,2,2
1,593,2,0,2,2,2,2,2
1,594,1,0,1,1,1,1,1
1,595,1,0,1,1,1,1,1
1,596,2,0,2,2,2,2,2
1,597,1,0,2,0,2,2,2
1,598,1,0,1,1,1,1,1
1,599,0,0,0,0,0,0,0
1,600,0,0,0,0,0,0,0
1,601,2,0,2,2,2,2,2
1,602,2,0,2,2,2,2,2
1,603,1,0,1,1,1,1,1
1,604,0,0,0,0,0,0,0
1,605,0,0,0,0,0,0,0
1,606,2,0,0,0,1,0,2
1,607,0,0,0,0,0,0,2
1,608,1,0,1,1,1,1,1
1,609,0,0,0,0,0,0,0
1,610,1,0,1,1,1,1,1
1,611,1,0,1,1,1,1,1
1,612,1,0,1,1,1,1,1
1,613,0,0,0,0,0,0,0
1,614,0,0,0,0,0,0,0
1,615,1,0,1,1,1,1,1
1,616,2,0,2,2,2,2,2
1,617,1,0,1,1,1,1,1
1,618,1,0,1,1,1,1,1
1,619,1,0,1,1,1,1,1
1,620,1,0,1,1,1,1,1
1,621,0,0,0,0,0,0,0
1,622,1,0,1,1,1,1,1
1,623,1,0,1,1,1,1,1
1,624,0,0,0,0,0,0,0
1,625,1,0,1,1,1,1,1
1,626,1,0,1,1,1,1,1
1,627,1,0,1,1,1,1,1
1,628,0,0,0,0,0,0,0
1,629,1,0,1,1,1,1,1
1,630,0,0,0,0,0,0,0
1,631,2,0,2,2,2,2,2
1,632,0,0,1,1,1,1,0
1,633,2,0,2,2,2,2,2
1,634,1,0,2,0,0,0,0
1,635,2,0,2,2,2,2,2
1,636,1,0,1,1,1,1,1
1,637,1,0,0,0,0,0,2
1,638,0,0,0,0,0,0,0
1,639,1,0,1,1,1,1,1
1,640,0,0,0,0,0,0,0
1,641,2,0,2,2,2,2,2
1,642,2,0,2,2,2,2,2
1,643,0,0,0,0,0,0,0
1,644,2,0,2,2,2,2,2
1,645,1,0,1,1,1,1,1
1,646,0,0,0,0,0,0,0
1,647,0,0,0,0,0,0,0
1,648,0,0,0,0,0,0,1
1,649,1,0,2,2,2,2,2
1,650,0,0,0,0,0,0,0
1,651,0,0,0,0,0,0,0
1,652,0,0,0,0,0,0,0
1,653,0,0,0,0,0,0,0
1,654,0,0,0,0,0,0,0
1,655,1,0,1,1,1,1,1
1,656,2,0,2,2,2,2,2
1,657,0,0,0,0,0,0,0
1,658,1,0,1,1,1,1,1
1,659,1,0,1,1,1,1,1
1,660,1,0,1,1,1,1,1
1,661,2,0,2,2,2,2,2
1,662,2,0,2,2,2,2,2
1,663,0,0,0,0,0,0,0
1,664,0,0,0,0,0,0,0
1,665,1,0,1,1,1,1,1
1,666,1,0,1,1,1,1,1
1,667,0,0,0,0,0,0,0
1,668,0,0,2,1,2,2,2
1,669,0,0,0,0,0,0,2
1,670,1,0,1,1,1,1,1
1,671,0,0,0,0,0,0,0
1,672,0,0,0,0,0,0,0
1,673,1,0,1,1,1,1,1
1,674,1,0,1,1,1,1,1
1,675,2,0,2,2,2,2,2
1,676,1,0,1,1,1,1,1
1,677,2,0,2,2,2,2,2
1,678,0,0,2,0,2,2,0
1,679,1,0,1,1,1,1,1
1,680,2,0,2,2,2,2,2
1,681,0,0,0,0,0,0,0
1,682,1,0,1,1,1,1,1
1,683,0,0,0,0,0,0,0
1,684,1,0,1,1,1,1,1
1,685,0,0,0,0,0,0,0
1,686,2,0,2,2,2,2,2
1,687,2,0,2,2,2,2,2
1,688,0,0,0,0,0,0,0
1,689,2,0,2,2,2,2,2
1,690,2,0,1,2,2,2,2
1,691,2,0,1,2,1,1,2
1,692,1,0,0,0,1,2,2
1,693,0,0,0,0,0,0,0
1,694,0,0,0,0,0,0,0
1,695,0,0,0,0,0,0,0
1,696,1,0,1,1,1,1,1
1,697,0,0,0,0,0,0,0
1,698,2,0,2,2,2,2,2
1,699,2,0,2,2,2,2,2
1,700,2,0,2,2,2,2,2
1,701,0,0,0,0,0,0,0
1,702,0,0,0,0,0,0,0
1,703,1,0,1,1,1,1,1
1,704,0,0,0,0,0,0,0
1,705,0,0,0,0,0,0,0
1,706,2,0,2,2,2,2,2
1,707,0,0,0,0,0,0,0
1,708,2,0,2,2,2,2,2
1,709,2,0,2,2,2,2,2
1,710,2,0,2,2,2,0,0
1,711,2,0,2,2,2,2,2
1,712,1,0,1,1,1,1,1
1,713,2,0,2,2,2,2,2
1,714,2,0,2,2,2,2,2
1,715,2,0,0,0,0,0,2
1,716,2,0,2,2,2,2,2
1,717,2,0,2,2,2,2,2
1,718,1,0,1,1,1,1,1
1,719,1,0,1,1,1,1,1
1,720,2,0,2,2,2,2,2
1,721,2,0,2,2,2,2,2
1,722,2,0,2,2,2,2,2
1,723,0,0,0,0,0,0,0
1,724,1,0,1,1,1,1,1
1,725,1,0,1,1,1,1,1
1,726,2,0,2,2,2,2,2
1,727,2,0,2,2,2,2,2
1,728,2,0,2,2,2,2,2
1,729,0,0,0,0,0,0,0
1,730,0,0,0,0,0,0,0
1,731,0,0,0,0,0,0,0
1,732,2,0,2,2,2,2,2
1,733,1,0,1,1,1,1,1
1,734,1,0,1,1,1,1,1
1,735,0,0,0,0,0,0,0
1,736,2,0,2,2,2,2,2
1,737,2,0,2,2,2,2,2
1,738,2,0,2,2,2,2,2
1,739,1,0,1,1,1,1,1
1,740,1,0,1,1,1,1,1
1,741,0,0,0,0,0,0,0
1,742,1,0,0,0,0,0,2
1,743,2,0,0,0,0,0,0
1,744,0,0,0,0,0,0,0
1,745,0,0,0,2,2,2,2
1,746,1,0,1,1,1,1,1
1,747,2,0,2,2,2,2,2
1,748,1,0,1,1,1,1,1
1,749,0,0,0,0,0,0,0
1,750,2,0,0,0,0,0,2
1,751,0,0,2,0,2,2,2
1,752,1,0,0,2,1,0,2
1,753,0,0,0,0,0,0,0
1,754,2,0,2,2,2,2,2
1,755,2,0,2,2,2,2,2
1,756,1,0,1,1,1,1,1
1,757,2,0,2,2,2,2,2
1,758,0,0,0,0,0,0,0
1,759,1,0,1,1,1,1,1
1,760,0,0,0,0,0,0,0
1,761,1,0,1,1,1,1,1
1,762,2,0,2,2,2,2,2
1,763,1,0,1,1,1,1,1
1,764,1,0,1,1,1,1,1
1,765,1,0,1,1,1,1,1
1,766,0,0,0,0,0,0,0
1,767,2,0,2,2,2,2,2
1,768,2,0,0,2,0,0,1
1,769,2,0,2,2,2,2,2
1,770,0,0,0,0,0,0,0
1,771,1,0,1,1,1,1,1
1,772,0,0,0,0,0,0,0
1,773,2,0,2,2,2,2,2
1,774,0,0,0,0,0,0,0
1,775,2,0,0,0,0,0,0
1,776,0,0,0,0,0,0,0
1,777,2,0,2,2,2,2,2
1,778,2,0,2,2,2,2,2
1,779,0,0,1,0,2,2,1
1,780,2,0,2,2,2,2,2
1,781,0,0,0,0,0,0,0
1,782,1,0,1,1,1,1,1
1,783,0,0,0,0,0,0,0
1,784,0,0,2,2,2,2,1
1,785,2,0,2,2,2,2,2
1,786,1,0,1,1,1,1,1
1,787,0,0,0,0,0,0,2
1,788,1,0,1,1,1,1,1
1,789,2,0,2,2,2,2,2
1,790,2,0,2,2,2,2,2
1,791,2,0,2,1,2,2,0
1,792,2,0,2,2,2,2,2
1,793,1,0,1,1,1,1,1
1,794,0,0,2,2,2,2,0
1,795,1,0,1,1,1,1,1
1,796,0,0,0,0,0,0,0
1,797,2,0,2,2,2,2,2
1,798,1,0,1,1,1,1,1
1,799,2,0,2,2,2,2,2
1,800,0,0,0,0,0,0,2
1,801,0,0,2,0,2,2,0
1,802,0,0,0,0,0,0,0
1,803,1,0,1,1,1,1,1
1,804,2,0,2,2,2,2,2
1,806,2,0,2,2,2,2,2
1,807,0,0,0,0,0,0,0
1,808,2,0,2,2,2,2,2
1,809,2,0,1,1,1,1,0
1,810,1,0,1,1,1,1,1
1,811,2,0,0,0,0,0,2
1,812,1,0,1,1,1,1,1
1,813,0,0,0,0,0,0,0
1,814,1,0,1,1,1,1,1
1,815,0,0,2,1,2,2,1
1,816,1,0,1,0,1,1,0
1,817,0,0,0,0,0,0,0
1,818,1,0,1,1,1,1,1
1,819,2,0,2,2,2,2,2
1,820,1,0,1,1,1,1,1
1,821,1,0,0,0,0,0,2
1,822,1,0,1,1,1,1,1
1,823,1,0,1,1,1,1,1
1,824,1,0,1,1,1,1,1
1,825,2,0,2,1,2,2,2
1,826,2,0,2,0,2,0,2
1,827,1,0,1,1,1,1,1
1,828,2,0,0,0,0,0,0
1,829,0,0,0,0,0,0,0
1,830,0,0,0,0,0,0,0
1,831,1,0,1,1,1,1,1
1,832,2,0,0,0,0,0,2
1,833,0,0,0,0,0,0,0
1,834,2,0,2,2,2,2,2
1,835,1,0,1,1,1,1,1
1,836,2,0,2,2,2,2,2
1,837,1,0,1,1,1,1,1
1,838,0,0,0,0,0,0,0
1,839,1,0,1,1,1,1,1
1,840,1,0,1,1,1,1,1
1,841,2,0,2,2,2,2,2
1,842,1,0,0,1,2,0,2
1,843,0,0,0,0,0,0,0
1,844,2,0,2,2,2,2,2
1,845,2,0,2,2,2,2,2
1,846,0,0,0,0,0,0,0
1,847,2,0,2,2,2,2,2
1,848,0,0,1,1,0,1,0
1,849,0,0,0,0,0,0,2
1,850,1,0,1,1,1,1,1
1,851,1,0,1,1,1,1,1
1,852,2,0,2,2,2,2,2
1,853,1,0,2,2,2,1,2
1,854,0,0,0,0,0,0,0
1,855,2,0,2,1,2,2,2
1,856,1,0,1,1,1,1,1
1,857,2,0,2,1,2,2,1
1,858,0,0,1,1,1,1,2
1,859,2,0,0,0,1,1,2
1,860,1,0,1,1,1,1,1
1,861,2,0,1,1,0,1,0
1,862,2,0,2,2,2,2,2
1,863,0,0,0,0,0,0,0
1,864,1,0,1,1,1,1,1
1,865,0,0,0,0,2,2,2
1,866,2,0,2,0,2,2,2
1,867,1,0,1,1,1,1,1
1,868,0,0,0,0,0,0,0
1,869,1,0,1,1,1,1,1
1,870,1,0,1,1,1,1,1
1,871,1,0,1,1,1,1,1
1,872,1,0,1,1,1,1,1
1,873,0,0,0,0,0,0,0
1,874,0,0,0,0,0,0,0
1,875,1,0,1,1,1,1,1
1,876,1,0,1,1,1,1,1
1,877,0,0,0,0,0,0,0
1,878,1,0,1,1,1,1,1
1,879,0,0,0,0,0,0,0
1,880,1,0,1,1,1,1,1
1,881,1,0,1,1,1,1,1
1,882,0,0,0,0,0,0,0
1,883,0,0,0,0,0,0,0
1,884,1,0,0,0,0,1,2
1,885,2,0,2,2,2,2,2
1,886,0,0,0,0,0,0,0
1,887,2,0,0,2,0,0,0
1,888,1,0,1,1,1,1,1
1,890,2,0,2,2,2,2,2
1,891,2,0,2,2,2,2,2
1,892,2,0,2,2,2,2,2
1,893,1,0,1,1,1,1,1
1,894,2,0,2,2,2,2,2
1,895,2,0,2,2,2,2,2
1,896,1,0,1,1,1,1,1
1,897,0,0,1,1,1,1,2
1,898,0,0,2,2,2,2,2
1,899,0,0,0,0,0,0,0
1,900,0,0,0,0,0,0,0
1,901,0,0,0,0,0,0,0
1,902,1,0,1,1,1,1,2
1,903,0,0,0,0,0,0,0
1,904,2,0,2,2,2,2,2
1,905,0,0,0,0,0,0,0
1,906,1,0,1,1,1,1,1
1,907,0,0,0,0,0,0,0
1,908,2,0,2,2,2,2,2
1,909,2,0,2,2,2,2,2
1,910,0,0,0,0,0,0,0
1,911,0,0,0,0,0,0,0
1,912,0,0,0,0,0,0,0
1,913,1,0,1,1,1,1,1
1,914,1,0,1,1,1,1,1
1,915,2,0,2,2,2,2,2
1,916,0,0,0,0,0,0,0
1,917,1,0,0,0,0,0,2
1,918,1,0,1,1,1,1,1
1,919,2,0,1,1,1,2,2
1,920,1,0,1,1,1,1,1
1,921,1,0,1,1,1,1,1
1,922,2,0,2,2,2,2,2
1,923,0,0,0,0,0,0,0
1,924,2,0,2,2,2,2,2
1,925,1,0,1,1,1,1,1
1,926,1,0,1,1,1,1,1
1,927,1,0,1,1,1,1,1
1,928,2,0,2,2,2,2,2
1,929,1,0,1,1,1,1,1
1,930,0,0,0,0,0,0,0
1,931,2,0,2,2,2,2,2
1,932,2,0,2,2,2,2,2
1,933,2,0,2,2,2,2,2
1,934,1,0,1,1,1,1,1
1,935,0,0,0,0,0,0,0
1,936,0,0,0,0,0,0,0
1,937,2,0,2,2,2,2,2
1,938,1,0,1,1,1,1,1
1,939,2,0,2,2,2,2,2
1,940,1,0,1,1,1,1,1
1,941,0,0,0,0,0,0,0
1,942,1,0,1,1,1,1,1
1,943,2,0,2,2,2,2,2
1,944,2,0,2,2,2,2,2
1,945,2,0,2,2,2,2,2
1,946,2,0,2,2,2,0,1
1,947,2,0,2,2,2,2,2
1,948,2,0,2,2,2,2,2
1,949,2,0,2,2,2,2,2
1,950,1,0,1,1,1,1,1
1,951,2,0,2,2,2,2,2
1,952,2,0,2,2,2,2,2
1,953,2,0,2,2,2,2,2
1,954,0,0,0,0,0,0,0
1,955,1,0,1,1,1,1,1
1,956,2,0,2,2,2,2,2
1,957,2,0,2,2,2,2,2
1,958,0,0,0,0,0,0,0
1,959,0,0,0,0,0,0,0
1,960,2,0,2,2,2,2,2
1,961,2,0,2,2,2,2,2
1,962,0,0,0,0,0,0,0
1,963,2,0,2,2,2,2,2
1,964,0,0,0,0,0,0,0
1,965,1,0,1,1,1,1,1
1,966,2,0,2,2,2,2,2
1,967,1,0,1,1,1,1,1
1,968,0,0,0,0,0,0,0
1,969,1,0,1,1,1,1,1
1,970,1,0,1,1,1,1,1
1,971,2,0,2,2,2,2,2
1,972,0,0,0,0,0,0,0
1,973,2,0,2,2,2,2,2
1,974,0,0,0,0,0,0,0
1,975,2,0,2,2,2,2,2
1,976,0,0,0,0,0,0,0
1,977,1,0,1,1,1,1,1
1,978,2,0,0,2,0,1,1
1,979,2,0,2,2,2,2,2
1,980,0,0,0,0,0,0,0
1,981,1,0,1,1,1,1,1
1,982,2,0,2,2,2,2,2
1,983,2,0,2,2,2,2,2
1,984,0,0,0,0,1,2,2
1,985,2,0,2,2,2,2,2
1,986,2,0,2,2,2,2,2
1,987,0,0,0,0,0,0,0
1,988,2,0,2,2,2,2,2
1,989,0,0,0,0,0,0,1
1,990,1,0,1,1,1,1,1
1,991,1,0,1,1,1,1,1
1,992,2,0,2,2,2,2,2
1,993,2,0,2,2,2,2,2
1,994,0,0,0,0,0,0,0
1,995,1,0,1,1,1,1,1
1,996,2,0,2,2,2,2,2
1,997,0,0,0,0,0,0,0
1,998,0,0,0,0,0,0,0
1,999,0,0,0,0,0,0,0
1,1000,1,0,1,1,1,1,1
1,1001,1,0,1,1,1,1,1
1,1002,1,0,2,2,2,2,2
1,1003,1,0,2,2,1,2,2
1,1004,0,0,0,0,0,0,0
1,1005,1,0,2,0,2,2,2
1,1006,1,0,1,1,1,1,1
1,1007,0,0,0,0,0,0,0
1,1008,1,0,1,1,1,1,1
1,1009,2,0,2,2,2,2,2
1,1010,1,0,1,1,1,1,1
1,1011,2,0,2,0,2,2,2
1,1012,0,0,0,0,0,0,0
1,1013,0,0,2,2,2,2,2
1,1014,0,0,0,0,0,2,2
1,1015,1,0,1,1,1,1,1
1,1016,0,0,0,0,0,0,0
1,1017,0,0,0,0,0,0,0
1,1018,0,0,0,0,0,0,0
1,1019,2,0,2,2,2,2,2
1,1020,0,0,0,0,0,0,0
1,1021,2,0,2,2,2,2,0
1,1022,2,0,2,2,2,2,2
1,1023,0,0,0,0,2,2,2
1,1024,0,0,0,0,0,0,0
1,1025,2,0,2,2,2,2,2
1,1026,1,0,2,2,2,2,2
1,1027,1,0,1,1,1,1,1
1,1028,2,0,2,2,2,2,2
1,1029,2,0,2,2,2,2,2
1,1030,0,0,0,0,0,0,0
1,1031,1,0,1,1,1,1,1
1,1032,2,0,2,2,2,2,2
1,1033,0,0,0,0,0,0,0
1,1034,2,0,2,2,2,2,2
1,1035,0,0,0,2,2,0,2
1,1036,0,0,0,0,0,0,0
1,1037,1,0,2,2,2,2,2
1,1038,1,0,1,1,1,1,1
1,1039,2,0,2,2,2,2,2
1,1040,2,0,0,0,1,2,2
1,1041,2,0,2,2,2,2,2
1,1042,0,0,0,0,1,0,2
1,1043,1,0,1,1,1,1,1
1,1044,2,0,2,2,2,2,2
1,1045,1,0,1,1,1,1,1
1,1046,1,0,1,1,1,1,1
1,1047,2,0,1,1,1,1,1
1,1048,0,0,2,2,0,2,2
1,1049,0,0,0,0,0,0,0
1,1050,0,0,0,0,0,0,0
1,1051,0,0,0,0,0,0,0
1,1052,2,0,2,2,0,0,2
1,1053,1,0,1,1,1,1,2
1,1054,2,0,2,2,2,2,2
1,1055,0,0,2,2,2,1,2
1,1056,0,0,0,0,0,0,0
1,1057,1,0,1,1,1,1,1
1,1058,1,0,1,1,1,1,1
1,1059,2,0,2,2,2,2,2
1,1060,2,0,2,2,2,2,2
1,1061,0,0,0,0,0,0,0
1,1062,0,0,0,0,0,0,0
1,1063,0,0,0,0,0,0,0
1,1064,2,0,2,2,2,2,2
1,1065,2,0,1,0,1,1,2
1,1066,2,0,2,2,2,2,2
1,1067,1,0,1,1,1,1,1
1,1068,0,0,0,0,0,0,0
1,1069,1,0,1,1,1,1,1
1,1070,2,0,2,2,2,2,2
1,1071,2,0,2,2,2,2,2
1,1072,2,0,2,2,2,2,2
1,1073,0,0,1,1,1,1,2
1,1074,1,0,1,1,1,1,1
1,1075,1,0,1,1,1,1,1
1,1076,2,0,2,2,2,2,2
1,1077,0,0,0,0,0,0,0
1,1078,0,0,0,0,0,0,0
1,1079,2,0,2,0,2,2,2
1,1080,2,0,0,0,2,0,2
1,1081,2,0,2,2,2,2,2
1,1082,1,0,1,1,1,1,1
1,1083,2,0,2,2,2,2,2
1,1084,2,0,2,2,2,2,2
1,1085,2,0,2,2,2,2,2
1,1086,0,0,2,2,2,2,2
1,1087,0,0,0,0,0,0,0
1,1088,2,0,2,2,2,2,2
1,1089,0,0,2,0,0,2,1
1,1090,0,0,2,2,2,0,0
1,1091,2,0,2,2,2,2,2
1,1092,1,0,1,1,1,1,1
1,1093,0,0,0,0,0,0,0
1,1094,2,0,1,1,1,1,0
1,1095,1,0,1,1,1,1,1
1,1096,2,0,0,0,0,0,2
1,1097,0,0,0,0,0,0,0
1,1098,2,0,2,2,2,2,2
1,1099,2,0,2,2,2,2,2
2,0,1,0,1,1,1,1,1
2,1,2,0,2,2,2,2,2
2,2,1,0,1,1,1,1,1
2,3,2,0,2,2,2,2,2
2,4,1,0,0,0,1,0,2
2,5,2,0,2,2,2,2,2
2,6,0,0,0,0,0,0,0
2,7,2,0,2,2,2,2,2
2,8,1,0,1,1,1,1,1
2,9,1,0,2,2,2,2,2
2,10,2,0,2,2,2,2,2
2,11,2,0,2,2,2,2,2
2,12,0,0,0,0,0,0,0
2,13,2,0,0,0,0,0,1
2,14,0,0,0,0,0,0,0
2,15,1,0,1,1,1,1,1
2,16,0,0,0,0,0,0,0
2,17,0,0,0,0,0,0,0
2,18,1,0,1,1,1,1,1
2,19,2,0,2,2,2,2,2
2,20,0,0,0,0,0,0,0
2,21,2,0,2,2,2,2,2
2,22,0,0,0,0,0,0,0
2,23,2,0,2,2,2,2,2
2,24,1,0,1,1,1,1,1
2,25,0,0,0,0,0,0,0
2,26,2,0,2,2,2,2,2
2,27,0,0,0,0,0,0,2
2,28,1,0,1,1,1,1,1
2,29,2,0,2,2,2,2,2
2,30,0,0,0,0,0,0,0
2,31,1,0,2,0,0,0,2
2,32,2,0,2,2,2,2,2
2,33,1,0,1,1,1,1,1
2,34,0,0,0,0,0,0,0
2,35,1,0,1,1,1,1,1
2,36,1,0,1,1,1,1,1
2,37,0,0,0,0,0,0,0
2,38,2,0,2,2,2,2,2
2,39,0,0,0,0,0,0,0
2,40,0,0,0,0,0,0,0
2,41,0,0,0,0,0,0,0
2,42,0,0,0,0,0,0,0
2,43,2,0,2,2,2,2,2
2,44,2,0,2,2,2,2,2
2,45,0,0,0,0,0,0,0
2,46,2,0,2,2,2,2,2
2,47,0,0,0,0,0,0,0
2,48,1,0,1,1,1,1,1
2,49,0,0,0,0,0,0,0
2,50,0,0,0,0,0,0,0
2,51,1,0,1,1,1,1,1
2,52,0,0,0,0,0,0,0
2,53,2,0,2,2,2,2,2
2,54,1,0,1,1,1,1,1
2,55,1,0,1,1,1,1,1
2,56,1,0,1,1,1,1,1
2,57,0,0,0,0,0,0,0
2,58,0,0,0,0,0,0,0
2,59,0,0,0,0,0,0,0
2,60,0,0,0,0,0,0,0
2,61,1,0,0,0,0,0,0
2,62,0,0,0,0,0,0,0
2,63,1,0,1,1,1,1,1
2,64,0,0,1,0,0,1,2
2,65,0,0,0,0,0,0,0
2,66,2,0,2,2,2,2,2
2,67,1,0,1,1,1,1,1
2,68,1,0,1,1,1,1,1
2,69,1,0,0,0,0,0,2
2,70,0,0,0,0,0,0,0
2,71,2,0,2,2,2,2,2
2,72,0,0,0,0,0,0,0
2,73,0,0,0,0,0,0,0
2,74,2,0,2,2,2,2,2
2,75,2,0,2,2,2,2,2
2,76,2,0,2,2,2,2,2
2,77,0,0,0,0,0,0,0
2,78,1,0,1,1,1,1,1
2,79,2,0,2,2,2,2,2
2,80,0,0,0,0,0,0,0
2,81,1,0,1,1,1,1,1
2,82,2,0,2,2,2,2,2
2,83,0,0,0,0,0,0,0
2,84,1,0,1,1,1,1,1
2,85,1,0,1,1,1,1,1
2,86,1,0,1,1,1,1,1
2,87,2,0,2,2,2,2,2
2,88,1,0,1,1,1,1,1
2,89,2,0,2,2,2,2,2
2,90,1,0,1,1,1,1,1
2,91,2,0,2,2,2,2,2
2,92,2,0,2,2,2,2,2
2,93,2,0,0,0,0,0,2
2,94,0,0,2,2,2,2,1
2,95,1,0,1,1,1,1,2
2,96,2,0,2,2,2,2,2
2,97,2,0,2,2,2,2,2
2,98,0,0,0,0,0,0,0
2,99,1,0,1,1,1,1,1
2,100,1,0,1,0,1,1,1
2,101,1,0,0,0,0,0,2
2,102,1,0,1,1,1,1,1
2,103,1,0,1,1,1,1,1
2,104,0,0,0,0,0,0,0
2,105,0,0,0,0,0,0,0
2,106,2,0,2,2,2,2,2
2,107,0,0,0,0,0,0,0
2,108,2,0,2,2,2,2,2
2,109,2,0,2,2,2,2,2
2,110,0,0,0,0,0,0,0
2,111,2,0,2,2,2,2,2
2,112,0,0,0,0,0,0,0
2,113,1,0,1,1,1,1,1
2,114,2,0,0,0,0,0,2
2,115,2,0,2,2,2,2,2
2,116,1,0,1,1,1,1,1
2,117,2,0,2,2,2,2,2
2,118,2,0,2,2,2,2,2
2,119,1,0,1,1,1,1,1
2,120,0,0,0,0,0,0,0
2,121,2,0,2,2,2,2,2
2,122,0,0,0,0,0,0,0
2,123,1,0,1,1,1,1,1
2,124,1,0,1,1,1,1,1
2,125,0,0,0,0,0,0,2
2,126,1,0,1,1,1,1,1
2,127,0,0,0,0,0,0,0
2,128,2,0,2,2,2,2,1
2,129,1,0,1,1,1,1,1
2,130,0,0,0,0,0,0,0
2,131,1,0,1,1,1,1,1
2,132,0,0,2,2,2,2,2
2,133,1,0,1,1,1,1,1
2,134,1,0,1,1,1,1,1
2,135,0,0,2,2,2,2,2
2,136,0,0,0,0,0,0,0
2,137,2,0,2,2,2,2,2
2,138,0,0,0,0,0,0,0
2,139,1,0,1,1,1,1,1
2,140,2,0,1,2,1,2,2
2,141,0,0,1,2,0,1,2
2,142,1,0,1,1,1,1,1
2,143,0,0,0,0,0,0,0
2,144,2,0,2,2,2,2,0
2,145,0,0,0,0,0,0,0
2,146,1,0,1,1,1,1,1
2,147,2,0,2,2,2,2,2
2,148,1,0,1,1,1,1,1
2,149,2,0,2,2,2,2,2
2,150,0,0,0,0,0,0,0
2,151,1,0,1,1,1,1,1
2,152,1,0,1,1,1,1,1
2,153,2,0,2,2,2,2,2
2,154,2,0,2,2,2,2,2
2,155,1,0,1,1,1,1,1
2,156,0,0,0,0,0,0,0
2,157,1,0,1,1,1,1,1
2,158,0,0,0,0,0,0,0
2,159,0,0,0,0,0,0,0
2,160,1,0,1,1,1,1,1
2,161,1,0,2,2,2,2,2
2,162,2,0,2,2,2,2,2
2,163,1,0,1,1,1,1,1
2,164,0,0,0,0,0,0,0
2,165,2,0,2,2,2,2,2
2,166,1,0,1,1,1,1,1
2,167,0,0,0,0,0,0,0
2,168,1,0,1,1,1,1,1
2,169,1,0,1,1,1,1,1
2,170,0,0,0,0,0,0,0
2,171,2,0,0,2,0,0,2
2,172,1,0,1,1,1,1,1
2,173,0,0,0,0,0,0,0
2,174,0,0,0,0,0,0,0
2,175,2,0,2,2,2,2,2
2,176,2,0,2,2,2,2,2
2,177,2,0,2,2,2,2,2
2,178,1,0,1,0,1,1,2
2,179,0,0,0,1,0,0,2
2,180,0,0,0,0,0,0,0
2,181,2,0,2,2,2,2,2
2,182,1,0,1,1,1,1,1
2,183,0,0,0,0,0,0,0
2,184,2,0,2,0,2,2,2
2,185,2,0,2,2,2,2,2
2,186,1,0,1,1,1,1,1
2,187,0,0,0,0,0,0,0
2,188,1,0,1,1,1,1,1
2,189,2,0,2,2,2,2,2
2,190,1,0,0,0,1,0,0
2,191,1,0,1,1,1,1,1
2,192,2,0,2,1,0,2,2
2,193,1,0,1,1,1,1,1
2,194,2,0,0,0,0,0,0
2,195,2,0,2,2,2,2,2
2,196,2,0,2,2,2,2,2
2,197,0,0,0,0,0,0,0
2,198,1,0,1,1,1,1,1
2,199,0,0,2,2,2,2,2
2,200,2,0,2,2,2,2,2
2,201,2,0,2,2,2,2,2
2,202,2,0,2,2,2,2,2
2,203,1,0,1,1,1,1,1
2,204,0,0,2,2,2,2,2
2,205,2,0,2,2,2,2,2
2,206,2,0,2,2,2,2,2
2,207,2,0,2,2,2,2,2
2,208,2,0,2,2,2,2,2
2,209,2,0,2,0,2,2,2
2,210,1,0,1,1,1,1,1
2,211,0,0,2,2,2,2,2
2,212,0,0,0,0,0,0,0
2,213,1,0,1,1,1,1,1
2,214,0,0,0,0,0,0,0
2,215,2,0,2,2,2,2,2
2,216,1,0,1,1,1,1,1
2,217,1,0,1,1,1,1,1
2,218,0,0,0,0,0,0,0
2,219,0,0,2,2,2,2,2
2,220,1,0,0,0,2,0,2
2,221,1,0,1,1,1,1,1
2,222,1,0,1,1,1,1,1
2,223,2,0,2,2,2,2,2
2,224,0,0,0,0,0,0,0
2,225,1,0,1,1,1,1,1
2,226,2,0,2,2,2,2,2
2,227,1,0,1,1,1,1,1
2,228,1,0,1,1,1,1,1
2,229,1,0,1,1,1,1,1
2,230,0,0,0,0,0,0,0
2,231,0,0,0,0,0,0,0
2,232,0,0,0,0,0,0,0
2,233,1,0,1,1,1,1,1
2,234,2,0,2,2,2,2,2
2,235,2,0,2,2,2,2,2
2,236,2,0,2,2,2,2,2
2,237,1,0,1,1,1,1,1
2,238,1,0,1,1,1,1,1
2,239,0,0,0,0,0,0,0
2,240,1,0,1,1,1,1,1
2,241,1,0,0,2,2,2,2
2,242,1,0,1,1,1,1,1
2,243,1,0,1,1,1,1,1
2,244,0,0,0,0,0,0,0
2,245,0,0,0,0,0,0,0
2,246,0,0,0,0,0,0,0
2,247,2,0,2,2,2,2,2
2,248,2,0,2,2,2,2,2
2,249,0,0,0,0,0,0,0
2,250,2,0,2,2,2,2,2
2,251,1,0,1,1,1,1,1
2,252,0,0,0,2,0,0,2
2,253,1,0,1,1,1,1,1
2,254,0,0,0,0,0,0,0
2,255,1,0,0,0,0,2,1
2,256,0,0,0,0,0,0,0
2,257,0,0,0,0,0,0,0
2,258,1,0,1,1,1,1,1
2,259,1,0,1,2,2,2,2
2,260,0,0,0,0,0,0,0
2,261,1,0,1,1,1,1,1
2,262,0,0,0,0,0,0,0
2,263,1,0,1,1,1,1,1
2,264,1,0,1,1,1,1,1
2,265,1,0,1,1,1,1,1
2,266,1,0,1,1,1,1,1
2,267,2,0,2,2,2,2,2
2,268,0,0,0,0,0,0,0
2,269,0,0,0,0,0,0,0
2,270,1,0,1,1,1,1,1
2,271,0,0,0,0,0,0,0
2,272,2,0,2,2,2,2,2
2,273,2,0,2,2,2,2,2
2,274,0,0,0,0,0,0,0
2,275,0,0,1,0,0,2,2
2,276,2,0,2,2,2,2,2
2,277,2,0,2,2,2,2,2
2,278,1,0,2,2,2,2,2
2,279,1,0,1,1,1,1,1
2,280,2,0,2,2,2,2,2
2,281,0,0,0,0,0,0,0
2,282,2,0,2,2,2,2,2
2,283,2,0,2,2,2,2,2
2,284,2,0,2,1,2,2,1
2,285,2,0,2,2,2,2,2
2,286,2,0,0,0,0,1,0
2,287,0,0,0,0,0,0,0
2,288,2,0,2,2,2,2,2
2,289,2,0,2,2,2,2,2
2,290,0,0,2,2,0,2,2
2,291,0,0,0,0,0,0,0
2,292,0,0,0,0,0,0,0
2,293,0,0,1,1,2,2,1
2,294,2,0,2,2,2,2,2
2,295,1,0,2,2,2,2,2
2,296,0,0,2,1,1,2,2
2,297,1,0,1,1,1,1,1
2,298,1,0,1,1,1,1,1
2,299,1,0,2,0,1,2,2
2,300,0,0,0,0,0,0,0
2,301,1,0,1,1,1,1,1
2,302,0,0,1,2,1,1,2
2,303,2,0,2,2,2,2,2
2,304,0,0,0,0,0,0,0
2,305,1,0,0,1,1,2,2
2,306,0,0,0,0,0,0,0
2,307,1,0,1,1,1,1,1
2,308,2,0,2,2,2,2,2
2,309,1,0,1,1,1,1,1
2,310,0,0,0,0,0,0,0
2,311,1,0,1,1,1,1,1
2,312,0,0,0,0,2,2,2
2,313,1,0,2,0,2,2,2
2,314,0,0,0,0,0,0,0
2,315,0,0,0,0,0,0,0
2,316,2,0,2,2,2,2,2
2,317,0,0,0,0,0,0,0
2,318,0,0,0,0,0,0,0
2,319,1,0,1,1,1,1,1
2,320,0,0,2,0,2,0,2
2,321,0,0,0,0,0,0,0
2,322,2,0,2,2,2,2,2
2,323,2,0,2,2,2,2,2
2,324,1,0,0,0,0,0,2
2,325,1,0,1,1,1,1,1
2,326,0,0,0,0,0,0,0
2,327,0,0,0,0,0,0,0
2,328,2,0,2,2,2,2,2
2,329,1,0,1,1,1,1,1
2,330,1,0,1,1,1,1,1
2,331,0,0,0,0,0,0,0
2,332,0,0,0,0,0,0,0
2,333,0,0,0,0,0,0,0
2,334,1,0,1,1,1,1,1
2,335,0,0,0,0,0,0,0
2,336,1,0,1,1,1,1,1
2,337,0,0,2,2,2,2,2
2,338,0,0,0,0,0,0,0
2,339,1,0,1,0,1,1,2
2,340,2,0,2,2,2,2,2
2,341,1,0,1,1,1,1,1
2,342,2,0,2,2,2,2,2
2,343,2,0,2,2,2,2,2
2,344,2,0,2,2,2,2,2
2,345,2,0,2,2,2,2,2
2,346,2,0,2,2,2,2,2
2,347,2,0,2,2,2,2,2
2,348,2,0,2,2,2,2,2
2,349,2,0,2,2,2,2,2
2,350,1,0,1,1,1,1,1
2,351,1,0,1,1,1,1,1
2,352,1,0,1,1,1,1,1
2,353,2,0,2,2,2,2,2
2,354,2,0,2,2,2,2,2
2,355,2,0,2,2,2,2,2
2,356,0,0,0,0,0,0,0
2,357,1,0,1,1,1,1,1
2,358,0,0,0,0,0,0,0
2,359,0,0,0,0,0,0,0
2,360,0,0,0,1,1,2,2
2,361,1,0,1,1,1,1,1
2,362,1,0,1,1,1,1,1
2,363,0,0,0,0,0,0,0
2,364,1,0,1,1,1,1,1
2,365,0,0,0,0,0,0,0
2,366,0,0,2,2,0,2,2
2,367,0,0,0,0,0,0,0
2,368,0,0,0,0,0,0,0
2,369,0,0,0,0,0,0,0
2,370,0,0,0,0,0,0,0
2,371,2,0,2,2,2,2,2
2,372,2,0,0,0,0,0,0
2,373,1,0,1,1,1,1,1
2,374,2,0,2,2,2,2,2
2,375,2,0,2,2,2,2,2
2,376,1,0,1,1,1,1,1
2,377,0,0,0,0,0,0,0
2,378,2,0,2,2,2,2,2
2,379,1,0,2,2,2,2,2
2,380,1,0,1,1,1,1,1
2,381,0,0,0,0,0,0,0
2,382,2,0,2,2,2,2,2
2,383,1,0,1,1,1,1,1
2,384,0,0,1,1,2,2,0
2,385,2,0,2,2,2,2,2
2,386,1,0,1,1,1,1,1
2,387,1,0,1,1,1,1,1
2,388,2,0,2,2,2,2,2
2,389,0,0,0,0,0,0,0
2,390,1,0,1,1,1,1,1
2,391,2,0,2,2,2,2,2
2,392,1,0,1,1,1,1,1
2,393,2,0,2,2,2,2,0
2,394,2,0,2,2,2,2,2
2,395,0,0,0,0,0,0,0
2,396,2,0,2,2,2,2,0
2,397,0,0,0,0,0,0,0
2,398,2,0,2,2,2,2,2
2,399,2,0,2,2,2,2,2
2,400,2,0,2,2,2,2,2
2,401,2,0,2,2,2,2,2
2,402,0,0,0,0,0,0,0
2,403,2,0,2,2,2,2,2
2,404,1,0,2,2,2,2,2
2,405,0,0,2,2,2,2,2
2,406,2,0,2,2,2,2,2
2,407,0,0,0,0,0,0,0
2,408,0,0,0,2,0,0,2
2,409,1,0,1,1,1,1,1
2,410,1,0,1,1,1,1,1
2,411,2,0,0,0,0,0,2
2,412,1,0,1,1,1,1,1
2,413,1,0,1,1,1,1,1
2,414,1,0,1,1,1,1,1
2,415,2,0,2,2,2,2,2
2,416,2,0,2,2,2,2,2
2,417,2,0,2,2,2,2,2
2,418,0,0,0,0,0,0,0
2,419,0,0,0,0,0,0,0
2,420,2,0,0,0,0,0,2
2,421,0,0,0,0,0,0,0
2,422,1,0,1,0,0,0,2
2,423,2,0,2,2,2,2,2
2,424,1,0,1,1,1,1,1
2,425,0,0,0,0,0,0,0
2,426,2,0,2,2,2,2,2
2,427,1,0,1,1,1,1,1
2,428,0,0,0,0,0,0,0
2,429,2,0,2,2,2,2,2
2,430,2,0,2,2,2,0,2
2,431,1,0,1,1,1,1,1
2,432,0,0,0,0,0,0,0
2,433,0,0,0,0,0,0,0
2,434,0,0,0,0,0,0,0
2,435,1,0,1,1,1,1,1
2,436,0,0,0,0,0,0,0
2,437,1,0,1,1,0,0,2
2,438,1,0,1,2,2,1,2
2,439,0,0,0,0,0,0,0
2,440,0,0,0,0,0,0,0
2,441,1,0,0,2,0,0,2
2,442,0,0,0,0,0,0,0
2,443,2,0,2,2,2,2,2
2,444,1,0,1,1,1,1,1
2,445,2,0,2,2,2,2,2
2,446,2,0,2,2,2,2,2
2,447,2,0,2,2,2,2,2
2,448,2,0,2,2,2,2,2
2,449,0,0,0,1,1,0,1
2,450,2,0,2,2,2,2,2
2,451,0,0,0,0,0,0,0
2,452,1,0,2,0,2,2,2
2,453,2,0,2,2,2,2,2
2,454,0,0,0,1,0,0,2
2,455,0,0,2,0,2,0,2
2,456,0,0,0,0,0,0,0
2,457,1,0,0,2,0,0,2
2,458,1,0,1,1,1,1,1
2,459,1,0,0,2,0,0,2
2,460,2,0,2,2,2,2,2
2,461,2,0,2,2,2,2,2
2,462,1,0,1,1,1,1,1
2,463,1,0,1,1,1,1,1
2,464,2,0,2,2,2,2,2
2,465,0,0,0,0,0,0,0
2,466,2,0,2,2,2,2,2
2,467,2,0,2,2,2,2,2
2,468,2,0,1,1,1,1,2
2,469,2,0,2,2,2,2,2
2,470,2,0,2,2,2,2,2
2,471,1,0,1,1,1,1,1
2,472,0,0,0,0,0,0,0
2,473,0,0,0,0,0,0,0
2,474,1,0,1,0,0,1,2
2,475,0,0,0,1,0,0,2
2,476,1,0,2,0,2,2,2
2,477,2,0,2,2,2,2,2
2,478,1,0,1,1,1,1,1
2,479,0,0,0,0,0,0,0
2,480,2,0,2,2,2,2,2
2,481,1,0,2,2,2,2,2
2,482,1,0,1,0,2,0,2
2,483,2,0,2,2,2,2,2
2,484,2,0,2,2,2,2,2
2,485,2,0,2,2,2,2,2
2,486,0,0,0,0,0,0,0
2,487,0,0,2,2,2,0,2
2,488,1,0,1,0,0,1,0
2,489,1,0,1,1,1,1,1
2,490,2,0,2,2,2,2,2
2,491,2,0,2,2,2,2,2
2,492,1,0,1,1,1,1,1
2,493,1,0,2,2,2,2,2
2,494,0,0,2,2,2,2,1
2,495,1,0,1,1,1,1,1
2,496,0,0,2,2,2,2,2
2,497,0,0,0,0,0,0,0
2,498,1,0,1,1,1,1,1
2,499,2,0,2,2,2,2,2
2,500,0,0,0,0,0,0,0
2,501,2,0,2,2,2,2,2
2,502,0,0,0,0,0,0,0
2,503,1,0,2,2,2,2,2
2,504,2,0,2,2,2,2,2
2,505,0,0,0,0,0,0,0
2,506,1,0,1,1,1,1,1
2,507,1,0,1,1,1,1,1
2,508,2,0,2,2,2,2,2
2,509,2,0,1,1,1,1,1
2,510,0,0,0,0,0,0,0
2,511,2,0,0,0,0,2,2
2,512,0,0,0,0,0,0,0
2,513,2,0,2,2,2,2,2
2,514,1,0,1,1,1,1,1
2,515,1,0,1,1,1,1,1
2,516,0,0,1,0,1,1,2
2,517,0,0,0,0,0,0,0
2,518,2,0,2,2,2,2,2
2,519,1,0,1,1,1,1,1
2,520,1,0,1,0,1,1,2
2,521,0,0,1,1,1,1,2
2,522,1,0,1,1,1,1,1
2,523,2,0,2,2,2,2,2
2,524,1,0,1,1,1,1,1
2,525,1,0,1,1,1,1,1
2,526,0,0,0,0,0,0,0
2,527,2,0,2,2,2,2,2
2,528,1,0,1,1,1,1,1
2,529,0,0,0,0,0,0,0
2,530,0,0,0,0,0,0,0
2,531,1,0,1,1,1,1,1
2,532,1,0,1,1,1,1,1
2,533,0,0,0,0,0,0,0
2,534,0,0,1,0,0,1,2
2,535,2,0,2,2,2,2,2
2,536,1,0,1,1,1,1,1
2,537,2,0,2,2,2,2,2
2,538,2,0,2,2,2,2,2
2,539,2,0,2,2,2,2,2
2,540,2,0,2,2,2,2,2
2,541,0,0,0,0,0,0,1
2,542,2,0,2,2,2,2,2
2,543,0,0,0,0,0,0,0
2,544,0,0,0,0,0,0,0
2,545,2,0,1,2,1,1,2
2,546,1,0,1,1,1,1,1
2,547,0,0,0,0,0,0,0
2,548,1,0,1,1,1,1,1
2,549,1,0,1,1,1,1,1
2,550,0,0,0,0,0,0,0
2,551,1,0,1,1,1,1,1
2,552,0,0,0,0,0,0,0
2,553,1,0,1,1,1,1,1
2,554,0,0,0,0,0,0,2
2,555,0,0,0,0,0,0,0
2,556,0,0,0,0,0,0,0
2,557,2,0,2,2,2,2,2
2,558,0,0,0,0,0,0,0
2,559,0,0,0,0,0,0,0
2,560,1,0,1,1,1,1,1
2,561,1,0,1,1,1,1,1
2,562,2,0,2,2,2,2,2
2,563,2,0,2,2,2,2,2
2,564,1,0,1,1,1,1,1
2,565,1,0,1,1,1,1,1
2,566,0,0,0,0,0,0,0
2,567,2,0,2,2,2,2,2
2,568,0,0,0,0,0,0,0
2,569,1,0,1,1,1,1,1
2,570,1,0,1,1,1,1,1
2,571,2,0,0,0,0,0,2
2,572,2,0,2,2,2,2,2
2,573,0,0,0,0,0,0,0
2,574,0,0,0,0,0,0,2
2,575,1,0,1,1,1,1,1
2,576,0,0,0,0,0,0,0
2,577,0,0,2,2,2,2,2
2,578,1,0,1,1,1,1,1
2,579,0,0,0,0,0,0,0
2,580,2,0,2,2,2,2,2
2,581,0,0,0,0,0,0,0
2,582,0,0,0,0,0,0,0
2,583,0,0,0,0,0,0,2
2,584,0,0,0,0,0,0,0
2,585,1,0,1,1,1,1,1
2,586,0,0,0,0,0,0,0
2,587,2,0,2,2,2,2,2
2,588,0,0,0,0,0,0,0
2,589,2,0,0,0,0,0,0
2,590,1,0,1,1,1,1,1
2,591,2,0,2,2,2,2,2
2,592,2,0,2,0,2,2,2
2,593,2,0,2,2,2,2,2
2,594,1,0,1,1,1,1,1
2,595,1,0,1,1,1,1,1
2,596,2,0,2,2,2,2,2
2,597,1,0,2,2,2,2,2
2,598,1,0,1,1,1,1,1
2,599,0,0,0,0,0,0,0
2,600,0,0,0,0,0,0,0
2,601,2,0,2,2,2,2,2
2,602,2,0,2,2,2,2,2
2,603,1,0,1,1,1,1,1
2,604,0,0,0,0,0,0,0
2,605,0,0,0,0,0,0,0
2,606,2,0,0,0,1,0,2
2,607,0,0,0,2,0,0,2
2,608,1,0,1,1,1,1,1
2,609,0,0,0,0,0,0,0
2,610,1,0,1,1,1,1,1
2,611,1,0,1,1,1,1,1
2,612,1,0,1,1,1,1,1
2,613,0,0,0,0,0,0,0
2,614,0,0,0,0,0,0,0
2,615,1,0,1,1,1,1,1
2,616,2,0,2,2,2,2,2
2,617,1,0,1,1,1,1,1
2,618,1,0,1,1,1,1,1
2,619,1,0,1,1,1,1,1
2,620,1,0,1,1,1,1,1
2,621,0,0,0,0,0,0,0
2,622,1,0,1,1,1,1,1
2,623,1,0,1,1,1,1,1
2,624,0,0,0,0,0,0,0
2,625,1,0,1,1,1,1,1
2,626,1,0,1,1,1,1,1
2,627,1,0,1,1,1,1,1
2,628,0,0,0,0,0,0,0
2,629,1,0,1,1,1,1,1
2,630,0,0,0,0,0,0,0
2,631,2,0,2,2,2,2,2
2,632,0,0,1,0,1,1,2
2,633,2,0,2,2,2,2,2
2,634,1,0,2,0,0,2,2
2,635,2,0,2,2,2,2,2
2,636,1,0,1,1,1,1,1
2,637,1,0,0,0,0,0,2
2,638,0,0,0,0,0,0,0
2,639,1,0,1,1,1,1,1
2,640,0,0,0,0,0,0,0
2,641,2,0,2,2,2,2,2
2,642,2,0,2,2,2,2,2
2,643,0,0,0,0,0,0,0
2,644,2,0,2,2,2,2,2
2,645,1,0,1,1,1,1,1
2,646,0,0,0,0,0,0,0
2,647,0,0,0,0,0,0,0
2,648,0,0,0,2,2,0,0
2,649,1,0,2,2,2,2,2
2,650,0,0,0,0,0,0,0
2,651,0,0,0,0,0,0,0
2,652,0,0,0,0,0,0,0
2,653,0,0,0,0,0,0,0
2,654,0,0,0,0,0,0,0
2,655,1,0,1,1,1,1,1
2,656,2,0,2,2,2,2,2
2,657,0,0,0,0,0,0,0
2,658,1,0,1,1,1,1,1
2,659,1,0,1,1,1,1,1
2,660,1,0,1,1,1,1,1
2,661,2,0,2,2,2,2,2
2,662,2,0,2,2,2,2,2
2,663,0,0,0,0,0,0,0
2,664,0,0,0,0,0,0,0
2,665,1,0,1,1,1,1,1
2,666,1,0,1,1,1,1,1
2,667,0,0,0,0,0,0,0
2,668,0,0,2,1,2,2,1
2,669,0,0,0,0,0,0,2
2,670,1,0,1,1,1,1,1
2,671,0,0,0,0,0,0,0
2,672,0,0,0,0,0,0,0
2,673,1,0,1,1,1,1,1
2,674,1,0,1,1,1,1,1
2,675,2,0,2,2,2,2,2
2,676,1,0,1,1,1,1,1
2,677,2,0,2,2,2,2,2
2,678,0,0,0,0,2,2,2
2,679,1,0,1,1,1,1,1
2,680,2,0,2,2,2,2,2
2,681,0,0,0,0,0,0,0
2,682,1,0,1,1,1,1,1
2,683,0,0,0,0,0,0,0
2,684,1,0,1,1,1,1,1
2,685,0,0,0,0,0,0,0
2,686,2,0,2,2,2,2,2
2,687,2,0,2,2,2,2,2
2,688,0,0,0,0,0,0,0
2,689,2,0,2,2,2,2,2
2,690,2,0,2,2,2,2,2
2,691,2,0,1,1,1,1,2
2,692,1,0,0,0,1,0,2
2,693,0,0,0,0,0,0,0
2,694,0,0,0,0,0,0,0
2,695,0,0,0,0,0,0,0
2,696,1,0,1,1,1,1,1
2,697,0,0,0,0,0,0,0
2,698,2,0,2,2,2,2,2
2,699,2,0,2,2,2,2,2
2,700,2,0,2,2,2,2,2
2,701,0,0,0,0,0,0,0
2,702,0,0,0,0,0,0,0
2,703,1,0,1,1,1,1,1
2,704,0,0,0,0,0,0,0
2,705,0,0,0,0,0,0,0
2,706,2,0,2,2,2,2,2
2,707,0,0,0,0,0,0,0
2,708,2,0,2,2,2,2,2
2,709,2,0,2,2,2,2,2
2,710,2,0,2,0,2,0,0
2,711,2,0,2,2,2,2,2
2,712,1,0,1,1,1,1,1
2,713,2,0,2,2,2,2,2
2,714,2,0,2,2,2,2,2
2,715,2,0,0,0,0,0,2
2,716,2,0,2,2,2,2,2
2,717,2,0,2,2,2,2,2
2,718,1,0,1,1,1,1,1
2,719,1,0,1,1,1,1,1
2,720,2,0,2,2,2,2,2
2,721,2,0,2,2,2,2,2
2,722,2,0,2,2,2,2,2
2,723,0,0,0,0,0,0,0
2,724,1,0,1,1,1,1,1
2,725,1,0,1,1,1,1,1
2,726,2,0,2,2,2,2,2
2,727,2,0,2,2,2,2,2
2,728,2,0,2,2,2,2,2
2,729,0,0,0,0,0,0,0
2,730,0,0,0,0,0,0,0
2,731,0,0,0,0,0,0,0
2,732,2,0,2,2,2,2,2
2,733,1,0,1,1,1,1,1
2,734,1,0,1,1,1,1,1
2,735,0,0,0,0,0,0,0
2,736,2,0,2,2,2,2,2
2,737,2,0,2,2,2,2,2
2,738,2,0,2,2,2,2,2
2,739,1,0,1,1,1,1,1
2,740,1,0,1,1,1,1,1
2,741,0,0,0,0,0,0,0
2,742,1,0,0,0,0,0,2
2,743,2,0,0,0,2,2,2
2,744,0,0,0,0,0,0,0
2,745,0,0,0,0,0,0,0
2,746,1,0,1,1,1,1,1
2,747,2,0,2,2,2,2,2
2,748,1,0,1,1,1,1,1
2,749,0,0,0,0,0,0,0
2,750,2,0,0,0,0,0,0
2,751,0,0,2,2,2,2,2
2,752,1,0,0,1,0,0,2
2,753,0,0,0,0,0,0,0
2,754,2,0,2,2,2,2,2
2,755,2,0,2,2,2,2,2
2,756,1,0,1,1,1,1,1
2,757,2,0,2,2,2,2,2
2,758,0,0,0,0,0,0,0
2,759,1,0,1,1,1,1,1
2,760,0,0,0,0,0,0,0
2,761,1,0,1,1,1,1,1
2,762,2,0,2,2,2,2,2
2,763,1,0,1,1,1,1,1
2,764,1,0,1,1,1,1,1
2,765,1,0,1,1,1,1,1
2,766,0,0,0,0,0,0,0
2,767,2,0,2,2,2,2,2
2,768,2,0,0,0,0,0,0
2,769,2,0,2,2,2,2,2
2,770,0,0,0,0,0,0,0
2,771,1,0,1,1,1,1,1
2,772,0,0,0,0,0,0,0
2,773,2,0,2,2,2,2,2
2,774,0,0,0,0,0,0,0
2,775,2,0,0,0,0,0,2
2,776,0,0,0,0,0,0,0
2,777,2,0,2,2,2,2,2
2,778,2,0,2,2,2,2,2
2,779,0,0,2,2,2,2,2
2,780,2,0,2,2,2,2,2
2,781,0,0,0,0,0,0,0
2,782,1,0,1,1,1,1,1
2,783,0,0,0,0,0,0,0
2,784,0,0,2,2,2,2,2
2,785,2,0,2,2,2,2,2
2,786,1,0,1,1,1,1,1
2,787,0,0,0,0,0,0,2
2,788,1,0,1,1,1,1,1
2,789,2,0,2,2,2,2,2
2,790,2,0,2,2,2,2,2
2,791,2,0,1,2,1,2,1
2,792,2,0,2,2,2,2,2
2,793,1,0,1,1,1,1,1
2,794,0,0,2,2,2,2,2
2,795,1,0,1,1,1,1,1
2,796,0,0,0,0,0,0,0
2,797,2,0,2,2,2,2,2
2,798,1,0,1,1,1,1,1
2,799,2,0,2,2,2,2,2
2,800,0,0,0,1,1,0,2
2,801,0,0,2,1,2,2,2
2,802,0,0,0,0,0,0,0
2,803,1,0,1,1,1,1,1
2,804,2,0,2,2,2,2,2
2,806,2,0,2,2,2,2,2
2,807,0,0,0,0,0,0,0
2,808,2,0,2,2,2,2,2
2,809,2,0,1,1,1,1,2
2,810,1,0,1,1,1,1,1
2,811,2,0,0,2,0,0,1
2,812,1,0,1,1,1,1,1
2,813,0,0,0,0,0,0,0
2,814,1,0,1,1,1,1,1
2,815,0,0,2,2,2,2,2
2,816,1,0,1,1,1,1,2
2,817,0,0,0,0,0,0,0
2,818,1,0,1,1,1,1,1
2,819,2,0,2,2,2,2,2
2,820,1,0,1,1,1,1,1
2,821,1,0,2,2,0,2,2
2,822,1,0,1,1,1,1,1
2,823,1,0,1,1,1,1,1
2,824,1,0,1,1,1,1,1
2,825,2,0,0,1,2,2,0
2,826,2,0,2,2,2,0,2
2,827,1,0,1,1,1,1,1
2,828,2,0,0,0,0,0,2
2,829,0,0,0,0,0,0,0
2,830,0,0,0,0,0,0,0
2,831,1,0,1,1,1,1,1
2,832,2,0,0,0,0,0,2
2,833,0,0,0,0,0,0,0
2,834,2,0,2,2,2,2,2
2,835,1,0,1,1,1,1,1
2,836,2,0,2,2,2,2,2
2,837,1,0,1,1,1,1,1
2,838,0,0,0,0,0,0,0
2,839,1,0,1,1,1,1,1
2,840,1,0,1,1,1,1,1
2,841,2,0,2,2,2,2,2
2,842,1,0,0,1,0,0,2
2,843,0,0,0,0,0,0,0
2,844,2,0,2,2,2,2,2
2,845,2,0,2,2,2,2,2
2,846,0,0,0,0,0,0,0
2,847,2,0,2,2,2,2,2
2,848,0,0,0,2,0,0,2
2,849,0,0,0,0,0,0,2
2,850,1,0,1,1,1,1,1
2,851,1,0,1,1,1,1,1
2,852,2,0,2,2,2,2,2
2,853,1,0,2,2,0,1,2
2,854,0,0,0,0,0,0,0
2,855,2,0,2,1,2,2,2
2,856,1,0,1,1,1,1,1
2,857,2,0,2,0,2,2,1
2,858,0,0,1,1,1,1,1
2,859,2,0,1,0,1,1,2
2,860,1,0,1,1,1,1,1
2,861,2,0,1,2,1,2,2
2,862,2,0,2,2,2,2,2
2,863,0,0,0,0,0,0,0
2,864,1,0,1,1,1,1,1
2,865,0,0,0,0,2,2,2
2,866,2,0,1,0,1,2,0
2,867,1,0,1,1,1,1,1
2,868,0,0,0,0,0,0,0
2,869,1,0,1,1,1,1,1
2,870,1,0,1,1,1,1,1
2,871,1,0,1,1,1,1,1
2,872,1,0,1,1,1,1,1
2,873,0,0,0,0,0,0,0
2,874,0,0,0,0,0,0,0
2,875,1,0,1,1,1,1,1
2,876,1,0,1,1,1,1,1
2,877,0,0,0,0,0,0,0
2,878,1,0,1,1,1,1,1
2,879,0,0,0,0,0,0,0
2,880,1,0,1,1,1,1,1
2,881,1,0,1,1,1,1,1
2,882,0,0,0,0,0,0,0
2,883,0,0,0,0,0,0,0
2,884,1,0,1,0,0,2,2
2,885,2,0,2,2,2,2,2
2,886,0,0,0,0,0,0,0
2,887,2,0,2,2,2,0,2
2,888,1,0,1,1,1,1,1
2,890,2,0,2,2,2,2,2
2,891,2,0,2,2,2,2,2
2,892,2,0,2,2,2,2,2
2,893,1,0,1,1,1,1,1
2,894,2,0,2,2,2,2,2
2,895,2,0,2,2,2,2,2
2,896,1,0,1,1,1,1,1
2,897,0,0,1,1,1,1,2
2,898,0,0,2,1,1,2,2
2,899,0,0,0,0,0,0,0
2,900,0,0,0,0,0,0,0
2,901,0,0,0,0,0,0,0
2,902,1,0,1,0,1,1,2
2,903,0,0,0,0,0,0,0
2,904,2,0,2,2,2,2,2
2,905,0,0,0,0,0,0,0
2,906,1,0,1,1,1,1,1
2,907,0,0,0,0,0,0,0
2,908,2,0,2,2,2,2,2
2,909,2,0,2,2,2,2,2
2,910,0,0,0,0,0,0,0
2,911,0,0,0,0,0,0,0
2,912,0,0,0,0,0,0,0
2,913,1,0,1,1,1,1,1
2,914,1,0,1,1,1,1,1
2,915,2,0,2,2,2,2,2
2,916,0,0,0,0,0,0,0
2,917,1,0,0,0,0,0,0
2,918,1,0,1,1,1,1,1
2,919,2,0,1,1,1,2,2
2,920,1,0,1,1,1,1,1
2,921,1,0,1,1,1,1,1
2,922,2,0,2,2,2,2,2
2,923,0,0,0,0,0,0,0
2,924,2,0,2,2,2,2,2
2,925,1,0,1,1,1,1,1
2,926,1,0,1,1,1,1,1
2,927,1,0,1,1,1,1,1
2,928,2,0,2,2,2,2,2
2,929,1,0,1,1,1,1,1
2,930,0,0,0,0,0,0,0
2,931,2,0,2,2,2,2,2
2,932,2,0,2,2,2,2,2
2,933,2,0,2,2,2,2,2
2,934,1,0,1,1,1,1,1
2,935,0,0,0,0,0,0,0
2,936,0,0,0,0,0,0,0
2,937,2,0,2,2,2,2,2
2,938,1,0,1,1,1,1,1
2,939,2,0,2,2,2,2,2
2,940,1,0,1,1,1,1,1
2,941,0,0,0,0,0,0,0
2,942,1,0,1,1,1,1,1
2,943,2,0,2,2,2,2,2
2,944,2,0,2,2,2,2,2
2,945,2,0,2,2,2,2,2
2,946,2,0,2,2,2,0,2
2,947,2,0,2,2,2,2,2
2,948,2,0,2,2,2,2,2
2,949,2,0,2,2,2,2,2
2,950,1,0,1,1,1,1,1
2,951,2,0,2,2,2,2,2
2,952,2,0,2,2,2,2,2
2,953,2,0,2,2,2,2,2
2,954,0,0,0,0,0,0,0
2,955,1,0,1,1,1,1,1
2,956,2,0,2,2,2,2,2
2,957,2,0,2,2,2,2,2
2,958,0,0,0,0,0,0,0
2,959,0,0,0,0,0,0,0
2,960,2,0,2,2,2,2,2
2,961,2,0,2,2,2,2,2
2,962,0,0,0,0,0,0,0
2,963,2,0,2,2,2,2,2
2,964,0,0,0,0,0,0,0
2,965,1,0,1,1,1,1,1
2,966,2,0,2,2,2,2,2
2,967,1,0,1,1,1,1,1
2,968,0,0,0,0,0,0,0
2,969,1,0,1,1,1,1,1
2,970,1,0,1,1,1,1,1
2,971,2,0,2,2,2,2,2
2,972,0,0,0,0,0,0,0
2,973,2,0,2,2,2,2,2
2,974,0,0,0,0,0,0,0
2,975,2,0,2,2,2,2,2
2,976,0,0,0,0,0,0,0
2,977,1,0,1,1,1,1,1
2,978,2,0,1,1,1,1,1
2,979,2,0,2,2,2,2,2
2,980,0,0,0,0,0,0,0
2,981,1,0,1,1,1,1,1
2,982,2,0,2,2,2,2,2
2,983,2,0,2,2,2,2,2
2,984,0,0,0,0,1,2,2
2,985,2,0,2,2,2,2,2
2,986,2,0,2,2,2,2,2
2,987,0,0,0,0,0,0,0
2,988,2,0,2,2,2,2,2
2,989,0,0,0,0,0,0,2
2,990,1,0,1,1,1,1,1
2,991,1,0,1,1,1,1,1
2,992,2,0,2,2,2,2,2
2,993,2,0,2,2,2,2,2
2,994,0,0,0,0,0,0,0
2,995,1,0,1,1,1,1,1
2,996,2,0,2,2,2,2,2
2,997,0,0,0,0,0,0,0
2,998,0,0,0,0,0,0,0
2,999,0,0,0,0,0,0,0
2,1000,1,0,1,1,1,1,1
2,1001,1,0,1,1,1,1,1
2,1002,1,0,2,2,2,2,1
2,1003,1,0,2,1,1,2,2
2,1004,0,0,0,0,0,0,0
2,1005,1,0,2,2,2,2,2
2,1006,1,0,1,1,1,1,1
2,1007,0,0,0,0,0,0,0
2,1008,1,0,1,1,1,1,1
2,1009,2,0,2,2,2,2,2
2,1010,1,0,1,1,1,1,1
2,1011,2,0,2,2,2,1,2
2,1012,0,0,0,0,0,0,0
2,1013,0,0,2,2,2,2,2
2,1014,0,0,0,0,0,2,2
2,1015,1,0,1,1,1,1,1
2,1016,0,0,0,0,0,0,0
2,1017,0,0,0,0,0,0,0
2,1018,0,0,0,0,0,0,0
2,1019,2,0,2,2,2,2,2
2,1020,0,0,0,0,0,0,0
2,1021,2,0,0,0,1,0,0
2,1022,2,0,2,2,2,2,2
2,1023,0,0,0,0,2,0,2
2,1024,0,0,0,0,0,0,0
2,1025,2,0,2,2,2,2,2
2,1026,1,0,2,0,2,2,2
2,1027,1,0,1,1,1,1,1
2,1028,2,0,2,2,2,2,2
2,1029,2,0,2,2,2,2,2
2,1030,0,0,0,0,0,0,0
2,1031,1,0,1,1,1,1,1
2,1032,2,0,2,2,2,2,2
2,1033,0,0,0,0,0,0,0
2,1034,2,0,2,2,2,2,2
2,1035,0,0,0,0,2,0,2
2,1036,0,0,0,0,0,0,0
2,1037,1,0,2,0,2,2,2
2,1038,1,0,1,1,1,1,1
2,1039,2,0,2,2,2,2,2
2,1040,2,0,0,0,1,2,2
2,1041,2,0,2,2,2,2,2
2,1042,0,0,0,2,0,0,2
2,1043,1,0,1,1,1,1,1
2,1044,2,0,2,2,2,2,2
2,1045,1,0,1,1,1,1,1
2,1046,1,0,1,1,1,1,1
2,1047,2,0,1,1,1,1,2
2,1048,0,0,2,2,2,2,2
2,1049,0,0,0,0,0,0,0
2,1050,0,0,0,0,0,0,0
2,1051,0,0,0,0,0,0,0
2,1052,2,0,1,2,1,0,2
2,1053,1,0,1,2,0,0,2
2,1054,2,0,2,2,2,2,2
2,1055,0,0,2,2,2,2,2
2,1056,0,0,0,0,0,0,0
2,1057,1,0,1,1,1,1,1
2,1058,1,0,1,1,1,1,1
2,1059,2,0,2,2,2,2,2
2,1060,2,0,2,2,2,2,2
2,1061,0,0,0,0,0,0,0
2,1062,0,0,0,0,0,0,0
2,1063,0,0,0,0,0,0,0
2,1064,2,0,2,2,2,2,2
2,1065,2,0,1,2,1,1,1
2,1066,2,0,2,2,2,2,2
2,1067,1,0,1,1,1,1,1
2,1068,0,0,0,0,0,0,0
2,1069,1,0,1,1,1,1,1
2,1070,2,0,2,2,2,2,2
2,1071,2,0,2,2,2,2,2
2,1072,2,0,2,2,2,2,2
2,1073,0,0,1,1,1,1,2
2,1074,1,0,1,1,1,1,1
2,1075,1,0,1,1,1,1,1
2,1076,2,0,2,2,2,2,2
2,1077,0,0,0,0,0,0,0
2,1078,0,0,0,0,0,0,0
2,1079,2,0,2,0,2,2,0
2,1080,2,0,0,2,0,0,2
2,1081,2,0,2,2,2,2,2
2,1082,1,0,1,1,1,1,1
2,1083,2,0,2,2,2,2,2
2,1084,2,0,2,2,2,2,2
2,1085,2,0,2,2,2,2,2
2,1086,0,0,2,2,2,2,2
2,1087,0,0,0,0,0,0,0
2,1088,2,0,2,2,2,2,2
2,1089,0,0,0,0,2,0,2
2,1090,0,0,2,2,2,0,0
2,1091,2,0,2,2,2,2,2
2,1092,1,0,1,1,1,1,1
2,1093,0,0,0,0,0,0,0
2,1094,2,0,1,1,1,1,0
2,1095,1,0,1,1,1,1,1
2,1096,2,0,0,0,0,0,1
2,1097,0,0,0,0,0,0,0
2,1098,2,0,2,2,2,2,2
2,1099,2,0,2,2,2,2,2
3,0,1,0,1,1,1,1,1
3,1,2,0,2,2,2,2,2
3,2,1,0,1,1,1,1,1
3,3,2,0,2,2,2,2,2
3,4,1,0,0,0,0,0,2
3,5,2,0,2,2,2,2,2
3,6,0,0,0,0,0,0,0
3,7,2,0,2,2,2,2,2
3,8,1,0,1,1,1,1,1
3,9,1,0,2,2,2,2,2
3,10,2,0,2,2,2,2,2
3,11,2,0,2,2,2,2,2
3,12,0,0,0,0,0,0,0
3,13,2,0,2,2,2,2,2
3,14,0,0,0,0,0,0,0
3,15,1,0,1,1,1,1,1
3,16,0,0,0,0,0,0,0
3,17,0,0,0,0,0,0,0
3,18,1,0,1,1,1,1,1
3,19,2,0,2,2,2,2,2
3,20,0,0,0,0,0,0,0
3,21,2,0,2,2,2,2,2
3,22,0,0,0,0,0,0,0
3,23,2,0,2,2,2,2,2
3,24,1,0,1,1,1,1,1
3,25,0,0,0,0,0,0,0
3,26,2,0,2,2,2,2,2
3,27,0,0,0,0,0,0,1
3,28,1,0,1,1,1,1,1
3,29,2,0,2,2,2,2,2
3,30,0,0,0,0,0,0,0
3,31,1,0,0,2,0,0,2
3,32,2,0,2,2,2,2,2
3,33,1,0,1,1,1,1,1
3,34,0,0,0,0,0,0,0
3,35,1,0,1,1,1,1,1
3,36,1,0,1,1,1,1,1
3,37,0,0,0,0,0,0,0
3,38,2,0,2,2,2,2,2
3,39,0,0,0,0,0,0,0
3,40,0,0,0,0,0,0,0
3,41,0,0,0,0,0,0,0
3,42,0,0,0,0,0,0,0
3,43,2,0,2,2,2,2,2
3,44,2,0,2,2,2,2,2
3,45,0,0,0,0,0,0,0
3,46,2,0,2,2,2,2,2
3,47,0,0,0,0,0,0,0
3,48,1,0,1,1,1,1,1
3,49,0,0,0,0,0,0,0
3,50,0,0,0,0,0,0,0
3,51,1,0,1,1,1,1,1
3,52,0,0,0,0,0,0,0
3,53,2,0,2,2,2,2,2
3,54,1,0,1,1,1,1,1
3,55,1,0,1,1,1,1,1
3,56,1,0,1,1,1,1,1
3,57,0,0,0,0,0,0,0
3,58,0,0,0,0,0,0,0
3,59,0,0,0,0,0,0,0
3,60,0,0,0,0,0,0,0
3,61,1,0,0,0,0,0,2
3,62,0,0,0,0,0,0,0
3,63,1,0,1,1,1,1,1
3,64,0,0,1,0,0,1,2
3,65,0,0,0,0,0,0,0
3,66,2,0,2,2,2,2,2
3,67,1,0,1,1,1,1,1
3,68,1,0,1,1,1,1,1
3,69,1,0,0,0,0,0,2
3,70,0,0,0,0,0,0,0
3,71,2,0,2,2,2,2,2
3,72,0,0,0,0,0,0,0
3,73,0,0,0,0,0,0,0
3,74,2,0,2,2,2,2,2
3,75,2,0,2,2,2,2,2
3,76,2,0,2,2,2,2,2
3,77,0,0,0,0,0,0,0
3,78,1,0,1,1,1,1,1
3,79,2,0,2,2,2,2,2
3,80,0,0,0,0,0,0,0
3,81,1,0,1,1,1,1,1
3,82,2,0,2,2,2,2,2
3,83,0,0,0,0,0,0,0
3,84,1,0,1,1,1,1,1
3,85,1,0,1,1,1,1,1
3,86,1,0,1,1,1,1,1
3,87,2,0,2,2,2,2,2
3,88,1,0,1,1,1,1,1
3,89,2,0,2,2,2,2,2
3,90,1,0,1,1,1,1,1
3,91,2,0,2,2,2,2,2
3,92,2,0,2,2,2,2,2
3,93,2,0,0,0,0,0,2
3,94,0,0,2,2,1,1,2
3,95,1,0,1,0,1,1,1
3,96,2,0,2,2,2,2,2
3,97,2,0,2,2,2,2,2
3,98,0,0,0,0,0,0,0
3,99,1,0,1,1,1,1,1
3,100,1,0,1,2,0,1,2
3,101,1,0,0,2,0,0,2
3,102,1,0,1,1,1,1,1
3,103,1,0,1,1,1,1,1
3,104,0,0,0,0,0,0,0
3,105,0,0,0,0,0,0,0
3,106,2,0,2,2,2,2,2
3,107,0,0,0,0,0,0,0
3,108,2,0,2,2,2,2,2
3,109,2,0,2,2,2,2,2
3,110,0,0,0,0,0,0,0
3,111,2,0,2,2,2,2,2
3,112,0,0,0,0,0,0,0
3,113,1,0,1,1,1,1,1
3,114,2,0,0,0,0,0,2
3,115,2,0,2,2,2,2,2
3,116,1,0,1,1,1,1,1
3,117,2,0,2,2,2,2,2
3,118,2,0,2,2,2,2,2
3,119,1,0,1,1,1,1,1
3,120,0,0,0,0,0,0,0
3,121,2,0,2,2,2,2,2
3,122,0,0,0,0,0,0,0
3,123,1,0,1,1,1,1,1
3,124,1,0,1,1,1,1,1
3,125,0,0,0,1,1,0,2
3,126,1,0,1,1,1,1,1
3,127,0,0,0,0,0,0,0
3,128,2,0,2,2,2,2,1
3,129,1,0,1,1,1,1,1
3,130,0,0,0,0,0,0,0
3,131,1,0,1,1,1,1,1
3,132,0,0,2,1,1,2,2
3,133,1,0,1,1,1,1,1
3,134,1,0,1,1,1,1,1
3,135,0,0,0,0,2,2,0
3,136,0,0,0,0,0,0,0
3,137,2,0,2,2,2,2,2
3,138,0,0,0,0,0,0,0
3,139,1,0,1,1,1,1,1
3,140,2,0,1,1,1,2,0
3,141,0,0,1,0,0,1,2
3,142,1,0,1,1,1,1,1
3,143,0,0,0,0,0,0,0
3,144,2,0,2,2,2,0,2
3,145,0,0,0,0,0,0,0
3,146,1,0,1,1,1,1,1
3,147,2,0,2,2,2,2,2
3,148,1,0,1,1,1,1,1
3,149,2,0,2,2,2,2,2
3,150,0,0,0,0,0,0,0
3,151,1,0,1,1,1,1,1
3,152,1,0,1,1,1,1,1
3,153,2,0,2,2,2,2,2
3,154,2,0,2,2,2,2,2
3,155,1,0,1,1,1,1,1
3,156,0,0,0,0,0,0,0
3,157,1,0,1,1,1,1,1
3,158,0,0,0,0,0,0,0
3,159,0,0,0,0,0,0,0
3,160,1,0,1,1,1,1,1
3,161,1,0,2,0,2,2,1
3,162,2,0,2,2,2,2,2
3,163,1,0,1,1,1,1,1
3,164,0,0,0,0,0,0,0
3,165,2,0,2,2,2,2,2
3,166,1,0,1,1,1,1,1
3,167,0,0,0,0,0,0,0
3,168,1,0,1,1,1,1,1
3,169,1,0,1,1,1,1,1
3,170,0,0,0,0,0,0,0
3,171,2,0,0,0,0,0,2
3,172,1,0,1,1,1,1,1
3,173,0,0,0,0,0,0,0
3,174,0,0,0,0,0,0,0
3,175,2,0,2,2,2,2,2
3,176,2,0,2,2,2,2,2
3,177,2,0,2,2,2,2,2
3,178,1,0,1,2,1,1,2
3,179,0,0,0,0,0,0,2
3,180,0,0,0,0,0,0,0
3,181,2,0,2,2,2,2,2
3,182,1,0,1,1,1,1,1
3,183,0,0,0,0,0,0,0
3,184,2,0,2,1,0,1,1
3,185,2,0,2,2,2,2,2
3,186,1,0,1,1,1,1,1
3,187,0,0,0,0,0,0,0
3,188,1,0,1,1,1,1,1
3,189,2,0,2,2,2,2,2
3,190,1,0,0,0,0,0,1
3,191,1,0,1,1,1,1,1
3,192,2,0,2,0,2,2,2
3,193,1,0,1,1,1,1,1
3,194,2,0,0,1,0,0,2
3,195,2,0,2,2,2,2,2
3,196,2,0,2,2,2,2,2
3,197,0,0,0,0,0,0,0
3,198,1,0,1,1,1,1,1
3,199,0,0,2,1,2,2,2
3,200,2,0,2,2,2,2,2
3,201,2,0,2,2,2,2,2
3,202,2,0,2,2,2,2,2
3,203,1,0,1,1,1,1,1
3,204,0,0,2,2,2,2,2
3,205,2,0,2,2,2,2,2
3,206,2,0,2,2,2,2,2
3,207,2,0,2,2,2,2,2
3,208,2,0,2,2,2,2,2
3,209,2,0,2,0,2,2,2
3,210,1,0,1,1,1,1,1
3,211,0,0,2,2,2,2,1
3,212,0,0,0,0,0,0,0
3,213,1,0,1,1,1,1,1
3,214,0,0,0,0,0,0,0
3,215,2,0,2,2,2,2,2
3,216,1,0,1,1,1,1,1
3,217,1,0,1,1,1,1,1
3,218,0,0,0,0,0,0,0
3,219,0,0,2,2,2,2,2
3,220,1,0,0,0,2,0,1
3,221,1,0,1,1,1,1,1
3,222,1,0,1,1,1,1,1
3,223,2,0,2,2,2,2,2
3,224,0,0,0,0,0,0,0
3,225,1,0,1,1,1,1,1
3,226,2,0,2,2,2,2,1
3,227,1,0,1,1,1,1,1
3,228,1,0,1,1,1,1,1
3,229,1,0,1,1,1,1,1
3,230,0,0,0,0,0,0,0
3,231,0,0,0,0,0,0,0
3,232,0,0,0,0,0,0,0
3,233,1,0,1,1,1,1,1
3,234,2,0,2,2,2,2,2
3,235,2,0,2,2,2,2,2
3,236,2,0,2,2,2,2,2
3,237,1,0,1,1,1,1,1
3,238,1,0,1,1,1,1,1
3,239,0,0,0,0,0,0,0
3,240,1,0,1,1,1,1,1
3,241,1,0,0,2,2,2,2
3,242,1,0,1,1,1,1,1
3,243,1,0,1,1,1,1,1
3,244,0,0,0,0,0,0,0
3,245,0,0,0,0,0,0,0
3,246,0,0,0,0,0,0,0
3,247,2,0,2,2,2,2,2
3,248,2,0,2,2,2,2,2
3,249,0,0,0,0,0,0,0
3,250,2,0,2,2,2,2,2
3,251,1,0,1,1,1,1,1
3,252,0,0,0,0,2,0,1
3,253,1,0,1,1,1,1,1
3,254,0,0,0,0,0,0,0
3,255,1,0,0,1,0,2,2
3,256,0,0,0,0,0,0,0
3,257,0,0,0,0,0,0,0
3,258,1,0,1,1,1,1,1
3,259,1,0,1,2,2,2,1
3,260,0,0,0,0,0,0,0
3,261,1,0,1,1,1,1,1
3,262,0,0,0,0,0,0,0
3,263,1,0,1,1,1,1,1
3,264,1,0,1,1,1,1,1
3,265,1,0,1,1,1,1,1
3,266,1,0,1,1,1,1,1
3,267,2,0,2,2,2,2,2
3,268,0,0,0,0,0,0,0
3,269,0,0,0,0,0,0,0
3,270,1,0,1,1,1,1,1
3,271,0,0,0,0,0,0,0
3,272,2,0,2,2,2,2,2
3,273,2,0,2,2,2,2,2
3,274,0,0,0,0,0,0,0
3,275,0,0,1,1,2,1,1
3,276,2,0,2,2,2,2,2
3,277,2,0,2,2,2,2,2
3,278,1,0,2,2,2,2,2
3,279,1,0,1,1,1,1,1
3,280,2,0,2,2,2,2,2
3,281,0,0,0,0,0,0,0
3,282,2,0,2,2,2,2,2
3,283,2,0,2,2,2,2,2
3,284,2,0,2,1,2,2,1
3,285,2,0,2,2,2,2,2
3,286,2,0,1,0,0,1,0
3,287,0,0,0,0,0,0,0
3,288,2,0,2,2,2,2,2
3,289,2,0,2,2,2,2,2
3,290,0,0,2,0,2,2,1
3,291,0,0,0,0,0,0,0
3,292,0,0,0,0,0,0,0
3,293,0,0,1,0,0,2,1
3,294,2,0,2,2,2,2,2
3,295,1,0,2,2,2,2,2
3,296,0,0,2,2,1,2,2
3,297,1,0,1,1,1,1,1
3,298,1,0,1,1,1,1,1
3,299,1,0,2,1,0,2,2
3,300,0,0,0,0,0,0,0
3,301,1,0,1,1,1,1,1
3,302,0,0,1,2,1,1,0
3,303,2,0,2,2,2,2,2
3,304,0,0,0,0,0,0,0
3,305,1,0,0,0,0,0,2
3,306,0,0,0,0,0,0,0
3,307,1,0,1,1,1,1,1
3,308,2,0,2,2,2,2,2
3,309,1,0,1,1,1,1,1
3,310,0,0,0,0,0,0,0
3,311,1,0,1,1,1,1,1
3,312,0,0,0,0,0,0,2
3,313,1,0,2,1,2,2,2
3,314,0,0,0,0,0,0,0
3,315,0,0,0,0,0,0,0
3,316,2,0,2,2,2,2,2
3,317,0,0,0,0,0,0,0
3,318,0,0,0,0,0,0,0
3,319,1,0,1,1,1,1,1
3,320,0,0,2,2,2,2,1
3,321,0,0,0,0,0,0,0
3,322,2,0,2,2,2,2,2
3,323,2,0,2,2,2,2,2
3,324,1,0,0,1,0,0,2
3,325,1,0,1,1,1,1,1
3,326,0,0,0,0,0,0,0
3,327,0,0,0,0,0,0,0
3,328,2,0,2,2,2,2,2
3,329,1,0,1,1,1,1,1
3,330,1,0,1,1,1,1,1
3,331,0,0,0,0,0,0,0
3,332,0,0,0,0,0,0,0
3,333,0,0,0,0,0,0,0
3,334,1,0,1,1,1,1,1
3,335,0,0,0,0,0,0,0
3,336,1,0,1,1,1,1,1
3,337,0,0,2,0,2,0,1
3,338,0,0,0,0,0,0,0
3,339,1,0,1,0,1,1,2
3,340,2,0,2,2,2,2,2
3,341,1,0,1,1,1,1,1
3,342,2,0,2,2,2,2,2
3,343,2,0,2,2,2,2,2
3,344,2,0,2,2,2,2,2
3,345,2,0,2,2,2,2,2
3,346,2,0,2,2,2,2,2
3,347,2,0,2,2,2,2,2
3,348,2,0,2,2,2,2,2
3,349,2,0,2,2,2,2,2
3,350,1,0,1,1,1,1,1
3,351,1,0,1,1,1,1,1
3,352,1,0,1,1,1,1,1
3,353,2,0,2,2,2,2,2
3,354,2,0,2,2,2,2,2
3,355,2,0,2,2,2,2,2
3,356,0,0,0,0,0,0,0
3,357,1,0,1,1,1,1,1
3,358,0,0,0,0,0,0,0
3,359,0,0,0,0,0,0,0
3,360,0,0,0,1,0,1,0
3,361,1,0,1,1,1,1,1
3,362,1,0,1,1,1,1,1
3,363,0,0,0,0,0,0,0
3,364,1,0,1,1,1,1,1
3,365,0,0,0,0,0,0,0
3,366,0,0,2,2,2,2,2
3,367,0,0,0,0,0,0,0
3,368,0,0,0,0,0,0,0
3,369,0,0,0,0,0,0,0
3,370,0,0,0,0,0,0,0
3,371,2,0,2,2,2,2,2
3,372,2,0,0,0,0,0,2
3,373,1,0,1,1,1,1,1
3,374,2,0,2,2,2,2,2
3,375,2,0,2,2,2,2,2
3,376,1,0,1,1,1,1,1
3,377,0,0,0,0,0,0,0
3,378,2,0,2,2,2,2,2
3,379,1,0,2,2,2,2,2
3,380,1,0,1,1,1,1,1
3,381,0,0,0,0,0,0,0
3,382,2,0,2,2,2,2,2
3,383,1,0,1,1,1,1,1
3,384,0,0,1,1,2,2,2
3,385,2,0,2,2,2,2,2
3,386,1,0,1,1,1,1,1
3,387,1,0,1,1,1,1,1
3,388,2,0,2,2,2,2,2
3,389,0,0,0,0,0,0,0
3,390,1,0,1,1,1,1,1
3,391,2,0,2,2,2,2,2
3,392,1,0,1,1,1,1,1
3,393,2,0,0,0,1,2,1
3,394,2,0,2,2,2,2,2
3,395,0,0,0,0,0,0,0
3,396,2,0,2,2,2,2,0
3,397,0,0,0,0,0,0,0
3,398,2,0,2,2,2,2,2
3,399,2,0,2,2,2,2,2
3,400,2,0,2,2,2,2,2
3,401,2,0,2,2,2,2,2
3,402,0,0,0,0,0,0,0
3,403,2,0,2,2,2,2,2
3,404,1,0,2,2,2,0,0
3,405,0,0,0,2,2,0,2
3,406,2,0,2,2,2,2,2
3,407,0,0,0,0,0,0,0
3,408,0,0,0,0,0,0,2
3,409,1,0,1,1,1,1,1
3,410,1,0,1,1,1,1,1
3,411,2,0,0,0,0,0,0
3,412,1,0,1,1,1,1,1
3,413,1,0,1,1,1,1,1
3,414,1,0,1,1,1,1,1
3,415,2,0,2,2,2,2,2
3,416,2,0,2,2,2,2,2
3,417,2,0,2,2,2,2,2
3,418,0,0,0,0,0,0,0
3,419,0,0,0,0,0,0,0
3,420,2,0,0,0,0,0,2
3,421,0,0,0,0,0,0,0
3,422,1,0,1,0,1,1,1
3,423,2,0,2,2,2,2,2
3,424,1,0,1,1,1,1,1
3,425,0,0,0,0,0,0,0
3,426,2,0,2,2,2,2,2
3,427,1,0,1,1,1,1,1
3,428,0,0,0,0,0,0,0
3,429,2,0,2,2,2,2,2
3,430,2,0,2,2,2,0,2
3,431,1,0,1,1,1,1,1
3,432,0,0,0,0,0,0,0
3,433,0,0,0,0,0,0,0
3,434,0,0,0,0,0,0,0
3,435,1,0,1,1,1,1,1
3,436,0,0,0,0,0,0,0
3,437,1,0,1,0,1,0,2
3,438,1,0,0,2,0,1,2
3,439,0,0,0,0,0,0,0
3,440,0,0,0,0,0,0,0
3,441,1,0,0,0,0,0,0
3,442,0,0,0,0,0,0,0
3,443,2,0,2,2,2,2,2
3,444,1,0,1,1,1,1,1
3,445,2,0,2,2,2,2,2
3,446,2,0,2,2,2,2,2
3,447,2,0,2,2,2,2,2
3,448,2,0,2,2,2,2,2
3,449,0,0,0,0,1,0,1
3,450,2,0,2,2,2,2,2
3,451,0,0,0,0,0,0,0
3,452,1,0,1,1,1,1,0
3,453,2,0,2,2,2,2,2
3,454,0,0,0,0,0,0,2
3,455,0,0,0,0,0,0,2
3,456,0,0,0,0,0,0,0
3,457,1,0,2,2,2,2,2
3,458,1,0,1,1,1,1,1
3,459,1,0,2,0,0,0,2
3,460,2,0,2,2,2,2,2
3,461,2,0,2,2,2,2,2
3,462,1,0,1,1,1,1,1
3,463,1,0,1,1,1,1,1
3,464,2,0,2,2,2,2,2
3,465,0,0,0,0,0,0,0
3,466,2,0,2,2,2,2,2
3,467,2,0,2,2,2,2,2
3,468,2,0,0,0,1,1,1
3,469,2,0,2,2,2,2,2
3,470,2,0,2,2,2,2,2
3,471,1,0,1,1,1,1,1
3,472,0,0,0,0,0,0,0
3,473,0,0,0,0,0,0,0
3,474,1,0,1,1,1,1,0
3,475,0,0,0,1,0,0,2
3,476,1,0,2,0,2,2,2
3,477,2,0,2,2,2,2,2
3,478,1,0,1,1,1,1,1
3,479,0,0,0,0,0,0,0
3,480,2,0,2,2,2,2,2
3,481,1,0,1,1,1,2,0
3,482,1,0,1,0,2,1,0
3,483,2,0,2,2,2,2,2
3,484,2,0,2,2,2,2,2
3,485,2,0,2,2,2,2,2
3,486,0,0,0,0,0,0,0
3,487,0,0,2,1,2,0,2
3,488,1,0,0,0,0,1,2
3,489,1,0,1,1,1,1,1
3,490,2,0,2,2,2,2,2
3,491,2,0,2,2,2,2,2
3,492,1,0,1,1,1,1,1
3,493,1,0,1,2,2,2,2
3,494,0,0,2,2,2,2,2
3,495,1,0,1,1,1,1,1
3,496,0,0,1,0,0,1,2
3,497,0,0,0,0,0,0,0
3,498,1,0,1,1,1,1,1
3,499,2,0,2,2,2,2,2
3,500,0,0,0,0,0,0,0
3,501,2,0,2,2,2,2,2
3,502,0,0,0,0,0,0,0
3,503,1,0,2,2,2,2,1
3,504,2,0,2,2,2,2,2
3,505,0,0,0,0,0,0,0
3,506,1,0,1,1,1,1,1
3,507,1,0,1,1,1,1,1
3,508,2,0,2,2,2,2,2
3,509,2,0,0,1,0,0,0
3,510,0,0,0,0,0,0,0
3,511,2,0,0,1,0,2,0
3,512,0,0,0,0,0,0,0
3,513,2,0,2,2,2,2,2
3,514,1,0,1,1,1,1,1
3,515,1,0,1,1,1,1,1
3,516,0,0,1,0,1,1,2
3,517,0,0,0,0,0,0,0
3,518,2,0,2,2,2,2,2
3,519,1,0,1,1,1,1,1
3,520,1,0,1,0,1,1,2
3,521,0,0,1,2,1,1,1
3,522,1,0,1,1,1,1,1
3,523,2,0,2,2,2,2,2
3,524,1,0,1,1,1,1,1
3,525,1,0,1,1,1,1,1
3,526,0,0,0,0,0,0,0
3,527,2,0,2,2,2,2,2
3,528,1,0,1,1,1,1,1
3,529,0,0,0,0,0,0,0
3,530,0,0,0,0,0,0,0
3,531,1,0,1,1,1,1,1
3,532,1,0,1,1,1,1,1
3,533,0,0,0,0,0,0,0
3,534,0,0,0,2,0,1,2
3,535,2,0,2,2,2,2,2
3,536,1,0,1,1,1,1,1
3,537,2,0,2,2,2,2,2
3,538,2,0,2,2,2,2,2
3,539,2,0,2,2,2,2,2
3,540,2,0,2,2,2,2,2
3,541,0,0,0,0,0,0,0
3,542,2,0,2,2,2,2,2
3,543,0,0,0,0,0,0,0
3,544,0,0,0,0,0,0,0
3,545,2,0,1,2,1,2,2
3,546,1,0,1,1,1,1,1
3,547,0,0,0,0,0,0,0
3,548,1,0,1,1,1,1,1
3,549,1,0,1,1,1,1,0
3,550,0,0,0,0,0,0,0
3,551,1,0,1,1,1,1,1
3,552,0,0,0,0,0,0,0
3,553,1,0,1,1,1,1,1
3,554,0,0,0,0,0,0,2
3,555,0,0,0,0,0,0,0
3,556,0,0,0,0,0,0,0
3,557,2,0,2,2,2,2,2
3,558,0,0,0,0,0,0,0
3,559,0,0,0,0,0,0,0
3,560,1,0,1,1,1,1,1
3,561,1,0,1,1,1,1,1
3,562,2,0,2,2,2,2,2
3,563,2,0,2,2,2,2,2
3,564,1,0,1,1,1,1,1
3,565,1,0,1,1,1,1,1
3,566,0,0,0,0,0,0,0
3,567,2,0,2,2,2,2,2
3,568,0,0,0,0,0,0,0
3,569,1,0,1,1,1,1,1
3,570,1,0,1,1,1,1,1
3,571,2,0,0,0,0,0,2
3,572,2,0,2,2,2,2,2
3,573,0,0,0,0,0,0,0
3,574,0,0,0,0,0,0,2
3,575,1,0,1,1,1,1,1
3,576,0,0,0,0,0,0,0
3,577,0,0,2,2,2,2,1
3,578,1,0,1,1,1,1,1
3,579,0,0,0,0,0,0,0
3,580,2,0,2,2,2,2,2
3,581,0,0,0,0,0,0,0
3,582,0,0,0,0,0,0,0
3,583,0,0,0,2,0,0,1
3,584,0,0,0,0,0,0,0
3,585,1,0,1,1,1,1,1
3,586,0,0,0,0,0,0,0
3,587,2,0,2,2,2,2,2
3,588,0,0,0,0,0,0,0
3,589,2,0,2,0,2,2,1
3,590,1,0,1,1,1,1,1
3,591,2,0,2,2,2,2,2
3,592,2,0,2,2,2,2,1
3,593,2,0,2,2,2,2,2
3,594,1,0,1,1,1,1,1
3,595,1,0,1,1,1,1,1
3,596,2,0,2,2,2,2,2
3,597,1,0,2,2,2,2,2
3,598,1,0,1,1,1,1,1
3,599,0,0,0,0,0,0,0
3,600,0,0,0,0,0,0,0
3,601,2,0,2,2,2,2,2
3,602,2,0,2,2,2,2,2
3,603,1,0,1,1,1,1,1
3,604,0,0,0,0,0,0,0
3,605,0,0,0,0,0,0,0
3,606,2,0,0,0,1,0,1
3,607,0,0,0,2,0,0,0
3,608,1,0,1,1,1,1,1
3,609,0,0,0,0,0,0,0
3,610,1,0,1,1,1,1,1
3,611,1,0,1,1,1,1,1
3,612,1,0,1,1,1,1,1
3,613,0,0,0,0,0,0,0
3,614,0,0,0,0,0,0,0
3,615,1,0,1,1,1,1,1
3,616,2,0,2,2,2,2,2
3,617,1,0,1,1,1,1,1
3,618,1,0,1,1,1,1,1
3,619,1,0,1,1,1,1,1
3,620,1,0,1,1,1,1,1
3,621,0,0,0,0,0,0,0
3,622,1,0,1,1,1,1,1
3,623,1,0,1,1,1,1,1
3,624,0,0,0,0,0,0,0
3,625,1,0,1,1,1,1,1
3,626,1,0,1,1,1,1,1
3,627,1,0,1,1,1,1,1
3,628,0,0,0,0,0,0,0
3,629,1,0,1,1,1,1,1
3,630,0,0,0,0,0,0,0
3,631,2,0,2,2,2,2,2
3,632,0,0,1,1,1,1,2
3,633,2,0,2,2,2,2,2
3,634,1,0,2,2,2,2,0
3,635,2,0,2,2,2,2,2
3,636,1,0,1,1,1,1,1
3,637,1,0,0,0,0,0,2
3,638,0,0,0,0,0,0,0
3,639,1,0,1,1,1,1,1
3,640,0,0,0,0,0,0,0
3,641,2,0,2,2,2,2,2
3,642,2,0,2,2,2,2,2
3,643,0,0,0,0,0,0,0
3,644,2,0,2,2,2,2,2
3,645,1,0,1,1,1,1,1
3,646,0,0,0,0,0,0,0
3,647,0,0,0,0,0,0,0
3,648,0,0,0,0,2,0,0
3,649,1,0,2,0,2,2,2
3,650,0,0,0,0,0,0,0
3,651,0,0,0,0,0,0,0
3,652,0,0,0,0,0,0,0
3,653,0,0,0,0,0,0,0
3,654,0,0,0,0,0,0,0
3,655,1,0,1,1,1,1,1
3,656,2,0,2,2,2,2,2
3,657,0,0,0,0,0,0,0
3,658,1,0,1,1,1,1,1
3,659,1,0,1,1,1,1,1
3,660,1,0,1,1,1,1,1
3,661,2,0,2,2,2,2,2
3,662,2,0,2,2,2,2,2
3,663,0,0,0,0,0,0,0
3,664,0,0,0,0,0,0,0
3,665,1,0,1,1,1,1,1
3,666,1,0,1,1,1,1,1
3,667,0,0,0,0,0,0,0
3,668,0,0,1,1,1,2,1
3,669,0,0,0,2,0,0,0
3,670,1,0,1,1,1,1,1
3,671,0,0,0,0,0,0,0
3,672,0,0,0,0,0,0,0
3,673,1,0,1,1,1,1,1
3,674,1,0,1,1,1,1,1
3,675,2,0,2,2,2,2,2
3,676,1,0,1,1,1,1,1
3,677,2,0,2,2,2,2,2
3,678,0,0,0,0,2,2,2
3,679,1,0,1,1,1,1,1
3,680,2,0,2,2,2,2,2
3,681,0,0,0,0,0,0,0
3,682,1,0,1,1,1,1,1
3,683,0,0,0,0,0,0,0
3,684,1,0,1,1,1,1,1
3,685,0,0,0,0,0,0,0
3,686,2,0,2,2,2,2,2
3,687,2,0,2,2,2,2,2
3,688,0,0,0,0,0,0,0
3,689,2,0,2,2,2,2,2
3,690,2,0,2,2,2,2,1
3,691,2,0,1,1,1,1,0
3,692,1,0,0,0,0,2,2
3,693,0,0,0,0,0,0,0
3,694,0,0,0,0,0,0,0
3,695,0,0,0,0,0,0,0
3,696,1,0,1,1,1,1,1
3,697,0,0,0,0,0,0,0
3,698,2,0,2,2,2,2,2
3,699,2,0,2,2,2,2,2
3,700,2,0,2,2,2,2,2
3,701,0,0,0,0,0,0,0
3,702,0,0,0,0,0,0,0
3,703,1,0,1,1,1,1,1
3,704,0,0,0,0,0,0,0
3,705,0,0,0,0,0,0,0
3,706,2,0,2,2,2,2,2
3,707,0,0,0,0,0,0,0
3,708,2,0,2,2,2,2,2
3,709,2,0,2,2,2,2,2
3,710,2,0,2,2,2,1,2
3,711,2,0,2,2,2,2,2
3,712,1,0,1,1,1,1,1
3,713,2,0,2,2,2,2,2
3,714,2,0,2,2,2,2,2
3,715,2,0,1,0,1,0,2
3,716,2,0,2,2,2,2,2
3,717,2,0,2,2,2,2,2
3,718,1,0,1,1,1,1,1
3,719,1,0,1,1,1,1,1
3,720,2,0,2,2,2,2,2
3,721,2,0,2,2,2,2,2
3,722,2,0,2,2,2,2,2
3,723,0,0,0,0,0,0,0
3,724,1,0,1,1,1,1,1
3,725,1,0,1,1,1,1,1
3,726,2,0,2,2,2,2,2
3,727,2,0,2,2,2,2,2
3,728,2,0,2,2,2,2,2
3,729,0,0,0,0,0,0,0
3,730,0,0,0,0,0,0,0
3,731,0,0,0,0,0,0,0
3,732,2,0,2,2,2,2,2
3,733,1,0,1,1,1,1,1
3,734,1,0,1,1,1,1,1
3,735,0,0,0,0,0,0,0
3,736,2,0,2,2,2,2,2
3,737,2,0,2,2,2,2,2
3,738,2,0,2,2,2,2,2
3,739,1,0,1,1,1,1,1
3,740,1,0,1,1,1,1,1
3,741,0,0,0,0,0,0,0
3,742,1,0,1,0,0,0,2
3,743,2,0,0,2,0,0,0
3,744,0,0,0,0,0,0,0
3,745,0,0,0,2,0,0,2
3,746,1,0,1,1,1,1,1
3,747,2,0,2,2,2,2,2
3,748,1,0,1,1,1,1,1
3,749,0,0,0,0,0,0,0
3,750,2,0,0,0,1,0,2
3,751,0,0,2,2,2,2,2
3,752,1,0,0,1,1,0,2
3,753,0,0,0,0,0,0,0
3,754,2,0,2,2,2,2,2
3,755,2,0,2,2,2,2,2
3,756,1,0,1,1,1,1,1
3,757,2,0,2,2,2,2,2
3,758,0,0,0,0,0,0,0
3,759,1,0,1,1,1,1,1
3,760,0,0,0,0,0,0,0
3,761,1,0,1,1,1,1,1
3,762,2,0,2,2,2,2,2
3,763,1,0,1,1,1,1,1
3,764,1,0,1,1,1,1,1
3,765,1,0,1,1,1,1,1
3,766,0,0,0,0,0,0,0
3,767,2,0,2,2,2,2,2
3,768,2,0,0,2,0,0,2
3,769,2,0,2,2,2,2,2
3,770,0,0,0,0,0,0,0
3,771,1,0,1,1,1,1,1
3,772,0,0,0,0,0,0,0
3,773,2,0,2,2,2,2,2
3,774,0,0,0,0,0,0,0
3,775,2,0,0,0,0,0,2
3,776,0,0,0,0,0,0,0
3,777,2,0,2,2,2,2,2
3,778,2,0,2,2,2,2,2
3,779,0,0,2,1,2,2,1
3,780,2,0,2,2,2,2,2
3,781,0,0,0,0,0,0,0
3,782,1,0,1,1,1,1,1
3,783,0,0,0,0,0,0,0
3,784,0,0,2,2,2,2,2
3,785,2,0,2,2,2,2,2
3,786,1,0,1,1,1,1,1
3,787,0,0,0,0,0,0,2
3,788,1,0,1,1,1,1,1
3,789,2,0,2,2,2,2,2
3,790,2,0,2,2,2,2,2
3,791,2,0,1,1,1,2,0
3,792,2,0,2,2,2,2,2
3,793,1,0,1,1,1,1,1
3,794,0,0,2,2,2,2,2
3,795,1,0,1,1,1,1,1
3,796,0,0,0,0,0,0,0
3,797,2,0,2,2,2,2,2
3,798,1,0,1,1,1,1,1
3,799,2,0,2,2,2,2,2
3,800,0,0,0,0,0,0,1
3,801,0,0,2,2,2,0,2
3,802,0,0,0,0,0,0,0
3,803,1,0,1,1,1,1,1
3,804,2,0,2,2,2,2,2
3,806,2,0,2,2,2,2,2
3,807,0,0,0,0,0,0,0
3,808,2,0,2,2,2,2,2
3,809,2,0,1,1,1,1,0
3,810,1,0,1,1,1,1,1
3,811,2,0,0,2,0,2,2
3,812,1,0,1,1,1,1,1
3,813,0,0,0,0,0,0,0
3,814,1,0,1,1,1,1,1
3,815,0,0,2,2,2,2,2
3,816,1,0,1,0,1,1,0
3,817,0,0,0,0,0,0,0
3,818,1,0,1,1,1,1,1
3,819,2,0,2,2,2,2,2
3,820,1,0,1,1,1,1,1
3,821,1,0,2,2,2,2,0
3,822,1,0,1,1,1,1,1
3,823,1,0,1,1,1,1,1
3,824,1,0,1,1,1,1,1
3,825,2,0,2,0,2,2,2
3,826,2,0,2,2,0,0,2
3,827,1,0,1,1,1,1,1
3,828,2,0,0,0,0,0,0
3,829,0,0,0,0,0,0,0
3,830,0,0,0,0,0,0,0
3,831,1,0,1,1,1,1,1
3,832,2,0,0,0,0,0,2
3,833,0,0,0,0,0,0,0
3,834,2,0,2,2,2,2,2
3,835,1,0,1,1,1,1,1
3,836,2,0,2,2,2,2,2
3,837,1,0,1,1,1,1,1
3,838,0,0,0,0,0,0,0
3,839,1,0,1,1,1,1,1
3,840,1,0,1,1,1,1,1
3,841,2,0,2,2,2,2,2
3,842,1,0,0,1,0,0,2
3,843,0,0,0,0,0,0,0
3,844,2,0,2,2,2,2,2
3,845,2,0,2,2,2,2,2
3,846,0,0,0,0,0,0,0
3,847,2,0,2,2,2,2,2
3,848,0,0,0,2,2,0,2
3,849,0,0,0,0,0,0,0
3,850,1,0,1,1,1,1,1
3,851,1,0,1,1,1,1,1
3,852,2,0,2,2,2,2,2
3,853,1,0,2,1,1,1,0
3,854,0,0,0,0,0,0,0
3,855,2,0,0,0,0,0,2
3,856,1,0,1,1,1,1,1
3,857,2,0,2,2,2,2,1
3,858,0,0,1,1,1,1,0
3,859,2,0,0,0,0,1,2
3,860,1,0,1,1,1,1,1
3,861,2,0,1,1,1,1,0
3,862,2,0,2,2,2,2,2
3,863,0,0,0,0,0,0,0
3,864,1,0,1,1,1,1,1
3,865,0,0,1,0,2,2,0
3,866,2,0,2,2,2,2,2
3,867,1,0,1,1,1,1,1
3,868,0,0,0,0,0,0,0
3,869,1,0,1,1,1,1,1
3,870,1,0,1,1,1,1,1
3,871,1,0,1,1,1,1,1
3,872,1,0,1,1,1,1,1
3,873,0,0,0,0,0,0,0
3,874,0,0,0,0,0,0,0
3,875,1,0,1,1,1,1,1
3,876,1,0,1,1,1,1,1
3,877,0,0,0,0,0,0,0
3,878,1,0,1,1,1,1,1
3,879,0,0,0,0,0,0,0
3,880,1,0,1,1,1,1,1
3,881,1,0,1,1,1,1,1
3,882,0,0,0,0,0,0,0
3,883,0,0,0,0,0,0,0
3,884,1,0,1,0,1,1,0
3,885,2,0,2,2,2,2,2
3,886,0,0,0,0,0,0,0
3,887,2,0,0,2,2,0,2
3,888,1,0,1,1,1,1,1
3,890,2,0,2,2,2,2,2
3,891,2,0,2,2,2,2,2
3,892,2,0,2,2,2,2,2
3,893,1,0,1,1,1,1,1
3,894,2,0,2,2,2,2,2
3,895,2,0,2,2,2,2,2
3,896,1,0,1,1,1,1,1
3,897,0,0,1,1,1,1,1
3,898,0,0,2,2,2,2,2
3,899,0,0,0,0,0,0,0
3,900,0,0,0,0,0,0,0
3,901,0,0,0,0,0,0,0
3,902,1,0,1,0,1,1,2
3,903,0,0,0,0,0,0,0
3,904,2,0,2,2,2,2,2
3,905,0,0,0,0,0,0,0
3,906,1,0,1,1,1,1,1
3,907,0,0,0,0,0,0,0
3,908,2,0,2,2,2,2,2
3,909,2,0,2,2,2,2,2
3,910,0,0,0,0,0,0,0
3,911,0,0,0,0,0,0,0
3,912,0,0,0,0,0,0,0
3,913,1,0,1,1,1,1,1
3,914,1,0,1,1,1,1,1
3,915,2,0,2,2,2,2,2
3,916,0,0,0,0,0,0,0
3,917,1,0,0,0,0,0,1
3,918,1,0,1,1,1,1,1
3,919,2,0,1,1,1,2,0
3,920,1,0,1,1,1,1,1
3,921,1,0,1,1,1,1,1
3,922,2,0,2,2,2,2,2
3,923,0,0,0,0,0,0,0
3,924,2,0,2,2,2,2,2
3,925,1,0,1,1,1,1,1
3,926,1,0,1,1,1,1,1
3,927,1,0,1,1,1,1,1
3,928,2,0,2,2,2,2,2
3,929,1,0,1,1,1,1,1
3,930,0,0,0,0,0,0,0
3,931,2,0,2,2,2,2,2
3,932,2,0,2,2,2,2,2
3,933,2,0,2,2,2,2,2
3,934,1,0,1,1,1,1,1
3,935,0,0,0,0,0,0,0
3,936,0,0,0,0,0,0,0
3,937,2,0,2,2,2,2,2
3,938,1,0,1,1,1,1,1
3,939,2,0,2,2,2,2,2
3,940,1,0,1,1,1,1,1
3,941,0,0,0,0,0,0,0
3,942,1,0,1,1,1,1,1
3,943,2,0,2,2,2,2,2
3,944,2,0,2,2,2,2,2
3,945,2,0,2,2,2,2,2
3,946,2,0,2,2,2,0,2
3,947,2,0,2,2,2,2,2
3,948,2,0,2,2,2,2,2
3,949,2,0,2,2,2,2,2
3,950,1,0,1,1,1,1,1
3,951,2,0,2,2,2,2,2
3,952,2,0,2,2,2,2,2
3,953,2,0,2,2,2,2,2
3,954,0,0,0,0,0,0,0
3,955,1,0,1,1,1,1,1
3,956,2,0,2,2,2,2,2
3,957,2,0,2,2,2,2,2
3,958,0,0,0,0,0,0,0
3,959,0,0,0,0,0,0,0
3,960,2,0,2,2,2,2,2
3,961,2,0,2,2,2,2,2
3,962,0,0,0,0,0,0,0
3,963,2,0,2,2,2,2,2
3,964,0,0,0,0,0,0,0
3,965,1,0,1,1,1,1,1
3,966,2,0,2,2,2,2,2
3,967,1,0,1,1,1,1,1
3,968,0,0,0,0,0,0,0
3,969,1,0,1,1,1,1,1
3,970,1,0,1,1,1,1,1
3,971,2,0,2,2,2,2,2
3,972,0,0,0,0,0,0,0
3,973,2,0,2,2,2,2,2
3,974,0,0,0,0,0,0,0
3,975,2,0,2,2,2,2,2
3,976,0,0,0,0,0,0,0
3,977,1,0,1,1,1,1,1
3,978,2,0,1,1,1,1,1
3,979,2,0,2,2,2,2,2
3,980,0,0,0,0,0,0,0
3,981,1,0,1,1,1,1,1
3,982,2,0,2,2,2,2,2
3,983,2,0,2,2,2,2,2
3,984,0,0,0,0,1,2,0
3,985,2,0,2,2,2,2,2
3,986,2,0,2,2,2,2,2
3,987,0,0,0,0,0,0,0
3,988,2,0,2,2,2,2,2
3,989,0,0,0,0,0,0,2
3,990,1,0,1,1,1,1,1
3,991,1,0,1,1,1,1,1
3,992,2,0,2,2,2,2,1
3,993,2,0,2,2,2,2,2
3,994,0,0,0,0,0,0,0
3,995,1,0,1,1,1,1,1
3,996,2,0,2,2,2,2,2
3,997,0,0,0,0,0,0,0
3,998,0,0,0,0,0,0,0
3,999,0,0,0,0,0,0,0
3,1000,1,0,1,1,1,1,1
3,1001,1,0,1,1,1,1,1
3,1002,1,0,2,2,2,2,2
3,1003,1,0,2,2,2,2,2
3,1004,0,0,0,0,0,0,0
3,1005,1,0,2,2,2,2,2
3,1006,1,0,1,1,1,1,1
3,1007,0,0,0,0,0,0,0
3,1008,1,0,1,1,1,1,1
3,1009,2,0,2,2,2,2,2
3,1010,1,0,1,1,1,1,1
3,1011,2,0,2,2,2,2,2
3,1012,0,0,0,0,0,0,0
3,1013,0,0,2,0,2,2,2
3,1014,0,0,0,0,2,2,0
3,1015,1,0,1,1,1,1,1
3,1016,0,0,0,0,0,0,0
3,1017,0,0,0,0,0,0,0
3,1018,0,0,0,0,0,0,0
3,1019,2,0,2,2,2,2,2
3,1020,0,0,0,0,0,0,0
3,1021,2,0,2,2,1,2,1
3,1022,2,0,2,2,2,2,2
3,1023,0,0,0,0,0,0,1
3,1024,0,0,0,0,0,0,0
3,1025,2,0,2,2,2,2,2
3,1026,1,0,0,0,0,2,0
3,1027,1,0,1,1,1,1,1
3,1028,2,0,2,2,2,2,2
3,1029,2,0,2,2,2,2,2
3,1030,0,0,0,0,0,0,0
3,1031,1,0,1,1,1,1,1
3,1032,2,0,2,2,2,2,2
3,1033,0,0,0,0,0,0,0
3,1034,2,0,2,2,2,2,2
3,1035,0,0,0,0,2,0,2
3,1036,0,0,0,0,0,0,0
3,1037,1,0,2,2,2,2,2
3,1038,1,0,1,1,1,1,1
3,1039,2,0,2,2,2,2,2
3,1040,2,0,0,0,1,2,2
3,1041,2,0,2,2,2,2,2
3,1042,0,0,0,2,0,0,1
3,1043,1,0,1,1,1,1,1
3,1044,2,0,2,2,2,2,2
3,1045,1,0,1,1,1,1,1
3,1046,1,0,1,1,1,1,1
3,1047,2,0,1,0,1,1,1
3,1048,0,0,2,2,2,2,2
3,1049,0,0,0,0,0,0,0
3,1050,0,0,0,0,0,0,0
3,1051,0,0,0,0,0,0,0
3,1052,2,0,1,0,1,1,2
3,1053,1,0,1,2,0,0,2
3,1054,2,0,2,2,2,2,2
3,1055,0,0,2,2,2,2,1
3,1056,0,0,0,0,0,0,0
3,1057,1,0,1,1,1,1,1
3,1058,1,0,1,1,1,1,1
3,1059,2,0,2,2,2,2,2
3,1060,2,0,2,2,2,2,2
3,1061,0,0,0,0,0,0,0
3,1062,0,0,0,0,0,0,0
3,1063,0,0,0,0,0,0,0
3,1064,2,0,2,2,2,2,2
3,1065,2,0,1,1,1,1,2
3,1066,2,0,2,2,2,2,2
3,1067,1,0,1,1,1,1,1
3,1068,0,0,0,0,0,0,0
3,1069,1,0,1,1,1,1,1
3,1070,2,0,2,2,2,2,2
3,1071,2,0,2,2,2,2,2
3,1072,2,0,2,2,2,2,2
3,1073,0,0,1,1,2,1,0
3,1074,1,0,1,1,1,1,1
3,1075,1,0,1,1,1,1,1
3,1076,2,0,2,2,2,2,2
3,1077,0,0,0,0,0,0,0
3,1078,0,0,0,0,0,0,0
3,1079,2,0,2,2,2,2,1
3,1080,2,0,0,0,0,0,2
3,1081,2,0,2,2,2,2,2
3,1082,1,0,1,1,1,1,1
3,1083,2,0,2,2,2,2,2
3,1084,2,0,2,2,2,2,2
3,1085,2,0,2,2,2,2,2
3,1086,0,0,2,2,2,2,2
3,1087,0,0,0,0,0,0,0
3,1088,2,0,2,2,2,2,2
3,1089,0,0,1,1,0,0,1
3,1090,0,0,2,2,2,0,2
3,1091,2,0,2,2,2,2,2
3,1092,1,0,1,1,1,1,1
3,1093,0,0,0,0,0,0,0
3,1094,2,0,1,2,2,1,0
3,1095,1,0,1,1,1,1,1
3,1096,2,0,0,0,0,0,2
3,1097,0,0,0,0,0,0,0
3,1098,2,0,2,2,2,2,2
3,1099,2,0,2,2,2,2,1
4,0,1,0,1,1,1,1,1
4,1,2,0,2,2,2,2,2
4,2,1,0,1,1,1,1,1
4,3,2,0,2,2,2,2,2
4,4,1,0,0,0,0,0,2
4,5,2,0,2,2,2,2,2
4,6,0,0,0,0,0,0,0
4,7,2,0,2,2,2,2,2
4,8,1,0,1,1,1,1,1
4,9,1,0,2,2,2,2,2
4,10,2,0,2,2,2,2,2
4,11,2,0,2,2,2,2,2
4,12,0,0,0,0,0,0,0
4,13,2,0,0,2,0,1,1
4,14,0,0,0,0,0,0,0
4,15,1,0,1,1,1,1,1
4,16,0,0,0,0,0,0,0
4,17,0,0,0,0,0,0,0
4,18,1,0,1,1,1,1,1
4,19,2,0,2,2,2,2,2
4,20,0,0,0,0,0,0,0
4,21,2,0,2,2,2,2,2
4,22,0,0,0,0,0,0,0
4,23,2,0,2,2,2,2,2
4,24,1,0,1,1,1,1,1
4,25,0,0,0,0,0,0,0
4,26,2,0,2,2,2,2,2
4,27,0,0,0,0,0,0,0
4,28,1,0,1,1,1,1,1
4,29,2,0,2,2,2,2,2
4,30,0,0,0,0,0,0,0
4,31,1,0,0,0,0,0,2
4,32,2,0,2,2,2,2,2
4,33,1,0,1,1,1,1,1
4,34,0,0,0,0,0,0,0
4,35,1,0,1,1,1,1,1
4,36,1,0,1,1,1,1,1
4,37,0,0,0,0,0,0,0
4,38,2,0,2,2,2,2,2
4,39,0,0,0,0,0,0,0
4,40,0,0,0,0,0,0,0
4,41,0,0,0,0,0,0,0
4,42,0,0,0,0,0,0,0
4,43,2,0,2,2,2,2,2
4,44,2,0,2,2,2,2,2
4,45,0,0,0,0,0,0,0
4,46,2,0,2,2,2,2,2
4,47,0,0,0,0,0,0,0
4,48,1,0,1,1,1,1,1
4,49,0,0,0,0,0,0,0
4,50,0,0,0,0,0,0,0
4,51,1,0,1,1,1,1,1
4,52,0,0,0,0,0,0,0
4,53,2,0,2,2,2,2,2
4,54,1,0,1,1,1,1,1
4,55,1,0,1,1,1,1,1
4,56,1,0,1,1,1,1,1
4,57,0,0,0,0,0,0,0
4,58,0,0,0,0,0,0,0
4,59,0,0,0,0,0,0,0
4,60,0,0,0,0,0,0,0
4,61,1,0,0,0,0,0,2
4,62,0,0,0,0,0,0,0
4,63,1,0,1,1,1,1,1
4,64,0,0,2,2,2,1,2
4,65,0,0,0,0,0,0,0
4,66,2,0,2,2,2,2,2
4,67,1,0,1,1,1,1,1
4,68,1,0,1,1,1,1,1
4,69,1,0,0,0,0,0,0
4,70,0,0,0,0,0,0,0
4,71,2,0,2,2,2,2,2
4,72,0,0,0,0,0,0,0
4,73,0,0,0,0,0,0,0
4,74,2,0,2,2,2,2,2
4,75,2,0,2,2,2,2,2
4,76,2,0,2,2,2,2,2
4,77,0,0,0,0,0,0,0
4,78,1,0,1,1,1,1,1
4,79,2,0,2,2,2,2,2
4,80,0,0,0,0,0,0,0
4,81,1,0,1,1,1,1,1
4,82,2,0,2,2,2,2,2
4,83,0,0,0,0,0,0,0
4,84,1,0,1,1,1,1,1
4,85,1,0,1,1,1,1,1
4,86,1,0,1,1,1,1,1
4,87,2,0,2,2,2,2,2
4,88,1,0,1,1,1,1,1
4,89,2,0,2,2,2,2,2
4,90,1,0,1,1,1,1,1
4,91,2,0,2,2,2,2,2
4,92,2,0,2,2,2,2,2
4,93,2,0,0,0,0,0,2
4,94,0,0,2,2,2,1,2
4,95,1,0,1,1,1,1,2
4,96,2,0,2,2,2,2,2
4,97,2,0,2,2,2,2,2
4,98,0,0,0,0,0,0,0
4,99,1,0,1,1,1,1,1
4,100,1,0,1,0,0,1,2
4,101,1,0,0,0,0,0,1
4,102,1,0,1,1,1,1,1
4,103,1,0,1,1,1,1,1
4,104,0,0,0,0,0,0,0
4,105,0,0,0,0,0,0,0
4,106,2,0,2,2,2,2,2
4,107,0,0,0,0,0,0,0
4,108,2,0,2,2,2,2,2
4,109,2,0,2,2,2,2,2
4,110,0,0,0,0,0,0,0
4,111,2,0,2,2,2,2,2
4,112,0,0,0,0,0,0,0
4,113,1,0,1,1,1,1,1
4,114,2,0,0,2,0,0,1
4,115,2,0,2,2,2,2,2
4,116,1,0,1,1,1,1,1
4,117,2,0,2,2,2,2,2
4,118,2,0,2,2,2,2,2
4,119,1,0,1,1,1,1,1
4,120,0,0,0,0,0,0,0
4,121,2,0,2,2,2,2,2
4,122,0,0,0,0,0,0,0
4,123,1,0,1,1,1,1,1
4,124,1,0,1,1,1,1,1
4,125,0,0,0,0,1,0,0
4,126,1,0,1,1,1,1,1
4,127,0,0,0,0,0,0,0
4,128,2,0,2,2,2,2,1
4,129,1,0,1,1,1,1,1
4,130,0,0,0,0,0,0,0
4,131,1,0,1,1,1,1,1
4,132,0,0,2,2,2,2,1
4,133,1,0,1,1,1,1,1
4,134,1,0,1,1,1,1,1
4,135,0,0,0,0,2,2,2
4,136,0,0,0,0,0,0,0
4,137,2,0,2,2,2,2,2
4,138,0,0,0,0,0,0,0
4,139,1,0,1,1,1,1,1
4,140,2,0,1,2,1,2,1
4,141,0,0,1,2,0,1,2
4,142,1,0,1,1,1,1,1
4,143,0,0,0,0,0,0,0
4,144,2,0,2,1,2,0,2
4,145,0,0,0,0,0,0,0
4,146,1,0,1,1,1,1,1
4,147,2,0,2,2,2,2,2
4,148,1,0,1,1,1,1,1
4,149,2,0,2,2,2,2,2
4,150,0,0,0,0,0,0,0
4,151,1,0,1,1,1,1,1
4,152,1,0,1,1,1,1,1
4,153,2,0,2,2,2,2,2
4,154,2,0,2,2,2,2,2
4,155,1,0,1,1,1,1,1
4,156,0,0,0,0,0,0,0
4,157,1,0,1,1,1,1,1
4,158,0,0,0,0,0,0,0
4,159,0,0,0,0,0,0,0
4,160,1,0,1,1,1,1,1
4,161,1,0,2,2,2,2,2
4,162,2,0,2,2,2,2,2
4,163,1,0,1,1,1,1,1
4,164,0,0,0,0,0,0,0
4,165,2,0,2,2,2,2,2
4,166,1,0,1,1,1,1,1
4,167,0,0,0,0,0,0,0
4,168,1,0,1,1,1,1,1
4,169,1,0,1,1,1,1,1
4,170,0,0,0,0,0,0,0
4,171,2,0,0,0,0,0,2
4,172,1,0,1,1,1,1,1
4,173,0,0,0,0,0,0,0
4,174,0,0,0,0,0,0,0
4,175,2,0,2,2,2,2,2
4,176,2,0,2,2,2,2,2
4,177,2,0,2,2,2,2,2
4,178,1,0,1,0,1,1,0
4,179,0,0,0,0,0,0,0
4,180,0,0,0,0,0,0,0
4,181,2,0,2,2,2,2,2
4,182,1,0,1,1,1,1,1
4,183,0,0,0,0,0,0,0
4,184,2,0,2,0,2,1,1
4,185,2,0,2,2,2,2,2
4,186,1,0,1,1,1,1,1
4,187,0,0,0,0,0,0,0
4,188,1,0,1,1,1,1,1
4,189,2,0,2,2,2,2,2
4,190,1,0,0,0,0,0,2
4,191,1,0,1,1,1,1,1
4,192,2,0,2,2,2,2,2
4,193,1,0,1,1,1,1,1
4,194,2,0,0,2,1,0,2
4,195,2,0,2,2,2,2,2
4,196,2,0,2,2,2,2,2
4,197,0,0,0,0,0,0,0
4,198,1,0,1,1,1,1,1
4,199,0,0,2,0,2,2,0
4,200,2,0,2,2,2,2,2
4,201,2,0,2,2,2,2,2
4,202,2,0,2,2,2,2,2
4,203,1,0,1,1,1,1,1
4,204,0,0,0,2,2,0,2
4,205,2,0,2,2,2,2,2
4,206,2,0,2,2,2,2,2
4,207,2,0,2,2,2,2,2
4,208,2,0,2,2,2,2,2
4,209,2,0,2,0,0,2,0
4,210,1,0,1,1,1,1,1
4,211,0,0,2,2,2,2,2
4,212,0,0,0,0,0,0,0
4,213,1,0,1,1,1,1,1
4,214,0,0,0,0,0,0,0
4,215,2,0,2,2,2,2,2
4,216,1,0,1,1,1,1,1
4,217,1,0,1,1,1,1,1
4,218,0,0,0,0,0,0,0
4,219,0,0,2,2,2,2,2
4,220,1,0,0,0,0,0,2
4,221,1,0,1,1,1,1,1
4,222,1,0,1,1,1,1,1
4,223,2,0,2,2,2,2,2
4,224,0,0,0,0,0,0,0
4,225,1,0,1,1,1,1,1
4,226,2,0,2,2,2,2,2
4,227,1,0,1,1,1,1,1
4,228,1,0,1,1,1,1,1
4,229,1,0,1,1,1,1,1
4,230,0,0,0,0,0,0,0
4,231,0,0,0,0,0,0,0
4,232,0,0,0,0,0,0,0
4,233,1,0,1,1,1,1,1
4,234,2,0,2,2,2,2,2
4,235,2,0,2,2,2,2,2
4,236,2,0,2,2,2,2,2
4,237,1,0,1,1,1,1,1
4,238,1,0,1,1,1,1,1
4,239,0,0,0,0,0,0,0
4,240,1,0,1,1,1,1,1
4,241,1,0,0,2,2,0,2
4,242,1,0,1,1,1,1,1
4,243,1,0,1,1,1,1,1
4,244,0,0,0,0,0,0,0
4,245,0,0,0,0,0,0,0
4,246,0,0,0,0,0,0,0
4,247,2,0,2,2,2,2,2
4,248,2,0,2,2,2,2,2
4,249,0,0,0,0,0,0,0
4,250,2,0,2,2,2,2,2
4,251,1,0,1,1,1,1,1
4,252,0,0,0,0,2,0,2
4,253,1,0,1,1,1,1,1
4,254,0,0,0,0,0,0,0
4,255,1,0,2,0,0,2,2
4,256,0,0,0,0,0,0,0
4,257,0,0,0,0,0,0,0
4,258,1,0,1,1,1,1,1
4,259,1,0,1,0,2,1,2
4,260,0,0,0,0,0,0,0
4,261,1,0,1,1,1,1,1
4,262,0,0,0,0,0,0,0
4,263,1,0,1,1,1,1,1
4,264,1,0,1,1,1,1,1
4,265,1,0,1,1,1,1,1
4,266,1,0,1,1,1,1,1
4,267,2,0,2,2,2,2,2
4,268,0,0,0,0,0,0,0
4,269,0,0,0,0,0,0,0
4,270,1,0,1,1,1,1,1
4,271,0,0,0,0,0,0,0
4,272,2,0,2,2,2,2,2
4,273,2,0,2,2,2,2,2
4,274,0,0,0,0,0,0,0
4,275,0,0,1,1,1,1,1
4,276,2,0,2,2,2,2,2
4,277,2,0,2,2,2,2,2
4,278,1,0,2,2,2,2,2
4,279,1,0,1,1,1,1,1
4,280,2,0,2,2,2,2,2
4,281,0,0,0,0,0,0,0
4,282,2,0,2,2,2,2,2
4,283,2,0,2,2,2,2,2
4,284,2,0,2,2,2,0,1
4,285,2,0,2,2,0,2,0
4,286,2,0,1,0,0,1,2
4,287,0,0,0,0,0,0,0
4,288,2,0,2,2,2,2,2
4,289,2,0,2,2,2,2,2
4,290,0,0,2,2,2,2,2
4,291,0,0,0,0,0,0,0
4,292,0,0,0,0,0,0,0
4,293,0,0,2,1,2,2,2
4,294,2,0,2,2,2,2,2
4,295,1,0,2,2,0,2,2
4,296,0,0,1,1,1,1,2
4,297,1,0,1,1,1,1,1
4,298,1,0,1,1,1,1,1
4,299,1,0,2,2,2,2,2
4,300,0,0,0,0,0,0,0
4,301,1,0,1,1,1,1,1
4,302,0,0,0,2,2,2,2
4,303,2,0,2,2,2,2,2
4,304,0,0,0,0,0,0,0
4,305,1,0,0,0,0,0,0
4,306,0,0,0,0,0,0,0
4,307,1,0,1,1,1,1,1
4,308,2,0,2,2,2,2,2
4,309,1,0,1,1,1,1,1
4,310,0,0,0,0,0,0,0
4,311,1,0,1,1,1,1,1
4,312,0,0,0,0,2,0,2
4,313,1,0,2,2,2,2,2
4,314,0,0,0,0,0,0,0
4,315,0,0,0,0,0,0,0
4,316,2,0,2,2,2,2,2
4,317,0,0,0,0,0,0,0
4,318,0,0,0,0,0,0,0
4,319,1,0,1,1,1,1,1
4,320,0,0,2,2,2,0,2
4,321,0,0,0,0,0,0,0
4,322,2,0,2,2,2,2,2
4,323,2,0,2,2,2,2,2
4,324,1,0,0,0,0,0,2
4,325,1,0,1,1,1,1,1
4,326,0,0,0,0,0,0,0
4,327,0,0,0,0,0,0,0
4,328,2,0,2,2,2,2,2
4,329,1,0,1,1,1,1,1
4,330,1,0,1,1,1,1,1
4,331,0,0,0,0,0,0,0
4,332,0,0,0,0,0,0,0
4,333,0,0,0,0,0,0,0
4,334,1,0,1,1,1,1,1
4,335,0,0,0,0,0,0,0
4,336,1,0,1,1,1,1,1
4,337,0,0,2,0,2,0,2
4,338,0,0,0,0,0,0,0
4,339,1,0,1,0,1,1,2
4,340,2,0,2,2,2,2,2
4,341,1,0,1,1,1,1,1
4,342,2,0,2,2,2,2,2
4,343,2,0,2,2,2,2,2
4,344,2,0,2,2,2,2,2
4,345,2,0,2,2,2,2,2
4,346,2,0,2,2,2,2,2
4,347,2,0,2,2,2,2,2
4,348,2,0,2,2,2,2,2
4,349,2,0,2,2,2,2,2
4,350,1,0,1,1,1,1,1
4,351,1,0,1,1,1,1,1
4,352,1,0,1,1,1,1,1
4,353,2,0,2,2,2,2,2
4,354,2,0,2,2,2,2,2
4,355,2,0,2,2,2,2,2
4,356,0,0,0,0,0,0,0
4,357,1,0,1,1,1,1,1
4,358,0,0,0,0,0,0,0
4,359,0,0,0,0,0,0,0
4,360,0,0,0,0,0,0,2
4,361,1,0,1,1,1,1,1
4,362,1,0,1,1,1,1,1
4,363,0,0,0,0,0,0,0
4,364,1,0,1,1,1,1,1
4,365,0,0,0,0,0,0,0
4,366,0,0,0,2,2,2,2
4,367,0,0,0,0,0,0,0
4,368,0,0,0,0,0,0,0
4,369,0,0,0,0,0,0,0
4,370,0,0,0,0,0,0,0
4,371,2,0,2,2,2,2,2
4,372,2,0,0,0,2,0,0
4,373,1,0,1,1,1,1,1
4,374,2,0,2,2,2,2,2
4,375,2,0,2,2,2,2,2
4,376,1,0,1,1,1,1,1
4,377,0,0,0,0,0,0,0
4,378,2,0,2,2,2,2,2
4,379,1,0,2,2,2,2,2
4,380,1,0,1,1,1,1,1
4,381,0,0,0,0,0,0,0
4,382,2,0,2,2,2,2,2
4,383,1,0,1,1,1,1,1
4,384,0,0,2,2,2,2,2
4,385,2,0,2,2,2,2,2
4,386,1,0,1,1,1,1,1
4,387,1,0,1,1,1,1,1
4,388,2,0,2,2,2,2,2
4,389,0,0,0,0,0,0,0
4,390,1,0,1,1,1,1,1
4,391,2,0,2,2,2,2,2
4,392,1,0,1,1,1,1,1
4,393,2,0,2,2,2,2,2
4,394,2,0,2,2,2,2,2
4,395,0,0,0,0,0,0,0
4,396,2,0,2,2,2,2,2
4,397,0,0,0,0,0,0,0
4,398,2,0,2,2,2,2,2
4,399,2,0,2,2,2,2,2
4,400,2,0,2,2,2,2,2
4,401,2,0,2,2,2,2,2
4,402,0,0,0,0,0,0,0
4,403,2,0,2,2,2,2,2
4,404,1,0,2,2,2,2,0
4,405,0,0,2,2,2,2,2
4,406,2,0,2,2,2,2,2
4,407,0,0,0,0,0,0,0
4,408,0,0,0,2,0,0,2
4,409,1,0,1,1,1,1,1
4,410,1,0,1,1,1,1,1
4,411,2,0,0,0,0,0,2
4,412,1,0,1,1,1,1,1
4,413,1,0,1,1,1,1,1
4,414,1,0,1,1,1,1,1
4,415,2,0,2,2,2,2,2
4,416,2,0,2,2,2,2,2
4,417,2,0,2,2,2,2,2
4,418,0,0,0,0,0,0,0
4,419,0,0,0,0,0,0,0
4,420,2,0,0,0,0,2,2
4,421,0,0,0,0,0,0,0
4,422,1,0,1,1,1,0,2
4,423,2,0,2,2,2,2,2
4,424,1,0,1,1,1,1,1
4,425,0,0,0,0,0,0,0
4,426,2,0,2,2,2,2,2
4,427,1,0,1,1,1,1,1
4,428,0,0,0,0,0,0,0
4,429,2,0,2,2,2,2,2
4,430,2,0,2,2,2,0,2
4,431,1,0,1,1,1,1,1
4,432,0,0,0,0,0,0,0
4,433,0,0,0,0,0,0,0
4,434,0,0,0,0,0,0,0
4,435,1,0,1,1,1,1,1
4,436,0,0,0,0,0,0,0
4,437,1,0,1,1,1,1,2
4,438,1,0,0,2,0,2,2
4,439,0,0,0,0,0,0,0
4,440,0,0,0,0,0,0,0
4,441,1,0,0,0,0,0,2
4,442,0,0,0,0,0,0,0
4,443,2,0,2,2,2,2,2
4,444,1,0,1,1,1,1,1
4,445,2,0,2,2,2,2,2
4,446,2,0,2,2,2,2,2
4,447,2,0,2,2,2,2,2
4,448,2,0,2,2,2,2,2
4,449,0,0,0,0,0,0,2
4,450,2,0,2,2,2,2,2
4,451,0,0,0,0,0,0,0
4,452,1,0,2,0,2,2,2
4,453,2,0,2,2,2,2,2
4,454,0,0,0,0,0,0,2
4,455,0,0,2,2,2,0,1
4,456,0,0,0,0,0,0,0
4,457,1,0,2,0,2,0,2
4,458,1,0,1,1,1,1,1
4,459,1,0,2,0,2,2,2
4,460,2,0,2,2,2,2,2
4,461,2,0,2,2,2,2,2
4,462,1,0,1,1,1,1,1
4,463,1,0,1,1,1,1,1
4,464,2,0,2,2,2,2,2
4,465,0,0,0,0,0,0,0
4,466,2,0,2,2,2,2,2
4,467,2,0,2,2,2,2,2
4,468,2,0,0,0,0,0,2
4,469,2,0,2,2,2,2,2
4,470,2,0,2,2,2,2,2
4,471,1,0,1,1,1,1,1
4,472,0,0,0,0,0,0,0
4,473,0,0,0,0,0,0,0
4,474,1,0,1,0,1,1,0
4,475,0,0,0,1,0,0,2
4,476,1,0,2,0,0,2,2
4,477,2,0,2,2,2,2,2
4,478,1,0,1,1,1,1,1
4,479,0,0,0,0,0,0,0
4,480,2,0,2,2,2,2,2
4,481,1,0,0,0,0,2,2
4,482,1,0,1,0,1,1,2
4,483,2,0,2,2,2,2,2
4,484,2,0,2,2,2,2,2
4,485,2,0,2,2,2,2,2
4,486,0,0,0,0,0,0,0
4,487,0,0,2,2,2,0,2
4,488,1,0,0,0,0,1,2
4,489,1,0,1,1,1,1,1
4,490,2,0,2,2,2,2,2
4,491,2,0,2,2,2,2,2
4,492,1,0,1,1,1,1,1
4,493,1,0,2,2,2,2,2
4,494,0,0,2,2,2,2,2
4,495,1,0,1,1,1,1,1
4,496,0,0,2,2,2,2,2
4,497,0,0,0,0,0,0,0
4,498,1,0,1,1,1,1,1
4,499,2,0,2,2,2,2,2
4,500,0,0,0,0,0,0,0
4,501,2,0,2,2,2,2,2
4,502,0,0,0,0,0,0,0
4,503,1,0,2,2,2,2,2
4,504,2,0,2,2,2,2,2
4,505,0,0,0,0,0,0,0
4,506,1,0,1,1,1,1,1
4,507,1,0,1,1,1,1,1
4,508,2,0,2,2,2,2,2
4,509,2,0,1,1,1,1,1
4,510,0,0,0,0,0,0,0
4,511,2,0,0,0,0,0,2
4,512,0,0,0,0,0,0,0
4,513,2,0,2,2,2,2,2
4,514,1,0,1,1,1,1,1
4,515,1,0,1,1,1,1,1
4,516,0,0,1,1,0,1,0
4,517,0,0,0,0,0,0,0
4,518,2,0,2,2,2,2,2
4,519,1,0,1,1,1,1,1
4,520,1,0,0,0,0,0,2
4,521,0,0,1,0,1,1,1
4,522,1,0,1,1,1,1,1
4,523,2,0,2,2,2,2,2
4,524,1,0,1,1,1,1,1
4,525,1,0,1,1,1,1,1
4,526,0,0,0,0,0,0,0
4,527,2,0,2,2,2,2,2
4,528,1,0,1,1,1,1,1
4,529,0,0,0,0,0,0,0
4,530,0,0,0,0,0,0,0
4,531,1,0,1,1,1,1,1
4,532,1,0,1,1,1,1,1
4,533,0,0,0,0,0,0,0
4,534,0,0,0,0,0,1,2
4,535,2,0,2,2,2,2,2
4,536,1,0,1,1,1,1,1
4,537,2,0,2,2,2,2,2
4,538,2,0,2,2,2,2,2
4,539,2,0,2,2,2,2,2
4,540,2,0,2,2,2,2,2
4,541,0,0,0,0,0,0,0
4,542,2,0,2,2,2,2,2
4,543,0,0,0,0,0,0,0
4,544,0,0,0,0,0,0,0
4,545,2,0,1,2,2,2,2
4,546,1,0,1,1,1,1,1
4,547,0,0,0,0,0,0,0
4,548,1,0,1,1,1,1,1
4,549,1,0,1,1,1,1,1
4,550,0,0,0,0,0,0,0
4,551,1,0,1,1,1,1,1
4,552,0,0,0,0,0,0,0
4,553,1,0,1,1,1,1,1
4,554,0,0,0,0,0,0,2
4,555,0,0,0,0,0,0,0
4,556,0,0,0,0,0,0,0
4,557,2,0,2,2,2,2,2
4,558,0,0,0,0,0,0,2
4,559,0,0,0,0,0,0,0
4,560,1,0,1,1,1,1,1
4,561,1,0,1,1,1,1,1
4,562,2,0,2,2,2,2,2
4,563,2,0,2,2,2,2,2
4,564,1,0,1,1,1,1,1
4,565,1,0,1,1,1,1,1
4,566,0,0,0,0,0,0,0
4,567,2,0,2,2,2,2,2
4,568,0,0,0,0,0,0,0
4,569,1,0,1,1,1,1,1
4,570,1,0,1,1,1,1,1
4,571,2,0,0,2,0,0,0
4,572,2,0,2,2,2,2,2
4,573,0,0,0,0,0,0,0
4,574,0,0,0,0,0,0,2
4,575,1,0,1,1,1,1,1
4,576,0,0,0,0,0,0,0
4,577,0,0,2,2,2,2,2
4,578,1,0,1,1,1,1,1
4,579,0,0,0,0,0,0,0
4,580,2,0,2,2,2,2,2
4,581,0,0,0,0,0,0,0
4,582,0,0,0,0,0,0,0
4,583,0,0,0,0,0,0,2
4,584,0,0,0,0,0,0,0
4,585,1,0,1,1,1,1,1
4,586,0,0,0,0,0,0,0
4,587,2,0,2,2,2,2,2
4,588,0,0,0,0,0,0,0
4,589,2,0,2,2,0,0,2
4,590,1,0,1,1,1,1,1
4,591,2,0,2,2,2,2,2
4,592,2,0,2,2,2,2,2
4,593,2,0,2,2,2,2,2
4,594,1,0,1,1,1,1,1
4,595,1,0,1,1,1,1,1
4,596,2,0,2,2,2,2,2
4,597,1,0,2,2,2,2,2
4,598,1,0,1,1,1,1,1
4,599,0,0,0,0,0,0,0
4,600,0,0,0,0,0,0,0
4,601,2,0,2,2,2,2,2
4,602,2,0,2,2,2,2,2
4,603,1,0,1,1,1,1,1
4,604,0,0,0,0,0,0,0
4,605,0,0,0,0,0,0,0
4,606,2,0,0,1,1,0,1
4,607,0,0,0,2,0,0,2
4,608,1,0,1,1,1,1,1
4,609,0,0,0,0,0,0,0
4,610,1,0,1,1,1,1,1
4,611,1,0,1,1,1,1,1
4,612,1,0,1,1,1,1,1
4,613,0,0,0,0,0,0,0
4,614,0,0,0,0,0,0,0
4,615,1,0,1,1,1,1,1
4,616,2,0,2,2,2,2,2
4,617,1,0,1,1,1,1,1
4,618,1,0,1,1,1,1,1
4,619,1,0,1,1,1,1,1
4,620,1,0,1,1,1,1,1
4,621,0,0,0,0,0,0,0
4,622,1,0,1,1,1,1,1
4,623,1,0,1,1,1,1,1
4,624,0,0,0,0,0,0,0
4,625,1,0,1,1,1,1,1
4,626,1,0,1,1,1,1,1
4,627,1,0,1,1,1,1,1
4,628,0,0,0,0,0,0,0
4,629,1,0,1,1,1,1,1
4,630,0,0,0,0,0,0,0
4,631,2,0,2,2,2,2,2
4,632,0,0,1,1,0,2,2
4,633,2,0,2,2,2,2,2
4,634,1,0,2,2,0,0,2
4,635,2,0,2,2,2,2,2
4,636,1,0,1,1,1,1,1
4,637,1,0,0,0,0,0,2
4,638,0,0,0,0,0,0,0
4,639,1,0,1,1,1,1,1
4,640,0,0,0,0,0,0,0
4,641,2,0,2,2,2,2,2
4,642,2,0,2,2,2,2,2
4,643,0,0,0,0,0,0,0
4,644,2,0,2,2,2,2,2
4,645,1,0,1,1,1,1,1
4,646,0,0,0,0,0,0,0
4,647,0,0,0,0,0,0,0
4,648,0,0,0,2,2,0,0
4,649,1,0,2,0,0,2,2
4,650,0,0,0,0,0,0,0
4,651,0,0,0,0,0,0,0
4,652,0,0,0,0,0,0,0
4,653,0,0,0,0,0,0,0
4,654,0,0,0,0,0,0,0
4,655,1,0,1,1,1,1,1
4,656,2,0,2,2,2,2,2
4,657,0,0,0,0,0,0,0
4,658,1,0,1,1,1,1,1
4,659,1,0,1,1,1,1,1
4,660,1,0,1,1,1,1,1
4,661,2,0,2,2,2,2,2
4,662,2,0,2,2,2,2,2
4,663,0,0,0,0,0,0,0
4,664,0,0,0,0,0,0,0
4,665,1,0,1,1,1,1,1
4,666,1,0,1,1,1,1,1
4,667,0,0,0,0,0,0,0
4,668,0,0,1,1,1,2,2
4,669,0,0,0,0,0,0,2
4,670,1,0,1,1,1,1,1
4,671,0,0,0,0,0,0,0
4,672,0,0,0,0,0,0,0
4,673,1,0,1,1,1,1,1
4,674,1,0,1,1,1,1,1
4,675,2,0,2,2,2,2,0
4,676,1,0,1,1,1,1,1
4,677,2,0,2,2,2,2,2
4,678,0,0,0,2,2,0,2
4,679,1,0,1,1,1,1,1
4,680,2,0,2,2,2,2,2
4,681,0,0,0,0,0,0,0
4,682,1,0,1,1,1,1,1
4,683,0,0,0,0,0,0,0
4,684,1,0,1,1,1,1,1
4,685,0,0,0,0,0,0,0
4,686,2,0,2,2,2,2,2
4,687,2,0,2,2,2,2,2
4,688,0,0,0,0,0,0,0
4,689,2,0,2,2,2,2,2
4,690,2,0,2,2,2,2,2
4,691,2,0,1,1,1,1,2
4,692,1,0,0,0,0,0,2
4,693,0,0,0,0,0,0,0
4,694,0,0,0,0,0,0,0
4,695,0,0,0,0,0,0,0
4,696,1,0,1,1,1,1,1
4,697,0,0,0,0,0,0,0
4,698,2,0,2,2,2,2,2
4,699,2,0,2,2,2,2,2
4,700,2,0,2,2,2,2,2
4,701,0,0,0,0,0,0,0
4,702,0,0,0,0,0,0,0
4,703,1,0,1,1,1,1,1
4,704,0,0,0,0,0,0,0
4,705,0,0,0,0,0,0,0
4,706,2,0,2,2,2,2,2
4,707,0,0,0,0,0,0,0
4,708,2,0,2,2,2,2,2
4,709,2,0,2,2,2,2,2
4,710,2,0,2,0,2,0,2
4,711,2,0,2,2,2,2,2
4,712,1,0,1,1,1,1,1
4,713,2,0,2,2,2,2,2
4,714,2,0,2,2,2,2,2
4,715,2,0,0,0,1,0,2
4,716,2,0,2,2,2,2,2
4,717,2,0,2,2,2,2,2
4,718,1,0,1,1,1,1,1
4,719,1,0,1,1,1,1,1
4,720,2,0,2,2,2,2,2
4,721,2,0,2,2,2,2,2
4,722,2,0,2,2,2,2,2
4,723,0,0,0,0,0,0,0
4,724,1,0,1,1,1,1,1
4,725,1,0,1,1,1,1,1
4,726,2,0,2,2,2,2,2
4,727,2,0,2,2,2,2,2
4,728,2,0,2,2,2,2,2
4,729,0,0,0,0,0,0,0
4,730,0,0,0,0,0,0,0
4,731,0,0,0,0,0,0,0
4,732,2,0,2,2,2,2,2
4,733,1,0,1,1,1,1,1
4,734,1,0,1,1,1,1,1
4,735,0,0,0,0,0,0,0
4,736,2,0,2,2,2,2,2
4,737,2,0,2,2,2,2,2
4,738,2,0,2,2,2,2,2
4,739,1,0,1,1,1,1,1
4,740,1,0,1,1,1,1,1
4,741,0,0,0,0,0,0,0
4,742,1,0,0,0,0,0,1
4,743,2,0,2,2,0,2,2
4,744,0,0,0,0,0,0,0
4,745,0,0,0,2,0,2,2
4,746,1,0,1,1,1,1,1
4,747,2,0,2,2,2,2,2
4,748,1,0,1,1,1,1,1
4,749,0,0,0,0,0,0,0
4,750,2,0,0,0,0,0,2
4,751,0,0,1,1,2,2,2
4,752,1,0,0,0,1,0,2
4,753,0,0,0,0,0,0,0
4,754,2,0,2,2,2,2,2
4,755,2,0,2,2,2,2,2
4,756,1,0,1,1,1,1,1
4,757,2,0,2,2,2,2,2
4,758,0,0,0,0,0,0,0
4,759,1,0,1,1,1,1,1
4,760,0,0,0,0,0,0,0
4,761,1,0,1,1,1,1,1
4,762,2,0,2,2,2,2,2
4,763,1,0,1,1,1,1,1
4,764,1,0,1,1,1,1,1
4,765,1,0,1,1,1,1,1
4,766,0,0,0,0,0,0,0
4,767,2,0,2,2,2,2,2
4,768,2,0,0,0,0,0,2
4,769,2,0,2,2,2,2,2
4,770,0,0,0,0,0,0,0
4,771,1,0,1,1,1,1,1
4,772,0,0,0,0,0,0,0
4,773,2,0,2,2,2,2,2
4,774,0,0,0,0,0,0,0
4,775,2,0,0,1,0,2,2
4,776,0,0,0,0,0,0,0
4,777,2,0,2,2,2,2,2
4,778,2,0,2,2,2,2,2
4,779,0,0,2,1,2,2,2
4,780,2,0,2,2,2,2,2
4,781,0,0,0,0,0,0,0
4,782,1,0,1,1,1,1,1
4,783,0,0,0,0,0,0,0
4,784,0,0,2,0,2,2,1
4,785,2,0,2,2,2,2,2
4,786,1,0,1,1,1,1,1
4,787,0,0,0,0,0,0,2
4,788,1,0,1,1,1,1,1
4,789,2,0,2,2,2,2,2
4,790,2,0,2,2,2,2,2
4,791,2,0,2,2,1,2,1
4,792,2,0,2,2,2,2,2
4,793,1,0,1,1,1,1,1
4,794,0,0,2,2,2,2,0
4,795,1,0,1,1,1,1,1
4,796,0,0,0,0,0,0,0
4,797,2,0,2,2,2,2,2
4,798,1,0,1,1,1,1,1
4,799,2,0,2,2,2,2,2
4,800,0,0,0,1,0,0,2
4,801,0,0,2,1,2,2,2
4,802,0,0,0,0,0,0,0
4,803,1,0,1,1,1,1,1
4,804,2,0,2,2,2,2,2
4,806,2,0,2,2,2,2,2
4,807,0,0,0,0,0,0,0
4,808,2,0,2,2,2,2,2
4,809,2,0,1,1,2,1,2
4,810,1,0,1,1,1,1,1
4,811,2,0,0,2,0,2,1
4,812,1,0,1,1,1,1,1
4,813,0,0,0,0,0,0,0
4,814,1,0,1,1,1,1,1
4,815,0,0,2,2,2,2,2
4,816,1,0,0,0,0,1,2
4,817,0,0,0,0,0,0,0
4,818,1,0,1,1,1,1,1
4,819,2,0,2,2,2,2,2
4,820,1,0,1,1,1,1,1
4,821,1,0,1,1,1,0,2
4,822,1,0,1,1,1,1,1
4,823,1,0,1,1,1,1,1
4,824,1,0,1,1,1,1,1
4,825,2,0,2,0,0,2,0
4,826,2,0,2,2,0,0,2
4,827,1,0,1,1,1,1,1
4,828,2,0,0,0,0,0,2
4,829,0,0,0,0,0,0,0
4,830,0,0,0,0,0,0,0
4,831,1,0,1,1,1,1,1
4,832,2,0,0,0,0,0,2
4,833,0,0,0,0,0,0,0
4,834,2,0,2,2,2,2,2
4,835,1,0,1,1,1,1,1
4,836,2,0,2,2,2,2,2
4,837,1,0,1,1,1,1,1
4,838,0,0,0,0,0,0,0
4,839,1,0,1,1,1,1,1
4,840,1,0,1,1,1,1,1
4,841,2,0,2,2,2,2,2
4,842,1,0,0,1,0,0,2
4,843,0,0,0,0,0,0,0
4,844,2,0,2,2,2,2,2
4,845,2,0,2,2,2,2,2
4,846,0,0,0,0,0,0,0
4,847,2,0,2,2,2,2,2
4,848,0,0,0,1,0,1,0
4,849,0,0,0,0,0,0,0
4,850,1,0,1,1,1,1,1
4,851,1,0,1,1,1,1,1
4,852,2,0,2,2,2,2,2
4,853,1,0,2,2,0,2,2
4,854,0,0,0,0,0,0,0
4,855,2,0,0,1,2,2,2
4,856,1,0,1,1,1,1,1
4,857,2,0,2,0,2,2,2
4,858,0,0,2,1,0,2,2
4,859,2,0,0,0,0,1,2
4,860,1,0,1,1,1,1,1
4,861,2,0,1,1,0,1,1
4,862,2,0,2,2,2,2,2
4,863,0,0,0,0,0,0,0
4,864,1,0,1,1,1,1,1
4,865,0,0,0,0,0,2,2
4,866,2,0,0,0,0,2,0
4,867,1,0,1,1,1,1,1
4,868,0,0,0,0,0,0,0
4,869,1,0,1,1,1,1,1
4,870,1,0,1,1,1,1,1
4,871,1,0,1,1,1,1,1
4,872,1,0,1,1,1,1,1
4,873,0,0,0,0,0,0,0
4,874,0,0,0,0,0,0,0
4,875,1,0,1,1,1,1,1
4,876,1,0,1,1,1,1,1
4,877,0,0,0,0,0,0,0
4,878,1,0,1,1,1,1,1
4,879,0,0,0,0,0,0,0
4,880,1,0,1,1,1,1,1
4,881,1,0,1,1,1,1,1
4,882,0,0,0,0,0,0,0
4,883,0,0,0,0,0,0,0
4,884,1,0,1,0,0,1,2
4,885,2,0,2,2,2,2,2
4,886,0,0,0,0,0,0,0
4,887,2,0,0,2,2,0,0
4,888,1,0,1,1,1,1,1
4,890,2,0,2,2,2,2,2
4,891,2,0,2,2,2,2,2
4,892,2,0,2,2,2,2,2
4,893,1,0,1,1,1,1,1
4,894,2,0,2,2,2,2,2
4,895,2,0,2,2,2,2,2
4,896,1,0,1,1,1,1,1
4,897,0,0,1,1,1,1,0
4,898,0,0,2,2,2,2,2
4,899,0,0,0,0,0,0,0
4,900,0,0,0,0,0,0,0
4,901,0,0,0,0,0,0,0
4,902,1,0,1,1,1,1,2
4,903,0,0,0,0,0,0,0
4,904,2,0,2,2,2,2,2
4,905,0,0,0,0,0,0,0
4,906,1,0,1,1,1,1,1
4,907,0,0,0,0,0,0,0
4,908,2,0,2,2,2,2,2
4,909,2,0,2,2,2,2,2
4,910,0,0,0,0,0,0,0
4,911,0,0,0,0,0,0,0
4,912,0,0,0,0,0,0,0
4,913,1,0,1,1,1,1,1
4,914,1,0,1,1,1,1,1
4,915,2,0,2,2,2,2,2
4,916,0,0,0,0,0,0,0
4,917,1,0,0,0,0,0,2
4,918,1,0,1,1,1,1,1
4,919,2,0,2,2,2,2,0
4,920,1,0,1,1,1,1,1
4,921,1,0,1,1,1,1,1
4,922,2,0,2,2,2,2,2
4,923,0,0,0,0,0,0,0
4,924,2,0,2,2,2,2,2
4,925,1,0,1,1,1,1,1
4,926,1,0,1,1,1,1,1
4,927,1,0,1,1,1,1,1
4,928,2,0,2,2,2,2,2
4,929,1,0,1,1,1,1,1
4,930,0,0,0,0,0,0,0
4,931,2,0,2,2,2,2,2
4,932,2,0,2,2,2,2,2
4,933,2,0,2,2,2,2,2
4,934,1,0,1,1,1,1,1
4,935,0,0,0,0,0,0,0
4,936,0,0,0,0,0,0,0
4,937,2,0,2,2,2,2,2
4,938,1,0,1,1,1,1,1
4,939,2,0,2,2,2,2,2
4,940,1,0,1,1,1,1,1
4,941,0,0,0,0,0,0,0
4,942,1,0,1,1,1,1,1
4,943,2,0,2,2,2,2,2
4,944,2,0,2,2,2,2,2
4,945,2,0,2,2,2,2,2
4,946,2,0,2,2,2,2,2
4,947,2,0,2,2,2,2,2
4,948,2,0,2,2,2,2,2
4,949,2,0,2,2,2,2,2
4,950,1,0,1,1,1,1,1
4,951,2,0,2,2,2,2,2
4,952,2,0,2,2,2,2,2
4,953,2,0,2,2,2,2,2
4,954,0,0,0,0,0,0,0
4,955,1,0,1,1,1,1,1
4,956,2,0,2,2,2,2,2
4,957,2,0,2,2,2,2,2
4,958,0,0,0,0,0,0,0
4,959,0,0,0,0,0,0,0
4,960,2,0,2,2,2,2,2
4,961,2,0,2,2,2,2,2
4,962,0,0,0,0,0,0,0
4,963,2,0,2,2,2,2,2
4,964,0,0,0,0,0,0,0
4,965,1,0,1,1,1,1,1
4,966,2,0,2,2,2,2,2
4,967,1,0,1,1,1,1,1
4,968,0,0,0,0,0,0,0
4,969,1,0,1,1,1,1,1
4,970,1,0,1,1,1,1,1
4,971,2,0,2,2,2,2,2
4,972,0,0,0,0,0,0,0
4,973,2,0,2,2,2,2,2
4,974,0,0,0,0,0,0,0
4,975,2,0,2,2,2,2,2
4,976,0,0,0,0,0,0,0
4,977,1,0,1,1,1,1,1
4,978,2,0,0,0,0,1,2
4,979,2,0,2,2,2,2,2
4,980,0,0,0,0,0,0,0
4,981,1,0,1,1,1,1,1
4,982,2,0,2,2,2,2,2
4,983,2,0,2,2,2,2,2
4,984,0,0,0,0,0,0,2
4,985,2,0,2,2,2,2,2
4,986,2,0,2,2,2,2,2
4,987,0,0,0,0,0,0,0
4,988,2,0,2,2,2,2,2
4,989,0,0,0,0,0,0,2
4,990,1,0,1,1,1,1,1
4,991,1,0,1,1,1,1,1
4,992,2,0,2,2,2,2,2
4,993,2,0,2,2,2,2,2
4,994,0,0,0,0,0,0,0
4,995,1,0,1,1,1,1,1
4,996,2,0,2,2,2,2,2
4,997,0,0,0,0,0,0,0
4,998,0,0,0,0,0,0,0
4,999,0,0,0,0,0,0,0
4,1000,1,0,1,1,1,1,1
4,1001,1,0,1,1,1,1,1
4,1002,1,0,2,0,0,2,2
4,1003,1,0,2,0,1,2,2
4,1004,0,0,0,0,0,0,0
4,1005,1,0,2,2,2,2,1
4,1006,1,0,1,1,1,1,1
4,1007,0,0,0,0,0,0,0
4,1008,1,0,1,1,1,1,1
4,1009,2,0,2,2,2,2,2
4,1010,1,0,1,1,1,1,1
4,1011,2,0,2,1,2,2,2
4,1012,0,0,0,0,0,0,0
4,1013,0,0,2,2,2,2,2
4,1014,0,0,0,0,2,2,1
4,1015,1,0,1,1,1,1,1
4,1016,0,0,0,0,0,0,0
4,1017,0,0,0,0,0,0,0
4,1018,0,0,0,0,0,0,0
4,1019,2,0,2,2,2,2,2
4,1020,0,0,0,0,0,0,0
4,1021,2,0,2,0,1,0,2
4,1022,2,0,2,2,2,2,2
4,1023,0,0,0,0,2,2,2
4,1024,0,0,0,0,0,0,0
4,1025,2,0,2,2,2,2,2
4,1026,1,0,0,0,0,2,2
4,1027,1,0,1,1,1,1,1
4,1028,2,0,2,2,2,2,2
4,1029,2,0,2,2,2,2,2
4,1030,0,0,0,0,0,0,0
4,1031,1,0,1,1,1,1,1
4,1032,2,0,2,2,2,2,2
4,1033,0,0,0,0,0,0,0
4,1034,2,0,2,2,2,2,2
4,1035,0,0,0,0,2,0,2
4,1036,0,0,0,0,0,0,0
4,1037,1,0,2,2,2,2,2
4,1038,1,0,1,1,1,1,1
4,1039,2,0,2,2,2,2,2
4,1040,2,0,0,0,1,2,2
4,1041,2,0,2,2,2,2,2
4,1042,0,0,0,1,0,0,1
4,1043,1,0,1,1,1,1,1
4,1044,2,0,2,2,2,2,2
4,1045,1,0,1,1,1,1,1
4,1046,1,0,1,1,1,1,1
4,1047,2,0,1,1,1,1,2
4,1048,0,0,2,2,0,2,2
4,1049,0,0,0,0,0,0,0
4,1050,0,0,0,0,0,0,0
4,1051,0,0,0,0,0,0,0
4,1052,2,0,0,0,0,0,1
4,1053,1,0,2,2,0,0,1
4,1054,2,0,2,2,2,2,2
4,1055,0,0,2,2,2,2,2
4,1056,0,0,0,0,0,0,0
4,1057,1,0,1,1,1,1,1
4,1058,1,0,1,1,1,1,1
4,1059,2,0,2,2,2,2,2
4,1060,2,0,2,2,2,2,2
4,1061,0,0,0,0,0,0,0
4,1062,0,0,0,0,0,0,0
4,1063,0,0,0,0,0,0,0
4,1064,2,0,2,2,2,2,2
4,1065,2,0,1,0,1,1,2
4,1066,2,0,2,2,2,2,2
4,1067,1,0,1,1,1,1,1
4,1068,0,0,0,0,0,0,0
4,1069,1,0,1,1,1,1,1
4,1070,2,0,2,2,2,2,2
4,1071,2,0,2,2,2,2,2
4,1072,2,0,2,2,2,2,2
4,1073,0,0,1,1,1,1,2
4,1074,1,0,1,1,1,1,1
4,1075,1,0,1,1,1,1,1
4,1076,2,0,2,2,2,2,2
4,1077,0,0,0,0,0,0,0
4,1078,0,0,0,0,0,0,0
4,1079,2,0,2,0,2,2,2
4,1080,2,0,0,0,2,0,2
4,1081,2,0,2,2,2,2,2
4,1082,1,0,1,1,1,1,1
4,1083,2,0,2,2,2,2,2
4,1084,2,0,2,2,2,2,2
4,1085,2,0,2,2,2,2,2
4,1086,0,0,2,2,0,2,2
4,1087,0,0,0,0,0,0,0
4,1088,2,0,2,2,2,2,2
4,1089,0,0,0,0,0,0,2
4,1090,0,0,0,0,2,0,0
4,1091,2,0,2,2,2,2,2
4,1092,1,0,1,1,1,1,1
4,1093,0,0,0,0,0,0,0
4,1094,2,0,1,2,1,1,0
4,1095,1,0,1,1,1,1,1
4,1096,2,0,0,0,0,0,1
4,1097,0,0,0,0,0,0,0
4,1098,2,0,2,2,2,2,2
4,1099,2,0,2,2,2,2,2
5,0,1,0,1,1,1,1,1
5,1,2,0,2,2,2,2,2
5,2,1,0,1,1,1,1,1
5,3,2,0,2,2,2,2,2
5,4,1,0,0,0,0,0,2
5,5,2,0,2,2,2,2,2
5,6,0,0,0,0,0,0,0
5,7,2,0,2,2,2,2,2
5,8,1,0,1,1,1,1,1
5,9,1,0,2,2,2,2,2
5,10,2,0,2,2,2,2,2
5,11,2,0,2,2,2,2,2
5,12,0,0,0,0,0,0,0
5,13,2,0,0,2,0,0,2
5,14,0,0,0,0,0,0,0
5,15,1,0,1,1,1,1,1
5,16,0,0,0,0,0,0,0
5,17,0,0,0,0,0,0,0
5,18,1,0,1,1,1,1,1
5,19,2,0,2,2,2,2,2
5,20,0,0,0,0,0,0,0
5,21,2,0,2,2,2,2,2
5,22,0,0,0,0,0,0,0
5,23,2,0,2,2,2,2,2
5,24,1,0,1,1,1,1,1
5,25,0,0,0,0,0,0,0
5,26,2,0,2,2,2,2,2
5,27,0,0,0,0,0,0,1
5,28,1,0,1,1,1,1,1
5,29,2,0,2,2,2,2,2
5,30,0,0,0,0,0,0,0
5,31,1,0,2,2,2,2,2
5,32,2,0,2,2,2,2,2
5,33,1,0,1,1,1,1,1
5,34,0,0,0,0,0,0,0
5,35,1,0,1,1,1,1,1
5,36,1,0,1,1,1,1,1
5,37,0,0,0,0,0,0,0
5,38,2,0,2,2,2,2,2
5,39,0,0,0,0,0,0,0
5,40,0,0,0,0,0,0,0
5,41,0,0,0,0,0,0,0
5,42,0,0,0,0,0,0,0
5,43,2,0,2,2,2,2,2
5,44,2,0,2,2,2,2,2
5,45,0,0,0,0,0,0,0
5,46,2,0,2,2,2,2,2
5,47,0,0,0,0,0,0,0
5,48,1,0,1,1,1,1,1
5,49,0,0,0,0,0,0,0
5,50,0,0,0,0,0,0,0
5,51,1,0,1,1,1,1,1
5,52,0,0,0,0,0,0,0
5,53,2,0,2,2,2,2,2
5,54,1,0,1,1,1,1,1
5,55,1,0,1,1,1,1,1
5,56,1,0,1,1,1,1,1
5,57,0,0,0,0,0,0,0
5,58,0,0,0,0,0,0,0
5,59,0,0,0,0,0,0,0
5,60,0,0,0,0,0,0,0
5,61,1,0,0,0,0,0,0
5,62,0,0,0,0,0,0,0
5,63,1,0,1,1,1,1,1
5,64,0,0,1,2,2,1,2
5,65,0,0,0,0,0,0,0
5,66,2,0,2,2,2,2,2
5,67,1,0,1,1,1,1,1
5,68,1,0,1,1,1,1,1
5,69,1,0,0,0,0,0,2
5,70,0,0,0,0,0,0,0
5,71,2,0,2,2,2,2,2
5,72,0,0,0,0,0,0,0
5,73,0,0,0,0,0,0,0
5,74,2,0,2,2,2,2,2
5,75,2,0,2,2,2,2,2
5,76,2,0,2,2,2,2,2
5,77,0,0,0,0,0,0,0
5,78,1,0,1,1,1,1,1
5,79,2,0,2,2,2,2,2
5,80,0,0,0,0,0,0,0
5,81,1,0,1,1,1,1,1
5,82,2,0,2,2,2,2,2
5,83,0,0,0,0,0,0,0
5,84,1,0,1,1,1,1,1
5,85,1,0,1,1,1,1,1
5,86,1,0,1,1,1,1,1
5,87,2,0,2,2,2,2,2
5,88,1,0,1,1,1,1,1
5,89,2,0,2,2,2,2,2
5,90,1,0,1,1,1,1,1
5,91,2,0,2,2,2,2,2
5,92,2,0,2,2,2,2,2
5,93,2,0,0,0,0,0,2
5,94,0,0,0,0,0,0,2
5,95,1,0,1,1,1,1,2
5,96,2,0,2,2,2,2,2
5,97,2,0,2,2,2,2,2
5,98,0,0,0,0,0,0,0
5,99,1,0,1,1,1,1,1
5,100,1,0,1,0,1,1,0
5,101,1,0,0,1,0,0,0
5,102,1,0,1,1,1,1,1
5,103,1,0,1,1,1,1,1
5,104,0,0,0,0,0,0,0
5,105,0,0,0,0,0,0,0
5,106,2,0,2,2,2,2,2
5,107,0,0,0,0,0,0,0
5,108,2,0,2,2,2,2,2
5,109,2,0,2,2,2,2,2
5,110,0,0,0,0,0,0,0
5,111,2,0,2,2,2,2,2
5,112,0,0,0,0,0,0,0
5,113,1,0,1,1,1,1,1
5,114,2,0,0,1,0,0,2
5,115,2,0,2,2,2,2,2
5,116,1,0,1,1,1,1,1
5,117,2,0,2,2,2,2,2
5,118,2,0,2,2,2,2,2
5,119,1,0,1,1,1,1,1
5,120,0,0,0,0,0,0,0
5,121,2,0,2,2,2,2,2
5,122,0,0,0,0,0,0,0
5,123,1,0,1,1,1,1,1
5,124,1,0,1,1,1,1,1
5,125,0,0,0,2,0,0,2
5,126,1,0,1,1,1,1,1
5,127,0,0,0,0,0,0,0
5,128,2,0,2,2,2,2,2
5,129,1,0,1,1,1,1,1
5,130,0,0,0,0,0,0,0
5,131,1,0,1,1,1,1,1
5,132,0,0,2,1,1,2,2
5,133,1,0,1,1,1,1,1
5,134,1,0,1,1,1,1,1
5,135,0,0,0,0,0,2,2
5,136,0,0,0,0,0,0,0
5,137,2,0,2,2,2,2,2
5,138,0,0,0,0,0,0,0
5,139,1,0,1,1,1,1,1
5,140,2,0,2,2,2,2,2
5,141,0,0,1,0,0,1,2
5,142,1,0,1,1,1,1,1
5,143,0,0,0,0,0,0,0
5,144,2,0,2,2,2,0,2
5,145,0,0,0,0,0,0,0
5,146,1,0,1,1,1,1,1
5,147,2,0,2,2,2,2,2
5,148,1,0,1,1,1,1,1
5,149,2,0,2,2,2,2,2
5,150,0,0,0,0,0,0,0
5,151,1,0,1,1,1,1,1
5,152,1,0,1,1,1,1,1
5,153,2,0,2,2,2,2,2
5,154,2,0,2,2,2,2,2
5,155,1,0,1,1,1,1,1
5,156,0,0,0,0,0,0,0
5,157,1,0,1,1,1,1,1
5,158,0,0,0,0,0,0,0
5,159,0,0,0,0,0,0,0
5,160,1,0,1,1,1,1,1
5,161,1,0,2,2,2,2,2
5,162,2,0,2,2,2,2,2
5,163,1,0,1,1,1,1,1
5,164,0,0,0,0,0,0,0
5,165,2,0,2,2,2,2,2
5,166,1,0,1,1,1,1,1
5,167,0,0,0,0,0,0,0
5,168,1,0,1,1,1,1,1
5,169,1,0,1,1,1,1,1
5,170,0,0,0,0,0,0,0
5,171,2,0,0,0,0,0,2
5,172,1,0,1,1,1,1,1
5,173,0,0,0,0,0,0,0
5,174,0,0,0,0,0,0,0
5,175,2,0,2,2,2,2,2
5,176,2,0,2,2,2,2,2
5,177,2,0,2,2,2,2,2
5,178,1,0,1,0,1,1,1
5,179,0,0,0,0,0,0,2
5,180,0,0,0,0,0,0,0
5,181,2,0,2,2,2,2,2
5,182,1,0,1,1,1,1,1
5,183,0,0,0,0,0,0,0
5,184,2,0,2,2,2,2,2
5,185,2,0,2,2,2,2,2
5,186,1,0,1,1,1,1,1
5,187,0,0,0,0,0,0,0
5,188,1,0,1,1,1,1,1
5,189,2,0,2,2,2,2,2
5,190,1,0,0,0,0,0,2
5,191,1,0,1,1,1,1,1
5,192,2,0,2,0,1,2,2
5,193,1,0,1,1,1,1,1
5,194,2,0,1,1,1,1,2
5,195,2,0,2,2,2,2,2
5,196,2,0,2,2,2,2,2
5,197,0,0,0,0,0,0,0
5,198,1,0,1,1,1,1,1
5,199,0,0,2,2,2,2,2
5,200,2,0,2,2,2,2,2
5,201,2,0,2,2,2,2,2
5,202,2,0,2,2,2,2,2
5,203,1,0,1,1,1,1,1
5,204,0,0,0,2,1,0,2
5,205,2,0,2,2,2,2,2
5,206,2,0,2,2,2,2,2
5,207,2,0,2,2,2,2,2
5,208,2,0,2,2,2,2,2
5,209,2,0,2,0,2,2,2
5,210,1,0,1,1,1,1,1
5,211,0,0,2,2,1,2,2
5,212,0,0,0,0,0,0,0
5,213,1,0,1,1,1,1,1
5,214,0,0,0,0,0,0,0
5,215,2,0,2,2,2,2,2
5,216,1,0,1,1,1,1,1
5,217,1,0,1,1,1,1,1
5,218,0,0,0,0,0,0,0
5,219,0,0,2,1,2,2,2
5,220,1,0,0,0,0,0,1
5,221,1,0,1,1,1,1,1
5,222,1,0,1,1,1,1,1
5,223,2,0,2,2,2,2,2
5,224,0,0,0,0,0,0,0
5,225,1,0,1,1,1,1,1
5,226,2,0,2,2,2,2,2
5,227,1,0,1,1,1,1,1
5,228,1,0,1,1,1,1,1
5,229,1,0,1,1,1,1,1
5,230,0,0,0,0,0,0,0
5,231,0,0,0,0,0,0,0
5,232,0,0,0,0,0,0,0
5,233,1,0,1,1,1,1,1
5,234,2,0,2,2,2,2,2
5,235,2,0,2,2,2,2,2
5,236,2,0,2,2,2,2,2
5,237,1,0,1,1,1,1,1
5,238,1,0,1,1,1,1,1
5,239,0,0,0,0,0,0,0
5,240,1,0,1,1,1,1,1
5,241,1,0,0,2,2,0,2
5,242,1,0,1,1,1,1,1
5,243,1,0,1,1,1,1,1
5,244,0,0,0,0,0,0,0
5,245,0,0,0,0,0,0,0
5,246,0,0,0,0,0,0,0
5,247,2,0,2,2,2,2,2
5,248,2,0,2,2,2,2,2
5,249,0,0,0,0,0,0,0
5,250,2,0,2,2,2,2,2
5,251,1,0,1,1,1,1,1
5,252,0,0,0,0,0,0,2
5,253,1,0,1,1,1,1,1
5,254,0,0,0,0,0,0,0
5,255,1,0,0,1,2,0,2
5,256,0,0,0,0,0,0,0
5,257,0,0,0,0,0,0,0
5,258,1,0,1,1,1,1,1
5,259,1,0,1,2,2,2,2
5,260,0,0,0,0,0,0,0
5,261,1,0,1,1,1,1,1
5,262,0,0,0,0,0,0,0
5,263,1,0,1,1,1,1,1
5,264,1,0,1,1,1,1,1
5,265,1,0,1,1,1,1,1
5,266,1,0,1,1,1,1,1
5,267,2,0,2,2,2,2,2
5,268,0,0,0,0,0,0,0
5,269,0,0,0,0,0,0,0
5,270,1,0,1,1,1,1,1
5,271,0,0,0,0,0,0,0
5,272,2,0,2,2,2,2,2
5,273,2,0,2,2,2,2,2
5,274,0,0,0,0,0,0,0
5,275,0,0,1,0,1,1,1
5,276,2,0,2,2,2,2,2
5,277,2,0,2,2,2,2,2
5,278,1,0,2,2,2,2,2
5,279,1,0,1,1,1,1,1
5,280,2,0,2,2,2,2,2
5,281,0,0,0,0,0,0,0
5,282,2,0,2,2,2,2,2
5,283,2,0,2,2,2,2,2
5,284,2,0,2,0,2,2,2
5,285,2,0,2,2,2,2,2
5,286,2,0,0,0,0,1,2
5,287,0,0,0,0,0,0,0
5,288,2,0,2,2,2,2,2
5,289,2,0,2,2,2,2,2
5,290,0,0,2,2,2,2,2
5,291,0,0,0,0,0,0,0
5,292,0,0,0,0,0,0,0
5,293,0,0,1,0,2,2,2
5,294,2,0,2,2,2,2,2
5,295,1,0,2,2,2,2,2
5,296,0,0,2,2,1,2,2
5,297,1,0,1,1,1,1,1
5,298,1,0,1,1,1,1,1
5,299,1,0,2,2,2,2,2
5,300,0,0,0,0,0,0,0
5,301,1,0,1,1,1,1,1
5,302,0,0,1,1,2,1,2
5,303,2,0,2,2,2,2,2
5,304,0,0,0,0,0,0,0
5,305,1,0,0,2,0,0,2
5,306,0,0,0,0,0,0,0
5,307,1,0,1,1,1,1,1
5,308,2,0,2,2,2,2,2
5,309,1,0,1,1,1,1,1
5,310,0,0,0,0,0,0,0
5,311,1,0,1,1,1,1,1
5,312,0,0,0,0,0,0,2
5,313,1,0,2,0,2,2,2
5,314,0,0,0,0,0,0,0
5,315,0,0,0,0,0,0,0
5,316,2,0,2,2,2,2,2
5,317,0,0,0,0,0,0,0
5,318,0,0,0,0,0,0,0
5,319,1,0,1,1,1,1,1
5,320,0,0,2,2,2,2,2
5,321,0,0,0,0,0,0,0
5,322,2,0,2,2,2,2,2
5,323,2,0,2,2,2,2,2
5,324,1,0,0,0,0,0,2
5,325,1,0,1,1,1,1,1
5,326,0,0,0,0,0,0,0
5,327,0,0,0,0,0,0,0
5,328,2,0,2,2,2,2,2
5,329,1,0,1,1,1,1,1
5,330,1,0,1,1,1,1,1
5,331,0,0,0,0,0,0,0
5,332,0,0,0,0,0,0,0
5,333,0,0,0,0,0,0,0
5,334,1,0,1,1,1,1,1
5,335,0,0,0,0,0,0,0
5,336,1,0,1,1,1,1,1
5,337,0,0,0,0,2,0,1
5,338,0,0,0,0,0,0,0
5,339,1,0,1,0,1,1,2
5,340,2,0,2,2,2,2,2
5,341,1,0,1,1,1,1,1
5,342,2,0,2,2,2,2,2
5,343,2,0,2,2,2,2,2
5,344,2,0,2,2,2,2,2
5,345,2,0,2,2,2,2,2
5,346,2,0,2,2,2,2,2
5,347,2,0,2,2,2,2,2
5,348,2,0,2,2,2,2,2
5,349,2,0,2,2,2,2,2
5,350,1,0,1,1,1,1,1
5,351,1,0,1,1,1,1,1
5,352,1,0,1,1,1,1,1
5,353,2,0,2,2,2,2,2
5,354,2,0,2,2,2,2,2
5,355,2,0,2,2,2,2,2
5,356,0,0,0,0,0,0,0
5,357,1,0,1,1,1,1,1
5,358,0,0,0,0,0,0,0
5,359,0,0,0,0,0,0,0
5,360,0,0,0,2,1,1,2
5,361,1,0,1,1,1,1,1
5,362,1,0,1,1,1,1,1
5,363,0,0,0,0,0,0,0
5,364,1,0,1,1,1,1,1
5,365,0,0,0,0,0,0,0
5,366,0,0,0,2,1,0,2
5,367,0,0,0,0,0,0,0
5,368,0,0,0,0,0,0,0
5,369,0,0,0,0,0,0,0
5,370,0,0,0,0,0,0,0
5,371,2,0,2,2,2,2,2
5,372,2,0,0,0,2,0,2
5,373,1,0,1,1,1,1,1
5,374,2,0,2,2,2,2,2
5,375,2,0,2,2,2,2,2
5,376,1,0,1,1,1,1,1
5,377,0,0,0,0,0,0,0
5,378,2,0,2,2,2,2,2
5,379,1,0,2,2,2,2,0
5,380,1,0,1,1,1,1,1
5,381,0,0,0,0,0,0,0
5,382,2,0,2,2,2,2,2
5,383,1,0,1,1,1,1,1
5,384,0,0,2,0,2,2,2
5,385,2,0,2,2,2,2,2
5,386,1,0,1,1,1,1,1
5,387,1,0,1,1,1,1,1
5,388,2,0,2,2,2,2,2
5,389,0,0,0,0,0,0,0
5,390,1,0,1,1,1,1,1
5,391,2,0,2,2,2,2,2
5,392,1,0,1,1,1,1,1
5,393,2,0,2,2,1,2,2
5,394,2,0,2,2,2,2,2
5,395,0,0,0,0,0,0,0
5,396,2,0,2,0,2,2,0
5,397,0,0,0,0,0,0,0
5,398,2,0,2,2,2,2,2
5,399,2,0,2,2,2,2,2
5,400,2,0,2,2,2,2,2
5,401,2,0,2,2,2,2,2
5,402,0,0,0,0,0,0,0
5,403,2,0,2,2,2,2,2
5,404,1,0,2,2,2,1,2
5,405,0,0,0,2,2,0,2
5,406,2,0,2,2,2,2,2
5,407,0,0,0,0,0,0,0
5,408,0,0,0,0,0,0,2
5,409,1,0,1,1,1,1,1
5,410,1,0,1,1,1,1,1
5,411,2,0,0,0,0,0,0
5,412,1,0,1,1,1,1,1
5,413,1,0,1,1,1,1,1
5,414,1,0,1,1,1,1,1
5,415,2,0,2,2,2,2,2
5,416,2,0,2,2,2,2,2
5,417,2,0,2,2,2,2,2
5,418,0,0,0,0,0,0,0
5,419,0,0,0,0,0,0,0
5,420,2,0,0,0,0,0,2
5,421,0,0,0,0,0,0,0
5,422,1,0,2,0,2,0,2
5,423,2,0,2,2,2,2,2
5,424,1,0,1,1,1,1,1
5,425,0,0,0,0,0,0,0
5,426,2,0,2,2,2,2,2
5,427,1,0,1,1,1,1,1
5,428,0,0,0,0,0,0,0
5,429,2,0,2,2,2,2,2
5,430,2,0,0,2,2,0,2
5,431,1,0,1,1,1,1,1
5,432,0,0,0,0,0,0,0
5,433,0,0,0,0,0,0,0
5,434,0,0,0,0,0,0,0
5,435,1,0,1,1,1,1,1
5,436,0,0,0,0,0,0,0
5,437,1,0,1,1,1,1,2
5,438,1,0,0,2,0,1,2
5,439,0,0,0,0,0,0,0
5,440,0,0,0,0,0,0,0
5,441,1,0,0,0,0,0,2
5,442,0,0,0,0,0,0,0
5,443,2,0,2,2,2,2,2
5,444,1,0,1,1,1,1,1
5,445,2,0,2,2,2,2,2
5,446,2,0,2,2,2,2,2
5,447,2,0,2,2,2,2,2
5,448,2,0,2,2,2,2,2
5,449,0,0,0,0,1,0,2
5,450,2,0,2,2,2,2,2
5,451,0,0,0,0,0,0,0
5,452,1,0,2,2,2,2,0
5,453,2,0,2,2,2,2,2
5,454,0,0,0,1,1,0,1
5,455,0,0,2,2,2,0,2
5,456,0,0,0,0,0,0,0
5,457,1,0,0,0,2,0,2
5,458,1,0,1,1,1,1,1
5,459,1,0,2,0,2,0,2
5,460,2,0,2,2,2,2,2
5,461,2,0,2,2,2,2,2
5,462,1,0,1,1,1,1,1
5,463,1,0,1,1,1,1,1
5,464,2,0,2,2,2,2,2
5,465,0,0,0,0,0,0,0
5,466,2,0,2,2,2,2,2
5,467,2,0,2,2,2,2,2
5,468,2,0,0,0,1,1,2
5,469,2,0,2,2,2,2,2
5,470,2,0,2,2,2,2,2
5,471,1,0,1,1,1,1,1
5,472,0,0,0,0,0,0,0
5,473,0,0,0,0,0,0,0
5,474,1,0,1,0,1,1,2
5,475,0,0,0,1,0,0,2
5,476,1,0,2,0,2,2,2
5,477,2,0,2,2,2,2,2
5,478,1,0,1,1,1,1,1
5,479,0,0,0,0,0,0,0
5,480,2,0,2,2,2,2,2
5,481,1,0,2,2,2,2,2
5,482,1,0,2,2,2,2,2
5,483,2,0,2,2,2,2,2
5,484,2,0,2,2,2,2,2
5,485,2,0,2,2,2,2,2
5,486,0,0,0,0,0,0,0
5,487,0,0,0,0,0,0,2
5,488,1,0,1,0,1,1,2
5,489,1,0,1,1,1,1,1
5,490,2,0,2,2,2,2,2
5,491,2,0,2,2,2,2,2
5,492,1,0,1,1,1,1,1
5,493,1,0,2,2,2,2,0
5,494,0,0,2,2,2,2,2
5,495,1,0,1,1,1,1,1
5,496,0,0,2,2,2,1,2
5,497,0,0,0,0,0,0,0
5,498,1,0,1,1,1,1,1
5,499,2,0,2,2,2,2,2
5,500,0,0,0,0,0,0,0
5,501,2,0,2,2,2,2,2
5,502,0,0,0,0,0,0,0
5,503,1,0,2,2,2,2,2
5,504,2,0,2,2,2,2,2
5,505,0,0,0,0,0,0,0
5,506,1,0,1,1,1,1,1
5,507,1,0,1,1,1,1,1
5,508,2,0,2,2,2,2,2
5,509,2,0,1,1,0,0,0
5,510,0,0,0,0,0,0,0
5,511,2,0,0,0,0,0,2
5,512,0,0,0,0,0,0,0
5,513,2,0,2,2,2,2,2
5,514,1,0,1,1,1,1,1
5,515,1,0,1,1,1,1,1
5,516,0,0,1,2,1,1,2
5,517,0,0,0,0,0,0,0
5,518,2,0,2,2,2,2,2
5,519,1,0,1,1,1,1,1
5,520,1,0,1,2,1,1,2
5,521,0,0,1,1,1,1,2
5,522,1,0,1,1,1,1,1
5,523,2,0,2,2,2,2,2
5,524,1,0,1,1,1,1,1
5,525,1,0,1,1,1,1,1
5,526,0,0,0,0,0,0,0
5,527,2,0,2,2,2,2,2
5,528,1,0,1,1,1,1,1
5,529,0,0,0,0,0,0,0
5,530,0,0,0,0,0,0,0
5,531,1,0,1,1,1,1,1
5,532,1,0,1,1,1,1,1
5,533,0,0,0,0,0,0,0
5,534,0,0,0,2,0,1,2
5,535,2,0,2,2,2,2,2
5,536,1,0,1,1,1,1,1
5,537,2,0,2,2,2,2,2
5,538,2,0,2,2,2,2,2
5,539,2,0,2,2,2,2,2
5,540,2,0,2,2,2,2,2
5,541,0,0,0,0,0,0,0
5,542,2,0,2,2,2,2,2
5,543,0,0,0,0,0,0,0
5,544,0,0,0,0,0,0,0
5,545,2,0,1,1,1,1,2
5,546,1,0,1,1,1,1,1
5,547,0,0,0,0,0,0,0
5,548,1,0,1,1,1,1,1
5,549,1,0,1,1,1,1,1
5,550,0,0,0,0,0,0,0
5,551,1,0,1,1,1,1,1
5,552,0,0,0,0,0,0,0
5,553,1,0,1,1,1,1,1
5,554,0,0,0,1,0,0,2
5,555,0,0,0,0,0,0,0
5,556,0,0,0,0,0,0,0
5,557,2,0,2,2,2,2,2
5,558,0,0,0,2,2,0,2
5,559,0,0,0,0,0,0,0
5,560,1,0,1,1,1,1,1
5,561,1,0,1,1,1,1,1
5,562,2,0,2,2,2,2,2
5,563,2,0,2,2,2,2,2
5,564,1,0,1,1,1,1,1
5,565,1,0,1,1,1,1,1
5,566,0,0,0,0,0,0,0
5,567,2,0,2,2,2,2,2
5,568,0,0,0,0,0,0,0
5,569,1,0,1,1,1,1,1
5,570,1,0,1,1,1,1,1
5,571,2,0,0,1,0,0,1
5,572,2,0,2,2,2,2,2
5,573,0,0,0,0,0,0,0
5,574,0,0,0,0,1,1,2
5,575,1,0,1,1,1,1,1
5,576,0,0,0,0,0,0,0
5,577,0,0,2,2,2,2,2
5,578,1,0,1,1,1,1,1
5,579,0,0,0,0,0,0,0
5,580,2,0,2,2,2,2,2
5,581,0,0,0,0,0,0,0
5,582,0,0,0,0,0,0,0
5,583,0,0,0,0,0,0,2
5,584,0,0,0,0,0,0,0
5,585,1,0,1,1,1,1,1
5,586,0,0,0,0,0,0,0
5,587,2,0,2,2,2,2,2
5,588,0,0,0,0,0,0,0
5,589,2,0,2,0,0,0,2
5,590,1,0,1,1,1,1,1
5,591,2,0,2,2,2,2,2
5,592,2,0,0,0,0,2,2
5,593,2,0,2,2,2,2,2
5,594,1,0,1,1,1,1,1
5,595,1,0,1,1,1,1,1
5,596,2,0,2,2,2,2,2
5,597,1,0,2,2,2,2,2
5,598,1,0,1,1,1,1,1
5,599,0,0,0,0,0,0,0
5,600,0,0,0,0,0,0,0
5,601,2,0,2,2,2,2,2
5,602,2,0,2,2,2,2,2
5,603,1,0,1,1,1,1,1
5,604,0,0,0,0,0,0,0
5,605,0,0,0,0,0,0,0
5,606,2,0,1,1,1,1,2
5,607,0,0,0,0,0,0,2
5,608,1,0,1,1,1,1,1
5,609,0,0,0,0,0,0,0
5,610,1,0,1,1,1,1,1
5,611,1,0,1,1,1,1,1
5,612,1,0,1,1,1,1,1
5,613,0,0,0,0,0,0,0
5,614,0,0,0,0,0,0,0
5,615,1,0,1,1,1,1,1
5,616,2,0,2,2,2,2,2
5,617,1,0,1,1,1,1,1
5,618,1,0,1,1,1,1,1
5,619,1,0,1,1,1,1,1
5,620,1,0,1,1,1,1,1
5,621,0,0,0,0,0,0,0
5,622,1,0,1,1,1,1,1
5,623,1,0,1,1,1,1,1
5,624,0,0,0,0,0,0,0
5,625,1,0,1,1,1,1,1
5,626,1,0,1,1,1,1,1
5,627,1,0,1,1,1,1,1
5,628,0,0,0,0,0,0,0
5,629,1,0,1,1,1,1,1
5,630,0,0,0,0,0,0,0
5,631,2,0,2,2,2,2,2
5,632,0,0,1,2,2,2,2
5,633,2,0,2,2,2,2,2
5,634,1,0,2,2,0,0,2
5,635,2,0,2,2,2,2,2
5,636,1,0,1,1,1,1,1
5,637,1,0,0,0,0,0,2
5,638,0,0,0,0,0,0,0
5,639,1,0,1,1,1,1,1
5,640,0,0,0,0,0,0,0
5,641,2,0,2,2,2,2,2
5,642,2,0,2,2,2,2,2
5,643,0,0,0,0,0,0,0
5,644,2,0,2,2,2,2,2
5,645,1,0,1,1,1,1,1
5,646,0,0,0,0,0,0,0
5,647,0,0,0,0,0,0,0
5,648,0,0,2,2,2,2,2
5,649,1,0,2,2,2,2,2
5,650,0,0,0,0,0,0,0
5,651,0,0,0,0,0,0,0
5,652,0,0,0,0,0,0,0
5,653,0,0,0,0,0,0,0
5,654,0,0,0,0,0,0,0
5,655,1,0,1,1,1,1,1
5,656,2,0,2,2,2,2,2
5,657,0,0,0,0,0,0,0
5,658,1,0,1,1,1,1,1
5,659,1,0,1,1,1,1,1
5,660,1,0,1,1,1,1,1
5,661,2,0,2,2,2,2,2
5,662,2,0,2,2,2,2,2
5,663,0,0,0,0,0,0,0
5,664,0,0,0,0,0,0,0
5,665,1,0,1,1,1,1,1
5,666,1,0,1,1,1,1,1
5,667,0,0,0,0,0,0,0
5,668,0,0,1,1,1,1,2
5,669,0,0,0,0,0,0,0
5,670,1,0,1,1,1,1,1
5,671,0,0,0,0,0,0,0
5,672,0,0,0,0,0,0,0
5,673,1,0,1,1,1,1,1
5,674,1,0,1,1,1,1,1
5,675,2,0,2,2,2,2,2
5,676,1,0,1,1,1,1,1
5,677,2,0,2,2,2,2,2
5,678,0,0,0,1,0,0,2
5,679,1,0,1,1,1,1,1
5,680,2,0,2,2,2,2,2
5,681,0,0,0,0,0,0,0
5,682,1,0,1,1,1,1,1
5,683,0,0,0,0,0,0,0
5,684,1,0,1,1,1,1,1
5,685,0,0,0,0,0,0,0
5,686,2,0,2,2,2,2,2
5,687,2,0,2,2,2,2,2
5,688,0,0,0,0,0,0,0
5,689,2,0,2,2,2,2,2
5,690,2,0,1,2,2,2,2
5,691,2,0,1,1,1,1,2
5,692,1,0,0,0,0,0,2
5,693,0,0,0,0,0,0,0
5,694,0,0,0,0,0,0,0
5,695,0,0,0,0,0,0,0
5,696,1,0,1,1,1,1,1
5,697,0,0,0,0,0,0,0
5,698,2,0,2,2,2,2,2
5,699,2,0,2,2,2,2,2
5,700,2,0,2,2,2,2,2
5,701,0,0,0,0,0,0,0
5,702,0,0,0,0,0,0,0
5,703,1,0,1,1,1,1,1
5,704,0,0,0,0,0,0,0
5,705,0,0,0,0,0,0,0
5,706,2,0,2,2,2,2,2
5,707,0,0,0,0,0,0,0
5,708,2,0,2,2,2,2,2
5,709,2,0,2,2,2,2,2
5,710,2,0,2,2,2,2,2
5,711,2,0,2,2,2,2,2
5,712,1,0,1,1,1,1,1
5,713,2,0,2,2,2,2,2
5,714,2,0,2,2,2,2,2
5,715,2,0,0,0,0,0,1
5,716,2,0,2,2,2,2,2
5,717,2,0,2,2,2,2,2
5,718,1,0,1,1,1,1,1
5,719,1,0,1,1,1,1,1
5,720,2,0,2,2,2,2,2
5,721,2,0,2,2,2,2,2
5,722,2,0,2,2,2,2,2
5,723,0,0,0,0,0,0,0
5,724,1,0,1,1,1,1,1
5,725,1,0,1,1,1,1,1
5,726,2,0,2,2,2,2,2
5,727,2,0,2,2,2,2,2
5,728,2,0,2,2,2,2,2
5,729,0,0,0,0,0,0,0
5,730,0,0,0,0,0,0,0
5,731,0,0,0,0,0,0,0
5,732,2,0,2,2,2,2,2
5,733,1,0,1,1,1,1,1
5,734,1,0,1,1,1,1,1
5,735,0,0,0,0,0,0,0
5,736,2,0,2,2,2,2,2
5,737,2,0,2,2,2,2,2
5,738,2,0,2,2,2,2,2
5,739,1,0,1,1,1,1,1
5,740,1,0,1,1,1,1,1
5,741,0,0,0,0,0,0,0
5,742,1,0,0,0,0,0,2
5,743,2,0,0,2,0,2,2
5,744,0,0,0,0,0,0,0
5,745,0,0,0,2,2,2,2
5,746,1,0,1,1,1,1,1
5,747,2,0,2,2,2,2,2
5,748,1,0,1,1,1,1,1
5,749,0,0,0,0,0,0,0
5,750,2,0,0,0,0,0,2
5,751,0,0,2,2,2,2,2
5,752,1,0,0,0,1,0,2
5,753,0,0,0,0,0,0,0
5,754,2,0,2,2,2,2,2
5,755,2,0,2,2,2,2,2
5,756,1,0,1,1,1,1,1
5,757,2,0,2,2,2,2,2
5,758,0,0,0,0,0,0,0
5,759,1,0,1,1,1,1,1
5,760,0,0,0,0,0,0,0
5,761,1,0,1,1,1,1,1
5,762,2,0,2,2,2,2,2
5,763,1,0,1,1,1,1,1
5,764,1,0,1,1,1,1,1
5,765,1,0,1,1,1,1,1
5,766,0,0,0,0,0,0,0
5,767,2,0,2,2,2,2,2
5,768,2,0,0,2,0,0,2
5,769,2,0,2,2,2,2,2
5,770,0,0,0,0,0,0,0
5,771,1,0,1,1,1,1,1
5,772,0,0,0,0,0,0,0
5,773,2,0,2,2,2,2,2
5,774,0,0,0,0,0,0,0
5,775,2,0,0,0,0,0,0
5,776,0,0,0,0,0,0,0
5,777,2,0,2,2,2,2,2
5,778,2,0,2,2,2,2,2
5,779,0,0,1,0,2,2,1
5,780,2,0,2,2,2,2,2
5,781,0,0,0,0,0,0,0
5,782,1,0,1,1,1,1,1
5,783,0,0,0,0,0,0,0
5,784,0,0,2,2,2,2,2
5,785,2,0,2,2,2,2,2
5,786,1,0,1,1,1,1,1
5,787,0,0,0,0,0,0,2
5,788,1,0,1,1,1,1,1
5,789,2,0,2,2,2,2,2
5,790,2,0,2,2,2,2,2
5,791,2,0,2,2,2,2,2
5,792,2,0,2,2,2,2,2
5,793,1,0,1,1,1,1,1
5,794,0,0,2,2,2,2,2
5,795,1,0,1,1,1,1,1
5,796,0,0,0,0,0,0,0
5,797,2,0,2,2,2,2,2
5,798,1,0,1,1,1,1,1
5,799,2,0,2,2,2,2,2
5,800,0,0,0,0,2,0,2
5,801,0,0,2,1,0,0,2
5,802,0,0,0,0,0,0,0
5,803,1,0,1,1,1,1,1
5,804,2,0,2,2,2,2,2
5,806,2,0,2,2,2,2,2
5,807,0,0,0,0,0,0,0
5,808,2,0,2,2,2,2,2
5,809,2,0,1,1,0,1,0
5,810,1,0,1,1,1,1,1
5,811,2,0,0,2,2,2,2
5,812,1,0,1,1,1,1,1
5,813,0,0,0,0,0,0,0
5,814,1,0,1,1,1,1,1
5,815,0,0,2,2,2,2,2
5,816,1,0,0,0,0,0,2
5,817,0,0,0,0,0,0,0
5,818,1,0,1,1,1,1,1
5,819,2,0,2,2,2,2,2
5,820,1,0,1,1,1,1,1
5,821,1,0,1,2,1,1,2
5,822,1,0,1,1,1,1,1
5,823,1,0,1,1,1,1,1
5,824,1,0,1,1,1,1,1
5,825,2,0,2,0,1,2,2
5,826,2,0,2,1,2,0,2
5,827,1,0,1,1,1,1,1
5,828,2,0,0,0,0,0,0
5,829,0,0,0,0,0,0,0
5,830,0,0,0,0,0,0,0
5,831,1,0,1,1,1,1,1
5,832,2,0,2,2,2,2,2
5,833,0,0,0,0,0,0,0
5,834,2,0,2,2,2,2,2
5,835,1,0,1,1,1,1,1
5,836,2,0,2,2,2,2,2
5,837,1,0,1,1,1,1,1
5,838,0,0,0,0,0,0,0
5,839,1,0,1,1,1,1,1
5,840,1,0,1,1,1,1,1
5,841,2,0,2,2,2,2,2
5,842,1,0,0,1,2,0,2
5,843,0,0,0,0,0,0,0
5,844,2,0,2,2,2,2,2
5,845,2,0,2,2,2,2,2
5,846,0,0,0,0,0,0,0
5,847,2,0,2,2,2,2,2
5,848,0,0,0,2,0,0,2
5,849,0,0,0,0,0,0,2
5,850,1,0,1,1,1,1,1
5,851,1,0,1,1,1,1,1
5,852,2,0,2,2,2,2,2
5,853,1,0,2,1,1,1,2
5,854,0,0,0,0,0,0,0
5,855,2,0,0,1,0,0,2
5,856,1,0,1,1,1,1,1
5,857,2,0,2,2,2,2,2
5,858,0,0,1,0,1,1,0
5,859,2,0,1,1,1,1,2
5,860,1,0,1,1,1,1,1
5,861,2,0,1,0,0,1,0
5,862,2,0,2,2,2,2,2
5,863,0,0,0,0,0,0,0
5,864,1,0,1,1,1,1,1
5,865,0,0,0,0,0,2,2
5,866,2,0,2,1,2,2,2
5,867,1,0,1,1,1,1,1
5,868,0,0,0,0,0,0,0
5,869,1,0,1,1,1,1,1
5,870,1,0,1,1,1,1,1
5,871,1,0,1,1,1,1,1
5,872,1,0,1,1,1,1,1
5,873,0,0,0,0,0,0,0
5,874,0,0,0,0,0,0,0
5,875,1,0,1,1,1,1,1
5,876,1,0,1,1,1,1,1
5,877,0,0,0,0,0,0,0
5,878,1,0,1,1,1,1,1
5,879,0,0,0,0,0,0,0
5,880,1,0,1,1,1,1,1
5,881,1,0,1,1,1,1,1
5,882,0,0,0,0,0,0,0
5,883,0,0,0,0,0,0,0
5,884,1,0,0,0,0,1,2
5,885,2,0,2,2,2,2,2
5,886,0,0,0,0,0,0,0
5,887,2,0,2,2,2,0,2
5,888,1,0,1,1,1,1,1
5,890,2,0,2,2,2,2,2
5,891,2,0,2,2,2,2,2
5,892,2,0,2,2,2,2,2
5,893,1,0,1,1,1,1,1
5,894,2,0,2,2,2,2,2
5,895,2,0,2,2,2,2,2
5,896,1,0,1,1,1,1,1
5,897,0,0,1,2,1,1,2
5,898,0,0,2,2,2,2,2
5,899,0,0,0,0,0,0,0
5,900,0,0,0,0,0,0,0
5,901,0,0,0,0,0,0,0
5,902,1,0,1,0,1,1,2
5,903,0,0,0,0,0,0,0
5,904,2,0,2,2,2,2,2
5,905,0,0,0,0,0,0,0
5,906,1,0,1,1,1,1,1
5,907,0,0,0,0,0,0,0
5,908,2,0,2,2,2,2,2
5,909,2,0,2,2,2,2,2
5,910,0,0,0,0,0,0,0
5,911,0,0,0,0,0,0,0
5,912,0,0,0,0,0,0,0
5,913,1,0,1,1,1,1,1
5,914,1,0,1,1,1,1,1
5,915,2,0,2,2,2,2,2
5,916,0,0,0,0,0,0,0
5,917,1,0,0,0,2,0,2
5,918,1,0,1,1,1,1,1
5,919,2,0,2,1,2,2,2
5,920,1,0,1,1,1,1,1
5,921,1,0,1,1,1,1,1
5,922,2,0,2,2,2,2,2
5,923,0,0,0,0,0,0,0
5,924,2,0,2,2,2,2,2
5,925,1,0,1,1,1,1,1
5,926,1,0,1,1,1,1,1
5,927,1,0,1,1,1,1,1
5,928,2,0,2,2,2,2,2
5,929,1,0,1,1,1,1,1
5,930,0,0,0,0,0,0,0
5,931,2,0,2,2,2,2,2
5,932,2,0,2,2,2,2,2
5,933,2,0,2,2,2,2,2
5,934,1,0,1,1,1,1,1
5,935,0,0,0,0,0,0,0
5,936,0,0,0,0,0,0,0
5,937,2,0,2,2,2,2,2
5,938,1,0,1,1,1,1,1
5,939,2,0,2,2,2,2,2
5,940,1,0,1,1,1,1,1
5,941,0,0,0,0,0,0,0
5,942,1,0,1,1,1,1,1
5,943,2,0,2,2,2,2,2
5,944,2,0,2,2,2,2,2
5,945,2,0,2,2,2,2,2
5,946,2,0,2,2,2,0,2
5,947,2,0,2,2,2,2,2
5,948,2,0,2,2,2,2,2
5,949,2,0,2,2,2,2,2
5,950,1,0,1,1,1,1,1
5,951,2,0,2,2,2,2,2
5,952,2,0,2,2,2,2,2
5,953,2,0,2,2,2,2,2
5,954,0,0,0,0,0,0,0
5,955,1,0,1,1,1,1,1
5,956,2,0,2,2,2,2,2
5,957,2,0,2,2,2,2,2
5,958,0,0,0,0,0,0,0
5,959,0,0,0,0,0,0,0
5,960,2,0,2,2,2,2,2
5,961,2,0,2,2,2,2,2
5,962,0,0,0,0,0,0,0
5,963,2,0,2,2,2,2,2
5,964,0,0,0,0,0,0,0
5,965,1,0,1,1,1,1,1
5,966,2,0,2,2,2,2,2
5,967,1,0,1,1,1,1,1
5,968,0,0,0,0,0,0,0
5,969,1,0,1,1,1,1,1
5,970,1,0,1,1,1,1,1
5,971,2,0,2,2,2,2,2
5,972,0,0,0,0,0,0,0
5,973,2,0,2,2,2,2,2
5,974,0,0,0,0,0,0,0
5,975,2,0,2,2,2,2,2
5,976,0,0,0,0,0,0,0
5,977,1,0,1,1,1,1,1
5,978,2,0,1,1,1,1,2
5,979,2,0,2,2,2,2,2
5,980,0,0,0,0,0,0,0
5,981,1,0,1,1,1,1,1
5,982,2,0,2,2,2,2,2
5,983,2,0,2,2,2,2,2
5,984,0,0,0,0,1,2,2
5,985,2,0,2,2,2,2,2
5,986,2,0,2,2,2,2,2
5,987,0,0,0,0,0,0,0
5,988,2,0,2,2,2,2,2
5,989,0,0,0,0,0,0,2
5,990,1,0,1,1,1,1,1
5,991,1,0,1,1,1,1,1
5,992,2,0,2,2,2,2,2
5,993,2,0,2,2,2,2,2
5,994,0,0,0,0,0,0,0
5,995,1,0,1,1,1,1,1
5,996,2,0,2,2,2,2,2
5,997,0,0,0,0,0,0,0
5,998,0,0,0,0,0,0,0
5,999,0,0,0,0,0,0,0
5,1000,1,0,1,1,1,1,1
5,1001,1,0,1,1,1,1,1
5,1002,1,0,2,0,2,2,2
5,1003,1,0,2,2,1,2,2
5,1004,0,0,0,0,0,0,0
5,1005,1,0,2,0,2,2,2
5,1006,1,0,1,1,1,1,1
5,1007,0,0,0,0,0,0,0
5,1008,1,0,1,1,1,1,1
5,1009,2,0,2,2,2,2,2
5,1010,1,0,1,1,1,1,1
5,1011,2,0,2,2,2,2,2
5,1012,0,0,0,0,0,0,0
5,1013,0,0,2,1,2,2,2
5,1014,0,0,0,0,0,2,2
5,1015,1,0,1,1,1,1,1
5,1016,0,0,0,0,0,0,0
5,1017,0,0,0,0,0,0,0
5,1018,0,0,0,0,0,0,0
5,1019,2,0,2,2,2,2,2
5,1020,0,0,0,0,0,0,0
5,1021,2,0,2,1,2,2,2
5,1022,2,0,2,2,2,2,2
5,1023,0,0,0,0,0,0,2
5,1024,0,0,0,0,0,0,0
5,1025,2,0,2,2,2,2,2
5,1026,1,0,2,0,2,2,2
5,1027,1,0,1,1,1,1,1
5,1028,2,0,2,2,2,2,2
5,1029,2,0,2,2,2,2,2
5,1030,0,0,0,0,0,0,0
5,1031,1,0,1,1,1,1,1
5,1032,2,0,2,2,2,2,2
5,1033,0,0,0,0,0,0,0
5,1034,2,0,2,2,2,2,2
5,1035,0,0,0,2,2,0,2
5,1036,0,0,0,0,0,0,0
5,1037,1,0,2,2,2,2,2
5,1038,1,0,1,1,1,1,1
5,1039,2,0,2,2,2,2,2
5,1040,2,0,0,0,0,2,2
5,1041,2,0,2,2,2,2,2
5,1042,0,0,0,2,0,0,2
5,1043,1,0,1,1,1,1,1
5,1044,2,0,2,2,2,2,2
5,1045,1,0,1,1,1,1,1
5,1046,1,0,1,1,1,1,1
5,1047,2,0,1,0,1,1,2
5,1048,0,0,2,2,2,2,2
5,1049,0,0,0,0,0,0,0
5,1050,0,0,0,0,0,0,0
5,1051,0,0,0,0,0,0,0
5,1052,2,0,0,2,1,0,2
5,1053,1,0,2,0,1,0,2
5,1054,2,0,2,2,2,2,2
5,1055,0,0,2,0,2,2,2
5,1056,0,0,0,0,0,0,0
5,1057,1,0,1,1,1,1,1
5,1058,1,0,1,1,1,1,1
5,1059,2,0,2,2,2,2,2
5,1060,2,0,2,2,2,2,2
5,1061,0,0,0,0,0,0,0
5,1062,0,0,0,0,0,0,0
5,1063,0,0,0,0,0,0,0
5,1064,2,0,2,2,2,2,2
5,1065,2,0,1,1,1,1,2
5,1066,2,0,2,2,2,2,2
5,1067,1,0,1,1,1,1,1
5,1068,0,0,0,0,0,0,0
5,1069,1,0,1,1,1,1,1
5,1070,2,0,2,2,2,2,2
5,1071,2,0,2,2,2,2,2
5,1072,2,0,2,2,2,2,2
5,1073,0,0,1,1,2,2,0
5,1074,1,0,1,1,1,1,1
5,1075,1,0,1,1,1,1,1
5,1076,2,0,2,2,2,2,2
5,1077,0,0,0,0,0,0,0
5,1078,0,0,0,0,0,0,0
5,1079,2,0,2,0,2,2,2
5,1080,2,0,0,0,0,0,2
5,1081,2,0,2,2,2,2,2
5,1082,1,0,1,1,1,1,1
5,1083,2,0,2,2,2,2,2
5,1084,2,0,2,2,2,2,2
5,1085,2,0,2,2,2,2,2
5,1086,0,0,2,2,2,2,2
5,1087,0,0,0,0,0,0,0
5,1088,2,0,2,2,2,2,2
5,1089,0,0,2,1,2,2,2
5,1090,0,0,0,0,0,0,2
5,1091,2,0,2,2,2,2,2
5,1092,1,0,1,1,1,1,1
5,1093,0,0,0,0,0,0,0
5,1094,2,0,1,2,1,1,2
5,1095,1,0,1,1,1,1,1
5,1096,2,0,0,0,0,0,0
5,1097,0,0,0,0,0,0,0
5,1098,2,0,2,2,2,2,2
5,1099,2,0,2,2,2,2,2
6,0,1,0,1,1,1,1,1
6,1,2,0,2,2,2,2,2
6,2,1,0,1,1,1,1,1
6,3,2,0,2,2,2,2,2
6,4,1,0,0,0,0,0,2
6,5,2,0,2,2,2,2,2
6,6,0,0,0,0,0,0,0
6,7,2,0,2,2,2,2,2
6,8,1,0,1,1,1,1,1
6,9,1,0,2,2,2,2,2
6,10,2,0,2,2,2,2,2
6,11,2,0,2,2,2,2,2
6,12,0,0,0,0,0,0,0
6,13,2,0,0,2,0,1,1
6,14,0,0,0,0,0,0,0
6,15,1,0,1,1,1,1,1
6,16,0,0,0,0,0,0,0
6,17,0,0,0,0,0,0,0
6,18,1,0,1,1,1,1,1
6,19,2,0,2,2,2,2,2
6,20,0,0,0,0,0,0,0
6,21,2,0,2,2,2,2,2
6,22,0,0,0,0,0,0,0
6,23,2,0,2,2,2,2,2
6,24,1,0,1,1,1,1,1
6,25,0,0,0,0,0,0,0
6,26,2,0,2,2,2,2,2
6,27,0,0,0,0,0,0,2
6,28,1,0,1,1,1,1,1
6,29,2,0,2,2,2,2,2
6,30,0,0,0,0,0,0,0
6,31,1,0,2,2,2,2,2
6,32,2,0,2,2,2,2,2
6,33,1,0,1,1,1,1,1
6,34,0,0,0,0,0,0,0
6,35,1,0,1,1,1,1,1
6,36,1,0,1,1,1,1,1
6,37,0,0,0,0,0,0,0
6,38,2,0,2,2,2,2,2
6,39,0,0,0,0,0,0,0
6,40,0,0,0,0,0,0,0
6,41,0,0,0,0,0,0,0
6,42,0,0,0,0,0,0,0
6,43,2,0,2,2,2,2,2
6,44,2,0,2,2,2,2,2
6,45,0,0,0,0,0,0,0
6,46,2,0,2,2,2,2,2
6,47,0,0,0,0,0,0,0
6,48,1,0,1,1,1,1,1
6,49,0,0,0,0,0,0,0
6,50,0,0,0,0,0,0,0
6,51,1,0,1,1,1,1,1
6,52,0,0,0,0,0,0,0
6,53,2,0,2,2,2,2,2
6,54,1,0,1,1,1,1,1
6,55,1,0,1,1,1,1,1
6,56,1,0,1,1,1,1,1
6,57,0,0,0,0,0,0,0
6,58,0,0,0,0,0,0,0
6,59,0,0,0,0,0,0,0
6,60,0,0,0,0,0,0,0
6,61,1,0,0,0,0,2,2
6,62,0,0,0,0,0,0,0
6,63,1,0,1,1,1,1,1
6,64,0,0,2,0,1,1,2
6,65,0,0,0,0,0,0,0
6,66,2,0,2,2,2,2,2
6,67,1,0,1,1,1,1,1
6,68,1,0,1,1,1,1,1
6,69,1,0,0,0,0,0,2
6,70,0,0,0,0,0,0,0
6,71,2,0,2,2,2,2,2
6,72,0,0,0,0,0,0,0
6,73,0,0,0,0,0,0,0
6,74,2,0,2,2,2,2,2
6,75,2,0,2,2,2,2,2
6,76,2,0,2,2,2,2,2
6,77,0,0,0,0,0,0,0
6,78,1,0,1,1,1,1,1
6,79,2,0,2,2,2,2,2
6,80,0,0,0,0,0,0,0
6,81,1,0,1,1,1,1,1
6,82,2,0,2,2,2,2,2
6,83,0,0,0,0,0,0,0
6,84,1,0,1,1,1,1,1
6,85,1,0,1,1,1,1,1
6,86,1,0,1,1,1,1,1
6,87,2,0,2,2,2,2,2
6,88,1,0,1,1,1,1,1
6,89,2,0,2,2,2,2,2
6,90,1,0,1,1,1,1,1
6,91,2,0,2,2,2,2,2
6,92,2,0,2,2,2,2,2
6,93,2,0,0,0,0,0,2
6,94,0,0,2,2,2,2,1
6,95,1,0,1,0,1,1,2
6,96,2,0,2,2,2,2,2
6,97,2,0,2,2,2,2,2
6,98,0,0,0,0,0,0,0
6,99,1,0,1,1,1,1,1
6,100,1,0,1,1,1,1,1
6,101,1,0,0,1,0,0,2
6,102,1,0,1,1,1,1,1
6,103,1,0,1,1,1,1,1
6,104,0,0,0,0,0,0,0
6,105,0,0,0,0,0,0,0
6,106,2,0,2,2,2,2,2
6,107,0,0,0,0,0,0,0
6,108,2,0,2,2,2,2,2
6,109,2,0,2,2,2,2,2
6,110,0,0,0,0,0,0,0
6,111,2,0,2,2,2,2,2
6,112,0,0,0,0,0,0,0
6,113,1,0,1,1,1,1,1
6,114,2,0,0,0,0,0,2
6,115,2,0,2,2,2,2,2
6,116,1,0,1,1,1,1,1
6,117,2,0,2,2,2,2,2
6,118,2,0,2,2,2,2,2
6,119,1,0,1,1,1,1,1
6,120,0,0,0,0,0,0,0
6,121,2,0,2,2,2,2,2
6,122,0,0,0,0,0,0,0
6,123,1,0,1,1,1,1,1
6,124,1,0,1,1,1,1,1
6,125,0,0,0,0,0,0,2
6,126,1,0,1,1,1,1,1
6,127,0,0,0,0,0,0,0
6,128,2,0,2,2,2,2,1
6,129,1,0,1,1,1,1,1
6,130,0,0,0,0,0,0,0
6,131,1,0,1,1,1,1,1
6,132,0,0,2,0,1,2,1
6,133,1,0,1,1,1,1,1
6,134,1,0,1,1,1,1,1
6,135,0,0,2,2,2,2,2
6,136,0,0,0,0,0,0,0
6,137,2,0,2,2,2,2,2
6,138,0,0,0,0,0,0,0
6,139,1,0,1,1,1,1,1
6,140,2,0,1,2,1,2,2
6,141,0,0,1,0,1,1,2
6,142,1,0,1,1,1,1,1
6,143,0,0,0,0,0,0,0
6,144,2,0,2,2,2,2,2
6,145,0,0,0,0,0,0,0
6,146,1,0,1,1,1,1,1
6,147,2,0,2,2,2,2,2
6,148,1,0,1,1,1,1,1
6,149,2,0,2,2,2,2,2
6,150,0,0,0,0,0,0,0
6,151,1,0,1,1,1,1,1
6,152,1,0,1,1,1,1,1
6,153,2,0,2,2,2,2,2
6,154,2,0,2,2,2,2,2
6,155,1,0,1,1,1,1,1
6,156,0,0,0,0,0,0,0
6,157,1,0,1,1,1,1,1
6,158,0,0,0,0,0,0,0
6,159,0,0,0,0,0,0,0
6,160,1,0,1,1,1,1,1
6,161,1,0,2,1,2,2,2
6,162,2,0,2,2,2,2,2
6,163,1,0,1,1,1,1,1
6,164,0,0,0,0,0,0,0
6,165,2,0,2,2,2,2,2
6,166,1,0,1,1,1,1,1
6,167,0,0,0,0,0,0,0
6,168,1,0,1,1,1,1,1
6,169,1,0,1,1,1,1,1
6,170,0,0,0,0,0,0,0
6,171,2,0,0,0,0,0,2
6,172,1,0,1,1,1,1,1
6,173,0,0,0,0,0,0,0
6,174,0,0,0,0,0,0,0
6,175,2,0,2,2,2,2,2
6,176,2,0,2,2,2,2,2
6,177,2,0,2,2,2,2,2
6,178,1,0,1,0,1,1,2
6,179,0,0,0,1,0,0,2
6,180,0,0,0,0,0,0,0
6,181,2,0,2,2,2,2,2
6,182,1,0,1,1,1,1,1
6,183,0,0,0,0,0,0,0
6,184,2,0,2,2,2,2,2
6,185,2,0,2,2,2,2,2
6,186,1,0,1,1,1,1,1
6,187,0,0,0,0,0,0,0
6,188,1,0,1,1,1,1,1
6,189,2,0,2,2,2,2,2
6,190,1,0,0,0,0,0,2
6,191,1,0,1,1,1,1,1
6,192,2,0,2,0,0,2,2
6,193,1,0,1,1,1,1,1
6,194,2,0,0,2,2,0,2
6,195,2,0,2,2,2,2,2
6,196,2,0,2,2,2,2,2
6,197,0,0,0,0,0,0,0
6,198,1,0,1,1,1,1,1
6,199,0,0,2,0,2,2,2
6,200,2,0,2,2,2,2,2
6,201,2,0,2,2,2,2,2
6,202,2,0,2,2,2,2,2
6,203,1,0,1,1,1,1,1
6,204,0,0,0,2,2,0,2
6,205,2,0,2,2,2,2,2
6,206,2,0,2,2,2,2,2
6,207,2,0,2,2,2,2,2
6,208,2,0,2,2,2,2,2
6,209,2,0,2,0,2,2,2
6,210,1,0,1,1,1,1,1
6,211,0,0,2,2,2,2,1
6,212,0,0,0,0,0,0,0
6,213,1,0,1,1,1,1,1
6,214,0,0,0,0,0,0,0
6,215,2,0,2,2,2,2,2
6,216,1,0,1,1,1,1,1
6,217,1,0,1,1,1,1,1
6,218,0,0,0,0,0,0,0
6,219,0,0,2,2,2,2,2
6,220,1,0,0,0,2,0,1
6,221,1,0,1,1,1,1,1
6,222,1,0,1,1,1,1,1
6,223,2,0,2,2,2,2,2
6,224,0,0,0,0,0,0,0
6,225,1,0,1,1,1,1,1
6,226,2,0,2,2,2,2,2
6,227,1,0,1,1,1,1,1
6,228,1,0,1,1,1,1,1
6,229,1,0,1,1,1,1,1
6,230,0,0,0,0,0,0,0
6,231,0,0,0,0,0,0,0
6,232,0,0,0,0,0,0,0
6,233,1,0,1,1,1,1,1
6,234,2,0,2,2,2,2,2
6,235,2,0,2,2,2,2,2
6,236,2,0,2,2,2,2,2
6,237,1,0,1,1,1,1,1
6,238,1,0,1,1,1,1,1
6,239,0,0,0,0,0,0,0
6,240,1,0,1,1,1,1,1
6,241,1,0,0,2,0,0,2
6,242,1,0,1,1,1,1,1
6,243,1,0,1,1,1,1,1
6,244,0,0,0,0,0,0,0
6,245,0,0,0,0,0,0,0
6,246,0,0,0,0,0,0,0
6,247,2,0,2,2,2,2,2
6,248,2,0,2,2,2,2,2
6,249,0,0,0,0,0,0,0
6,250,2,0,2,2,2,2,2
6,251,1,0,1,1,1,1,1
6,252,0,0,0,0,0,0,2
6,253,1,0,1,1,1,1,1
6,254,0,0,0,0,0,0,0
6,255,1,0,0,1,0,0,2
6,256,0,0,0,0,0,0,0
6,257,0,0,0,0,0,0,0
6,258,1,0,1,1,1,1,1
6,259,1,0,1,2,2,2,2
6,260,0,0,0,0,0,0,0
6,261,1,0,1,1,1,1,1
6,262,0,0,0,0,0,0,0
6,263,1,0,1,1,1,1,1
6,264,1,0,1,1,1,1,1
6,265,1,0,1,1,1,1,1
6,266,1,0,1,1,1,1,1
6,267,2,0,2,2,2,2,2
6,268,0,0,0,0,0,0,0
6,269,0,0,0,0,0,0,0
6,270,1,0,1,1,1,1,1
6,271,0,0,0,0,0,0,0
6,272,2,0,2,2,2,2,2
6,273,2,0,2,2,2,2,2
6,274,0,0,0,0,0,0,0
6,275,0,0,1,1,2,1,2
6,276,2,0,2,2,2,2,2
6,277,2,0,2,2,2,2,2
6,278,1,0,2,2,2,2,2
6,279,1,0,1,1,1,1,1
6,280,2,0,2,2,2,2,2
6,281,0,0,0,0,0,0,0
6,282,2,0,2,2,2,2,2
6,283,2,0,2,2,2,2,2
6,284,2,0,2,2,2,2,1
6,285,2,0,2,2,2,2,2
6,286,2,0,0,0,0,1,2
6,287,0,0,0,0,0,0,0
6,288,2,0,2,2,2,2,2
6,289,2,0,2,2,2,2,2
6,290,0,0,2,0,2,2,1
6,291,0,0,0,0,0,0,0
6,292,0,0,0,0,0,0,0
6,293,0,0,2,1,2,2,1
6,294,2,0,2,2,2,2,2
6,295,1,0,2,2,2,2,2
6,296,0,0,2,1,1,2,2
6,297,1,0,1,1,1,1,1
6,298,1,0,1,1,1,1,1
6,299,1,0,2,0,2,2,2
6,300,0,0,0,0,0,0,0
6,301,1,0,1,1,1,1,1
6,302,0,0,0,0,1,1,2
6,303,2,0,2,2,2,2,2
6,304,0,0,0,0,0,0,0
6,305,1,0,0,2,2,2,2
6,306,0,0,0,0,0,0,0
6,307,1,0,1,1,1,1,1
6,308,2,0,2,2,2,2,2
6,309,1,0,1,1,1,1,1
6,310,0,0,0,0,0,0,0
6,311,1,0,1,1,1,1,1
6,312,0,0,0,0,0,0,2
6,313,1,0,2,2,0,2,2
6,314,0,0,0,0,0,0,0
6,315,0,0,0,0,0,0,0
6,316,2,0,2,2,2,2,2
6,317,0,0,0,0,0,0,0
6,318,0,0,0,0,0,0,0
6,319,1,0,1,1,1,1,1
6,320,0,0,2,2,2,0,2
6,321,0,0,0,0,0,0,0
6,322,2,0,2,2,2,2,2
6,323,2,0,2,2,2,2,2
6,324,1,0,0,0,0,0,2
6,325,1,0,1,1,1,1,1
6,326,0,0,0,0,0,0,0
6,327,0,0,0,0,0,0,0
6,328,2,0,2,2,2,2,2
6,329,1,0,1,1,1,1,1
6,330,1,0,1,1,1,1,1
6,331,0,0,0,0,0,0,0
6,332,0,0,0,0,0,0,0
6,333,0,0,0,0,0,0,0
6,334,1,0,1,1,1,1,1
6,335,0,0,0,0,0,0,0
6,336,1,0,1,1,1,1,1
6,337,0,0,2,2,2,0,2
6,338,0,0,0,0,0,0,0
6,339,1,0,1,1,1,1,2
6,340,2,0,2,2,2,2,2
6,341,1,0,1,1,1,1,1
6,342,2,0,2,2,2,2,2
6,343,2,0,2,2,2,2,2
6,344,2,0,2,2,2,2,2
6,345,2,0,2,2,2,2,2
6,346,2,0,2,2,2,2,2
6,347,2,0,2,2,2,2,2
6,348,2,0,2,2,2,2,2
6,349,2,0,2,2,2,2,2
6,350,1,0,1,1,1,1,1
6,351,1,0,1,1,1,1,1
6,352,1,0,1,1,1,1,1
6,353,2,0,2,2,2,2,2
6,354,2,0,2,2,2,2,2
6,355,2,0,2,2,2,2,2
6,356,0,0,0,0,0,0,0
6,357,1,0,1,1,1,1,1
6,358,0,0,0,0,0,0,0
6,359,0,0,0,0,0,0,0
6,360,0,0,0,0,0,0,2
6,361,1,0,1,1,1,1,1
6,362,1,0,1,1,1,1,1
6,363,0,0,0,0,0,0,0
6,364,1,0,1,1,1,1,1
6,365,0,0,0,0,0,0,0
6,366,0,0,2,2,2,2,2
6,367,0,0,0,0,0,0,0
6,368,0,0,0,0,0,0,0
6,369,0,0,0,0,0,0,0
6,370,0,0,0,0,0,0,0
6,371,2,0,2,2,2,2,2
6,372,2,0,0,0,0,0,2
6,373,1,0,1,1,1,1,1
6,374,2,0,2,2,2,2,2
6,375,2,0,2,2,2,2,2
6,376,1,0,1,1,1,1,1
6,377,0,0,0,0,0,0,0
6,378,2,0,2,2,2,2,2
6,379,1,0,2,2,2,2,2
6,380,1,0,1,1,1,1,1
6,381,0,0,0,0,0,0,0
6,382,2,0,2,2,2,2,2
6,383,1,0,1,1,1,1,1
6,384,0,0,1,1,1,2,0
6,385,2,0,2,2,2,2,2
6,386,1,0,1,1,1,1,1
6,387,1,0,1,1,1,1,1
6,388,2,0,2,2,2,2,2
6,389,0,0,0,0,0,0,0
6,390,1,0,1,1,1,1,1
6,391,2,0,2,2,2,2,2
6,392,1,0,1,1,1,1,1
6,393,2,0,2,2,2,2,2
6,394,2,0,2,2,2,2,2
6,395,0,0,0,0,0,0,0
6,396,2,0,2,2,2,2,0
6,397,0,0,0,0,0,0,0
6,398,2,0,2,2,2,2,2
6,399,2,0,2,2,2,2,2
6,400,2,0,2,2,2,2,2
6,401,2,0,2,2,2,2,2
6,402,0,0,0,0,0,0,0
6,403,2,0,2,2,2,2,2
6,404,1,0,2,2,2,0,2
6,405,0,0,2,2,2,2,2
6,406,2,0,2,2,2,2,2
6,407,0,0,0,0,0,0,0
6,408,0,0,0,0,0,0,2
6,409,1,0,1,1,1,1,1
6,410,1,0,1,1,1,1,1
6,411,2,0,0,0,0,0,2
6,412,1,0,1,1,1,1,1
6,413,1,0,1,1,1,1,1
6,414,1,0,1,1,1,1,1
6,415,2,0,2,2,2,2,2
6,416,2,0,2,2,2,2,2
6,417,2,0,2,2,2,2,2
6,418,0,0,0,0,0,0,0
6,419,0,0,0,0,0,0,0
6,420,2,0,0,0,2,0,2
6,421,0,0,0,0,0,0,0
6,422,1,0,1,1,1,1,2
6,423,2,0,2,2,2,2,2
6,424,1,0,1,1,1,1,1
6,425,0,0,0,0,0,0,0
6,426,2,0,2,2,2,2,2
6,427,1,0,1,1,1,1,1
6,428,0,0,0,0,0,0,0
6,429,2,0,2,2,2,2,2
6,430,2,0,2,2,2,0,2
6,431,1,0,1,1,1,1,1
6,432,0,0,0,0,0,0,0
6,433,0,0,0,0,0,0,0
6,434,0,0,0,0,0,0,0
6,435,1,0,1,1,1,1,1
6,436,0,0,0,0,0,0,0
6,437,1,0,1,1,1,0,2
6,438,1,0,0,2,0,1,2
6,439,0,0,0,0,0,0,0
6,440,0,0,0,0,0,0,0
6,441,1,0,0,0,0,0,2
6,442,0,0,0,0,0,0,0
6,443,2,0,2,2,2,2,2
6,444,1,0,1,1,1,1,1
6,445,2,0,2,2,2,2,2
6,446,2,0,2,2,2,2,2
6,447,2,0,2,2,2,2,2
6,448,2,0,2,2,2,2,2
6,449,0,0,0,0,0,0,1
6,450,2,0,2,2,2,2,2
6,451,0,0,0,0,0,0,0
6,452,1,0,2,1,2,2,1
6,453,2,0,2,2,2,2,2
6,454,0,0,0,0,0,0,2
6,455,0,0,2,2,2,2,2
6,456,0,0,0,0,0,0,0
6,457,1,0,2,2,2,2,2
6,458,1,0,1,1,1,1,1
6,459,1,0,1,1,2,1,2
6,460,2,0,2,2,2,2,2
6,461,2,0,2,2,2,2,2
6,462,1,0,1,1,1,1,1
6,463,1,0,1,1,1,1,1
6,464,2,0,2,2,2,2,2
6,465,0,0,0,0,0,0,0
6,466,2,0,2,2,2,2,2
6,467,2,0,2,2,2,2,2
6,468,2,0,0,1,0,1,2
6,469,2,0,2,2,2,2,2
6,470,2,0,2,2,2,2,2
6,471,1,0,1,1,1,1,1
6,472,0,0,0,0,0,0,0
6,473,0,0,0,0,0,0,0
6,474,1,0,1,1,1,1,2
6,475,0,0,0,1,0,1,2
6,476,1,0,2,2,2,2,2
6,477,2,0,2,2,2,2,2
6,478,1,0,1,1,1,1,1
6,479,0,0,0,0,0,0,0
6,480,2,0,2,2,2,2,2
6,481,1,0,2,2,2,2,2
6,482,1,0,1,0,2,1,2
6,483,2,0,2,2,2,2,2
6,484,2,0,2,2,2,2,2
6,485,2,0,2,2,2,2,2
6,486,0,0,0,0,0,0,0
6,487,0,0,2,0,2,0,2
6,488,1,0,1,0,0,1,2
6,489,1,0,1,1,1,1,1
6,490,2,0,2,2,2,2,2
6,491,2,0,2,2,2,2,2
6,492,1,0,1,1,1,1,1
6,493,1,0,1,2,2,2,2
6,494,0,0,2,2,2,2,2
6,495,1,0,1,1,1,1,1
6,496,0,0,1,2,0,1,2
6,497,0,0,0,0,0,0,0
6,498,1,0,1,1,1,1,1
6,499,2,0,2,2,2,2,2
6,500,0,0,0,0,0,0,0
6,501,2,0,2,2,2,2,2
6,502,0,0,0,0,0,0,0
6,503,1,0,2,2,2,2,2
6,504,2,0,2,2,2,2,2
6,505,0,0,0,0,0,0,0
6,506,1,0,1,1,1,1,1
6,507,1,0,1,1,1,1,1
6,508,2,0,2,2,2,2,2
6,509,2,0,1,1,0,0,2
6,510,0,0,0,0,0,0,0
6,511,2,0,0,2,0,2,0
6,512,0,0,0,0,0,0,0
6,513,2,0,2,2,2,2,2
6,514,1,0,1,1,1,1,1
6,515,1,0,1,1,1,1,1
6,516,0,0,1,0,1,1,2
6,517,0,0,0,0,0,0,0
6,518,2,0,2,2,2,2,2
6,519,1,0,1,1,1,1,1
6,520,1,0,1,2,1,0,2
6,521,0,0,1,1,1,1,1
6,522,1,0,1,1,1,1,1
6,523,2,0,2,2,2,2,2
6,524,1,0,1,1,1,1,1
6,525,1,0,1,1,1,1,1
6,526,0,0,0,0,0,0,0
6,527,2,0,2,2,2,2,2
6,528,1,0,1,1,1,1,1
6,529,0,0,0,0,0,0,0
6,530,0,0,0,0,0,0,0
6,531,1,0,1,1,1,1,1
6,532,1,0,1,1,1,1,1
6,533,0,0,0,0,0,0,0
6,534,0,0,2,0,2,1,2
6,535,2,0,2,2,2,2,2
6,536,1,0,1,1,1,1,1
6,537,2,0,2,2,2,2,2
6,538,2,0,2,2,2,2,2
6,539,2,0,2,2,2,2,2
6,540,2,0,2,2,2,2,2
6,541,0,0,0,0,0,0,0
6,542,2,0,2,2,2,2,2
6,543,0,0,0,0,0,0,0
6,544,0,0,0,0,0,0,0
6,545,2,0,1,1,1,1,2
6,546,1,0,1,1,1,1,1
6,547,0,0,0,0,0,0,0
6,548,1,0,1,1,1,1,1
6,549,1,0,1,1,1,1,1
6,550,0,0,0,0,0,0,0
6,551,1,0,1,1,1,1,1
6,552,0,0,0,0,0,0,0
6,553,1,0,1,1,1,1,1
6,554,0,0,0,0,0,0,2
6,555,0,0,0,0,0,0,0
6,556,0,0,0,0,0,0,0
6,557,2,0,2,2,2,2,2
6,558,0,0,0,0,0,0,0
6,559,0,0,0,0,0,0,0
6,560,1,0,1,1,1,1,1
6,561,1,0,1,1,1,1,1
6,562,2,0,2,2,2,2,2
6,563,2,0,2,2,2,2,2
6,564,1,0,1,1,1,1,1
6,565,1,0,1,1,1,1,1
6,566,0,0,0,0,0,0,0
6,567,2,0,2,2,2,2,2
6,568,0,0,0,0,0,0,0
6,569,1,0,1,1,1,1,1
6,570,1,0,1,1,1,1,1
6,571,2,0,0,0,0,0,2
6,572,2,0,2,2,2,2,2
6,573,0,0,0,0,0,0,0
6,574,0,0,0,0,0,1,2
6,575,1,0,1,1,1,1,1
6,576,0,0,0,0,0,0,0
6,577,0,0,2,1,2,2,1
6,578,1,0,1,1,1,1,1
6,579,0,0,0,0,0,0,0
6,580,2,0,2,2,2,2,2
6,581,0,0,0,0,0,0,0
6,582,0,0,0,0,0,0,0
6,583,0,0,0,0,0,0,2
6,584,0,0,0,0,0,0,0
6,585,1,0,1,1,1,1,1
6,586,0,0,0,0,0,0,0
6,587,2,0,2,2,2,2,2
6,588,0,0,0,0,0,0,0
6,589,2,0,0,0,2,0,2
6,590,1,0,1,1,1,1,1
6,591,2,0,2,2,2,2,2
6,592,2,0,2,0,2,2,2
6,593,2,0,2,2,2,2,2
6,594,1,0,1,1,1,1,1
6,595,1,0,1,1,1,1,1
6,596,2,0,2,2,2,2,2
6,597,1,0,2,0,2,2,2
6,598,1,0,1,1,1,1,1
6,599,0,0,0,0,0,0,0
6,600,0,0,0,0,0,0,0
6,601,2,0,2,2,2,2,2
6,602,2,0,2,2,2,2,2
6,603,1,0,1,1,1,1,1
6,604,0,0,0,0,0,0,0
6,605,0,0,0,0,0,0,0
6,606,2,0,0,0,1,0,2
6,607,0,0,0,2,0,0,2
6,608,1,0,1,1,1,1,1
6,609,0,0,0,0,0,0,0
6,610,1,0,1,1,1,1,1
6,611,1,0,1,1,1,1,1
6,612,1,0,1,1,1,1,1
6,613,0,0,0,0,0,0,0
6,614,0,0,0,0,0,0,0
6,615,1,0,1,1,1,1,1
6,616,2,0,2,2,2,2,2
6,617,1,0,1,1,1,1,1
6,618,1,0,1,1,1,1,1
6,619,1,0,1,1,1,1,1
6,620,1,0,1,1,1,1,1
6,621,0,0,0,0,0,0,0
6,622,1,0,1,1,1,1,1
6,623,1,0,1,1,1,1,1
6,624,0,0,0,0,0,0,0
6,625,1,0,1,1,1,1,1
6,626,1,0,1,1,1,1,1
6,627,1,0,1,1,1,1,1
6,628,0,0,0,0,0,0,0
6,629,1,0,1,1,1,1,1
6,630,0,0,0,0,0,0,0
6,631,2,0,2,2,2,2,2
6,632,0,0,1,0,2,2,2
6,633,2,0,2,2,2,2,2
6,634,1,0,0,0,2,0,2
6,635,2,0,2,2,2,2,2
6,636,1,0,1,1,1,1,1
6,637,1,0,0,0,0,0,2
6,638,0,0,0,0,0,0,0
6,639,1,0,1,1,1,1,1
6,640,0,0,0,0,0,0,0
6,641,2,0,2,2,2,2,2
6,642,2,0,2,2,2,2,2
6,643,0,0,0,0,0,0,0
6,644,2,0,2,2,2,2,2
6,645,1,0,1,1,1,1,1
6,646,0,0,0,0,0,0,0
6,647,0,0,0,0,0,0,0
6,648,0,0,0,0,2,0,2
6,649,1,0,2,0,2,2,2
6,650,0,0,0,0,0,0,0
6,651,0,0,0,0,0,0,0
6,652,0,0,0,0,0,0,0
6,653,0,0,0,0,0,0,0
6,654,0,0,0,0,0,0,0
6,655,1,0,1,1,1,1,1
6,656,2,0,2,2,2,2,2
6,657,0,0,0,0,0,0,0
6,658,1,0,1,1,1,1,1
6,659,1,0,1,1,1,1,1
6,660,1,0,1,1,1,1,1
6,661,2,0,2,2,2,2,2
6,662,2,0,2,2,2,2,2
6,663,0,0,0,0,0,0,0
6,664,0,0,0,0,0,0,0
6,665,1,0,1,1,1,1,1
6,666,1,0,1,1,1,1,1
6,667,0,0,0,0,0,0,0
6,668,0,0,2,2,2,2,2
6,669,0,0,0,0,2,0,2
6,670,1,0,1,1,1,1,1
6,671,0,0,0,0,0,0,0
6,672,0,0,0,0,0,0,0
6,673,1,0,1,1,1,1,1
6,674,1,0,1,1,1,1,1
6,675,2,0,2,2,2,2,2
6,676,1,0,1,1,1,1,1
6,677,2,0,2,2,2,2,2
6,678,0,0,0,0,0,0,2
6,679,1,0,1,1,1,1,1
6,680,2,0,2,2,2,2,2
6,681,0,0,0,0,0,0,0
6,682,1,0,1,1,1,1,1
6,683,0,0,0,0,0,0,0
6,684,1,0,1,1,1,1,1
6,685,0,0,0,0,0,0,0
6,686,2,0,2,2,2,2,2
6,687,2,0,2,2,2,2,2
6,688,0,0,0,0,0,0,0
6,689,2,0,2,2,2,2,2
6,690,2,0,2,2,2,2,2
6,691,2,0,1,1,1,1,2
6,692,1,0,1,0,1,2,2
6,693,0,0,0,0,0,0,0
6,694,0,0,0,0,0,0,0
6,695,0,0,0,0,0,0,0
6,696,1,0,1,1,1,1,1
6,697,0,0,0,0,0,0,0
6,698,2,0,2,2,2,2,2
6,699,2,0,2,2,2,2,2
6,700,2,0,2,2,2,2,2
6,701,0,0,0,0,0,0,0
6,702,0,0,0,0,0,0,0
6,703,1,0,1,1,1,1,1
6,704,0,0,0,0,0,0,0
6,705,0,0,0,0,0,0,0
6,706,2,0,2,2,2,2,2
6,707,0,0,0,0,0,0,0
6,708,2,0,2,2,2,2,2
6,709,2,0,2,2,2,2,2
6,710,2,0,2,2,2,0,2
6,711,2,0,2,2,2,2,2
6,712,1,0,1,1,1,1,1
6,713,2,0,2,2,2,2,2
6,714,2,0,2,2,2,2,2
6,715,2,0,0,0,0,0,2
6,716,2,0,2,2,2,2,2
6,717,2,0,2,2,2,2,2
6,718,1,0,1,1,1,1,1
6,719,1,0,1,1,1,1,1
6,720,2,0,2,2,2,2,2
6,721,2,0,2,2,2,2,2
6,722,2,0,2,2,2,2,2
6,723,0,0,0,0,0,0,0
6,724,1,0,1,1,1,1,1
6,725,1,0,1,1,1,1,1
6,726,2,0,2,2,2,2,2
6,727,2,0,2,2,2,2,2
6,728,2,0,2,2,2,2,2
6,729,0,0,0,0,0,0,0
6,730,0,0,0,0,0,0,0
6,731,0,0,0,0,0,0,0
6,732,2,0,2,2,2,2,2
6,733,1,0,1,1,1,1,1
6,734,1,0,1,1,1,1,1
6,735,0,0,0,0,0,0,0
6,736,2,0,2,2,2,2,2
6,737,2,0,2,2,2,2,2
6,738,2,0,2,2,2,2,2
6,739,1,0,1,1,1,1,1
6,740,1,0,1,1,1,1,1
6,741,0,0,0,0,0,0,0
6,742,1,0,0,0,0,0,2
6,743,2,0,0,0,0,2,2
6,744,0,0,0,0,0,0,0
6,745,0,0,0,0,0,2,2
6,746,1,0,1,1,1,1,1
6,747,2,0,2,2,2,2,2
6,748,1,0,1,1,1,1,1
6,749,0,0,0,0,0,0,0
6,750,2,0,0,0,0,0,2
6,751,0,0,2,0,2,2,2
6,752,1,0,0,1,0,0,2
6,753,0,0,0,0,0,0,0
6,754,2,0,2,2,2,2,2
6,755,2,0,2,2,2,2,2
6,756,1,0,1,1,1,1,1
6,757,2,0,2,2,2,2,2
6,758,0,0,0,0,0,0,0
6,759,1,0,1,1,1,1,1
6,760,0,0,0,0,0,0,0
6,761,1,0,1,1,1,1,1
6,762,2,0,2,2,2,2,2
6,763,1,0,1,1,1,1,1
6,764,1,0,1,1,1,1,1
6,765,1,0,1,1,1,1,1
6,766,0,0,0,0,0,0,0
6,767,2,0,2,2,2,2,2
6,768,2,0,0,2,0,0,2
6,769,2,0,2,2,2,2,2
6,770,0,0,0,0,0,0,0
6,771,1,0,1,1,1,1,1
6,772,0,0,0,0,0,0,0
6,773,2,0,2,2,2,2,2
6,774,0,0,0,0,0,0,0
6,775,2,0,0,0,0,0,2
6,776,0,0,0,0,0,0,0
6,777,2,0,2,2,2,2,2
6,778,2,0,2,2,2,2,2
6,779,0,0,2,2,2,2,2
6,780,2,0,2,2,2,2,2
6,781,0,0,0,0,0,0,0
6,782,1,0,1,1,1,1,1
6,783,0,0,0,0,0,0,0
6,784,0,0,2,2,2,2,1
6,785,2,0,2,2,2,2,2
6,786,1,0,1,1,1,1,1
6,787,0,0,0,0,0,0,2
6,788,1,0,1,1,1,1,1
6,789,2,0,2,2,2,2,2
6,790,2,0,2,2,2,2,2
6,791,2,0,1,2,1,1,2
6,792,2,0,2,2,2,2,2
6,793,1,0,1,1,1,1,1
6,794,0,0,2,0,2,2,2
6,795,1,0,1,1,1,1,1
6,796,0,0,0,0,0,0,0
6,797,2,0,2,2,2,2,2
6,798,1,0,1,1,1,1,1
6,799,2,0,2,2,2,2,2
6,800,0,0,0,0,1,0,2
6,801,0,0,2,2,2,2,2
6,802,0,0,0,0,0,0,0
6,803,1,0,1,1,1,1,1
6,804,2,0,2,2,2,2,2
6,806,2,0,2,2,2,2,2
6,807,0,0,0,0,0,0,0
6,808,2,0,2,2,2,2,2
6,809,2,0,1,1,1,1,2
6,810,1,0,1,1,1,1,1
6,811,2,0,0,2,2,2,2
6,812,1,0,1,1,1,1,1
6,813,0,0,0,0,0,0,0
6,814,1,0,1,1,1,1,1
6,815,0,0,2,1,2,2,2
6,816,1,0,0,0,1,1,2
6,817,0,0,0,0,0,0,0
6,818,1,0,1,1,1,1,1
6,819,2,0,2,2,2,2,2
6,820,1,0,1,1,1,1,1
6,821,1,0,2,0,0,2,2
6,822,1,0,1,1,1,1,1
6,823,1,0,1,1,1,1,1
6,824,1,0,1,1,1,1,1
6,825,2,0,1,2,1,2,2
6,826,2,0,2,2,2,0,2
6,827,1,0,1,1,1,1,1
6,828,2,0,0,0,0,0,0
6,829,0,0,0,0,0,0,0
6,830,0,0,0,0,0,0,0
6,831,1,0,1,1,1,1,1
6,832,2,0,0,0,0,0,2
6,833,0,0,0,0,0,0,0
6,834,2,0,2,2,2,2,2
6,835,1,0,1,1,1,1,1
6,836,2,0,2,2,2,2,2
6,837,1,0,1,1,1,1,1
6,838,0,0,0,0,0,0,0
6,839,1,0,1,1,1,1,1
6,840,1,0,1,1,1,1,1
6,841,2,0,2,2,2,2,2
6,842,1,0,0,1,0,0,2
6,843,0,0,0,0,0,0,0
6,844,2,0,2,2,2,2,2
6,845,2,0,2,2,2,2,2
6,846,0,0,0,0,0,0,0
6,847,2,0,2,2,2,2,2
6,848,0,0,0,1,1,1,2
6,849,0,0,0,0,0,0,0
6,850,1,0,1,1,1,1,1
6,851,1,0,1,1,1,1,1
6,852,2,0,2,2,2,2,2
6,853,1,0,2,2,0,1,2
6,854,0,0,0,0,0,0,0
6,855,2,0,0,1,2,2,2
6,856,1,0,1,1,1,1,1
6,857,2,0,2,0,2,2,2
6,858,0,0,1,0,1,1,2
6,859,2,0,1,0,1,1,2
6,860,1,0,1,1,1,1,1
6,861,2,0,1,2,0,1,2
6,862,2,0,2,2,2,2,2
6,863,0,0,0,0,0,0,0
6,864,1,0,1,1,1,1,1
6,865,0,0,0,0,2,2,2
6,866,2,0,2,0,2,2,2
6,867,1,0,1,1,1,1,1
6,868,0,0,0,0,0,0,0
6,869,1,0,1,1,1,1,1
6,870,1,0,1,1,1,1,1
6,871,1,0,1,1,1,1,1
6,872,1,0,1,1,1,1,1
6,873,0,0,0,0,0,0,0
6,874,0,0,0,0,0,0,0
6,875,1,0,1,1,1,1,1
6,876,1,0,1,1,1,1,1
6,877,0,0,0,0,0,0,0
6,878,1,0,1,1,1,1,1
6,879,0,0,0,0,0,0,0
6,880,1,0,1,1,1,1,1
6,881,1,0,1,1,1,1,1
6,882,0,0,0,0,0,0,0
6,883,0,0,0,0,0,0,0
6,884,1,0,1,0,1,1,2
6,885,2,0,2,2,2,2,2
6,886,0,0,0,0,0,0,0
6,887,2,0,2,2,2,0,2
6,888,1,0,1,1,1,1,1
6,890,2,0,2,2,2,2,2
6,891,2,0,2,2,2,2,2
6,892,2,0,2,2,2,2,2
6,893,1,0,1,1,1,1,1
6,894,2,0,2,2,2,2,2
6,895,2,0,2,2,2,2,2
6,896,1,0,1,1,1,1,1
6,897,0,0,1,1,1,1,2
6,898,0,0,2,2,2,2,2
6,899,0,0,0,0,0,0,0
6,900,0,0,0,0,0,0,0
6,901,0,0,0,0,0,0,0
6,902,1,0,1,1,1,1,2
6,903,0,0,0,0,0,0,0
6,904,2,0,2,2,2,2,2
6,905,0,0,0,0,0,0,0
6,906,1,0,1,1,1,1,1
6,907,0,0,0,0,0,0,0
6,908,2,0,2,2,2,2,2
6,909,2,0,2,2,2,2,2
6,910,0,0,0,0,0,0,0
6,911,0,0,0,0,0,0,0
6,912,0,0,0,0,0,0,0
6,913,1,0,1,1,1,1,1
6,914,1,0,1,1,1,1,1
6,915,2,0,2,2,2,2,2
6,916,0,0,0,0,0,0,0
6,917,1,0,0,0,0,0,2
6,918,1,0,1,1,1,1,1
6,919,2,0,1,1,2,2,2
6,920,1,0,1,1,1,1,1
6,921,1,0,1,1,1,1,1
6,922,2,0,2,2,2,2,2
6,923,0,0,0,0,0,0,0
6,924,2,0,2,2,2,2,2
6,925,1,0,1,1,1,1,1
6,926,1,0,1,1,1,1,1
6,927,1,0,1,1,1,1,1
6,928,2,0,2,2,2,2,2
6,929,1,0,1,1,1,1,1
6,930,0,0,0,0,0,0,0
6,931,2,0,2,2,2,2,2
6,932,2,0,2,2,2,2,2
6,933,2,0,2,2,2,2,2
6,934,1,0,1,1,1,1,1
6,935,0,0,0,0,0,0,0
6,936,0,0,0,0,0,0,0
6,937,2,0,2,2,2,2,2
6,938,1,0,1,1,1,1,1
6,939,2,0,2,2,2,2,2
6,940,1,0,1,1,1,1,1
6,941,0,0,0,0,0,0,0
6,942,1,0,1,1,1,1,1
6,943,2,0,2,2,2,2,2
6,944,2,0,2,2,2,2,2
6,945,2,0,2,2,2,2,2
6,946,2,0,2,2,2,2,2
6,947,2,0,2,2,2,2,2
6,948,2,0,2,2,2,2,2
6,949,2,0,2,2,2,2,2
6,950,1,0,1,1,1,1,1
6,951,2,0,2,2,2,2,2
6,952,2,0,2,2,2,2,2
6,953,2,0,2,2,2,2,2
6,954,0,0,0,0,0,0,0
6,955,1,0,1,1,1,1,1
6,956,2,0,2,2,2,2,2
6,957,2,0,2,2,2,2,2
6,958,0,0,0,0,0,0,0
6,959,0,0,0,0,0,0,0
6,960,2,0,2,2,2,2,2
6,961,2,0,2,2,2,2,2
6,962,0,0,0,0,0,0,0
6,963,2,0,2,2,2,2,2
6,964,0,0,0,0,0,0,0
6,965,1,0,1,1,1,1,1
6,966,2,0,2,2,2,2,2
6,967,1,0,1,1,1,1,1
6,968,0,0,0,0,0,0,0
6,969,1,0,1,1,1,1,1
6,970,1,0,1,1,1,1,1
6,971,2,0,2,2,2,2,2
6,972,0,0,0,0,0,0,0
6,973,2,0,2,2,2,2,2
6,974,0,0,0,0,0,0,0
6,975,2,0,2,2,2,2,2
6,976,0,0,0,0,0,0,0
6,977,1,0,1,1,1,1,1
6,978,2,0,1,1,0,1,2
6,979,2,0,2,2,2,2,2
6,980,0,0,0,0,0,0,0
6,981,1,0,1,1,1,1,1
6,982,2,0,2,2,2,2,2
6,983,2,0,2,2,2,2,2
6,984,0,0,0,0,0,2,2
6,985,2,0,2,2,2,2,2
6,986,2,0,2,2,2,2,2
6,987,0,0,0,0,0,0,0
6,988,2,0,2,2,2,2,2
6,989,0,0,0,0,0,0,2
6,990,1,0,1,1,1,1,1
6,991,1,0,1,1,1,1,1
6,992,2,0,2,2,2,2,0
6,993,2,0,2,2,2,2,2
6,994,0,0,0,0,0,0,0
6,995,1,0,1,1,1,1,1
6,996,2,0,2,2,2,2,2
6,997,0,0,0,0,0,0,0
6,998,0,0,0,0,0,0,0
6,999,0,0,0,0,0,0,0
6,1000,1,0,1,1,1,1,1
6,1001,1,0,1,1,1,1,1
6,1002,1,0,2,0,2,2,2
6,1003,1,0,2,0,2,2,2
6,1004,0,0,0,0,0,0,0
6,1005,1,0,2,2,2,2,2
6,1006,1,0,1,1,1,1,1
6,1007,0,0,0,0,0,0,0
6,1008,1,0,1,1,1,1,1
6,1009,2,0,2,2,2,2,2
6,1010,1,0,1,1,1,1,1
6,1011,2,0,2,0,2,2,2
6,1012,0,0,0,0,0,0,0
6,1013,0,0,2,0,2,2,2
6,1014,0,0,2,0,2,2,1
6,1015,1,0,1,1,1,1,1
6,1016,0,0,0,0,0,0,0
6,1017,0,0,0,0,0,0,0
6,1018,0,0,0,0,0,0,0
6,1019,2,0,2,2,2,2,2
6,1020,0,0,0,0,0,0,0
6,1021,2,0,2,2,0,2,2
6,1022,2,0,2,2,2,2,2
6,1023,0,0,0,0,0,0,2
6,1024,0,0,0,0,0,0,0
6,1025,2,0,2,2,2,2,2
6,1026,1,0,2,0,2,2,2
6,1027,1,0,1,1,1,1,1
6,1028,2,0,2,2,2,2,2
6,1029,2,0,2,2,2,2,2
6,1030,0,0,0,0,0,0,0
6,1031,1,0,1,1,1,1,1
6,1032,2,0,2,2,2,2,2
6,1033,0,0,0,0,0,0,0
6,1034,2,0,2,2,2,2,2
6,1035,0,0,0,2,2,0,2
6,1036,0,0,0,0,0,0,0
6,1037,1,0,2,2,2,2,2
6,1038,1,0,1,1,1,1,1
6,1039,2,0,2,2,2,2,2
6,1040,2,0,2,0,0,2,2
6,1041,2,0,2,2,2,2,2
6,1042,0,0,0,2,0,0,2
6,1043,1,0,1,1,1,1,1
6,1044,2,0,2,2,2,2,2
6,1045,1,0,1,1,1,1,1
6,1046,1,0,1,1,1,1,1
6,1047,2,0,1,1,1,1,1
6,1048,0,0,2,2,0,2,2
6,1049,0,0,0,0,0,0,0
6,1050,0,0,0,0,0,0,0
6,1051,0,0,0,0,0,0,0
6,1052,2,0,0,0,0,0,2
6,1053,1,0,1,0,1,0,2
6,1054,2,0,2,2,2,2,2
6,1055,0,0,2,2,2,2,1
6,1056,0,0,0,0,0,0,0
6,1057,1,0,1,1,1,1,1
6,1058,1,0,1,1,1,1,1
6,1059,2,0,2,2,2,2,2
6,1060,2,0,2,2,2,2,2
6,1061,0,0,0,0,0,0,0
6,1062,0,0,0,0,0,0,0
6,1063,0,0,0,0,0,0,0
6,1064,2,0,2,2,2,2,2
6,1065,2,0,1,1,1,1,2
6,1066,2,0,2,2,2,2,2
6,1067,1,0,1,1,1,1,1
6,1068,0,0,0,0,0,0,0
6,1069,1,0,1,1,1,1,1
6,1070,2,0,2,2,2,2,2
6,1071,2,0,2,2,2,2,2
6,1072,2,0,2,2,2,2,2
6,1073,0,0,1,2,1,2,2
6,1074,1,0,1,1,1,1,1
6,1075,1,0,1,1,1,1,1
6,1076,2,0,2,2,2,2,2
6,1077,0,0,0,0,0,0,0
6,1078,0,0,0,0,0,0,0
6,1079,2,0,2,0,2,2,2
6,1080,2,0,0,0,0,0,2
6,1081,2,0,2,2,2,2,2
6,1082,1,0,1,1,1,1,1
6,1083,2,0,2,2,2,2,2
6,1084,2,0,2,2,2,2,2
6,1085,2,0,2,2,2,2,2
6,1086,0,0,2,2,2,2,2
6,1087,0,0,0,0,0,0,0
6,1088,2,0,2,2,2,2,2
6,1089,0,0,0,0,1,0,2
6,1090,0,0,2,2,2,0,0
6,1091,2,0,2,2,2,2,2
6,1092,1,0,1,1,1,1,1
6,1093,0,0,0,0,0,0,0
6,1094,2,0,1,1,1,1,2
6,1095,1,0,1,1,1,1,1
6,1096,2,0,0,0,0,0,2
6,1097,0,0,0,0,0,0,0
6,1098,2,0,2,2,2,2,2
6,1099,2,0,2,2,2,2,1
7,0,1,0,1,1,1,1,1
7,1,2,0,2,2,2,2,2
7,2,1,0,1,1,1,1,1
7,3,2,0,2,2,2,2,2
7,4,1,0,0,0,0,0,2
7,5,2,0,2,2,2,2,2
7,6,0,0,0,0,0,0,0
7,7,2,0,2,2,2,2,2
7,8,1,0,1,1,1,1,1
7,9,1,0,2,2,2,2,2
7,10,2,0,2,2,2,2,2
7,11,2,0,2,2,2,2,2
7,12,0,0,0,0,0,0,0
7,13,2,0,0,2,0,0,2
7,14,0,0,0,0,0,0,0
7,15,1,0,1,1,1,1,1
7,16,0,0,0,0,0,0,0
7,17,0,0,0,0,0,0,0
7,18,1,0,1,1,1,1,1
7,19,2,0,2,2,2,2,2
7,20,0,0,0,0,0,0,0
7,21,2,0,2,2,2,2,2
7,22,0,0,0,0,0,0,0
7,23,2,0,2,2,2,2,2
7,24,1,0,1,1,1,1,1
7,25,0,0,0,0,0,0,0
7,26,2,0,2,2,2,2,2
7,27,0,0,0,1,0,0,2
7,28,1,0,1,1,1,1,1
7,29,2,0,2,2,2,2,2
7,30,0,0,0,0,0,0,0
7,31,1,0,0,2,0,0,2
7,32,2,0,2,2,2,2,2
7,33,1,0,1,1,1,1,1
7,34,0,0,0,0,0,0,0
7,35,1,0,1,1,1,1,1
7,36,1,0,1,1,1,1,1
7,37,0,0,0,0,0,0,0
7,38,2,0,2,2,2,2,2
7,39,0,0,0,0,0,0,0
7,40,0,0,0,0,0,0,0
7,41,0,0,0,0,0,0,0
7,42,0,0,0,0,0,0,0
7,43,2,0,2,2,2,2,2
7,44,2,0,2,2,2,2,2
7,45,0,0,0,0,0,0,0
7,46,2,0,2,2,2,2,2
7,47,0,0,0,0,0,0,0
7,48,1,0,1,1,1,1,1
7,49,0,0,0,0,0,0,0
7,50,0,0,0,0,0,0,0
7,51,1,0,1,1,1,1,1
7,52,0,0,0,0,0,0,0
7,53,2,0,2,2,2,2,2
7,54,1,0,1,1,1,1,1
7,55,1,0,1,1,1,1,1
7,56,1,0,1,1,1,1,1
7,57,0,0,0,0,0,0,0
7,58,0,0,0,0,0,0,0
7,59,0,0,0,0,0,0,0
7,60,0,0,0,0,0,0,0
7,61,1,0,0,0,0,0,2
7,62,0,0,0,0,0,0,0
7,63,1,0,1,1,1,1,1
7,64,0,0,1,2,1,1,2
7,65,0,0,0,0,0,0,0
7,66,2,0,2,2,2,2,2
7,67,1,0,1,1,1,1,1
7,68,1,0,1,1,1,1,1
7,69,1,0,0,0,0,0,2
7,70,0,0,0,0,0,0,0
7,71,2,0,2,2,2,2,2
7,72,0,0,0,0,0,0,0
7,73,0,0,0,0,0,0,0
7,74,2,0,2,2,2,2,2
7,75,2,0,2,2,2,2,2
7,76,2,0,2,2,2,2,2
7,77,0,0,0,0,0,0,0
7,78,1,0,1,1,1,1,1
7,79,2,0,2,2,2,2,2
7,80,0,0,0,0,0,0,0
7,81,1,0,1,1,1,1,1
7,82,2,0,2,2,2,2,2
7,83,0,0,0,0,0,0,0
7,84,1,0,1,1,1,1,1
7,85,1,0,1,1,1,1,1
7,86,1,0,1,1,1,1,1
7,87,2,0,2,2,2,2,2
7,88,1,0,1,1,1,1,1
7,89,2,0,2,2,2,2,2
7,90,1,0,1,1,1,1,1
7,91,2,0,2,2,2,2,2
7,92,2,0,2,2,2,2,2
7,93,2,0,0,0,0,0,2
7,94,0,0,2,2,2,2,2
7,95,1,0,1,1,1,1,2
7,96,2,0,2,2,2,2,2
7,97,2,0,2,2,2,2,2
7,98,0,0,0,0,0,0,0
7,99,1,0,1,1,1,1,1
7,100,1,0,1,1,0,1,2
7,101,1,0,0,0,0,0,2
7,102,1,0,1,1,1,1,1
7,103,1,0,1,1,1,1,1
7,104,0,0,0,0,0,0,0
7,105,0,0,0,0,0,0,0
7,106,2,0,2,2,2,2,2
7,107,0,0,0,0,0,0,0
7,108,2,0,2,2,2,2,2
7,109,2,0,2,2,2,2,2
7,110,0,0,0,0,0,0,0
7,111,2,0,2,2,2,2,2
7,112,0,0,0,0,0,0,0
7,113,1,0,1,1,1,1,1
7,114,2,0,0,2,0,0,2
7,115,2,0,2,2,2,2,2
7,116,1,0,1,1,1,1,1
7,117,2,0,2,2,2,2,2
7,118,2,0,2,2,2,2,2
7,119,1,0,1,1,1,1,1
7,120,0,0,0,0,0,0,0
7,121,2,0,2,2,2,2,2
7,122,0,0,0,0,0,0,0
7,123,1,0,1,1,1,1,1
7,124,1,0,1,1,1,1,1
7,125,0,0,0,0,1,0,2
7,126,1,0,1,1,1,1,1
7,127,0,0,0,0,0,0,0
7,128,2,0,2,2,2,2,2
7,129,1,0,1,1,1,1,1
7,130,0,0,0,0,0,0,0
7,131,1,0,1,1,1,1,1
7,132,0,0,2,1,1,2,1
7,133,1,0,1,1,1,1,1
7,134,1,0,1,1,1,1,1
7,135,0,0,0,0,0,2,2
7,136,0,0,0,0,0,0,0
7,137,2,0,2,2,2,2,2
7,138,0,0,0,0,0,0,0
7,139,1,0,1,1,1,1,1
7,140,2,0,1,2,1,2,1
7,141,0,0,1,0,1,1,2
7,142,1,0,1,1,1,1,1
7,143,0,0,0,0,0,0,0
7,144,2,0,2,2,0,0,2
7,145,0,0,0,0,0,0,0
7,146,1,0,1,1,1,1,1
7,147,2,0,2,2,2,2,2
7,148,1,0,1,1,1,1,1
7,149,2,0,2,2,2,2,2
7,150,0,0,0,0,0,0,0
7,151,1,0,1,1,1,1,1
7,152,1,0,1,1,1,1,1
7,153,2,0,2,2,2,2,2
7,154,2,0,2,2,2,2,2
7,155,1,0,1,1,1,1,1
7,156,0,0,0,0,0,0,0
7,157,1,0,1,1,1,1,1
7,158,0,0,0,0,0,0,0
7,159,0,0,0,0,0,0,0
7,160,1,0,1,1,1,1,1
7,161,1,0,2,2,2,2,2
7,162,2,0,2,2,2,2,2
7,163,1,0,1,1,1,1,1
7,164,0,0,0,0,0,0,0
7,165,2,0,2,2,2,2,2
7,166,1,0,1,1,1,1,1
7,167,0,0,0,0,0,0,0
7,168,1,0,1,1,1,1,1
7,169,1,0,1,1,1,1,1
7,170,0,0,0,0,0,0,0
7,171,2,0,0,2,1,0,2
7,172,1,0,1,1,1,1,1
7,173,0,0,0,0,0,0,0
7,174,0,0,0,0,0,0,0
7,175,2,0,2,2,2,2,2
7,176,2,0,2,2,2,2,2
7,177,2,0,2,2,2,2,2
7,178,1,0,1,2,1,1,2
7,179,0,0,0,0,0,0,2
7,180,0,0,0,0,0,0,0
7,181,2,0,2,2,2,2,2
7,182,1,0,1,1,1,1,1
7,183,0,0,0,0,0,0,0
7,184,2,0,2,2,2,1,2
7,185,2,0,2,2,2,2,2
7,186,1,0,1,1,1,1,1
7,187,0,0,0,0,0,0,0
7,188,1,0,1,1,1,1,1
7,189,2,0,2,2,2,2,2
7,190,1,0,0,2,1,0,2
7,191,1,0,1,1,1,1,1
7,192,2,0,2,0,0,2,2
7,193,1,0,1,1,1,1,1
7,194,2,0,0,2,1,1,2
7,195,2,0,2,2,2,2,2
7,196,2,0,2,2,2,2,2
7,197,0,0,0,0,0,0,0
7,198,1,0,1,1,1,1,1
7,199,0,0,2,2,2,2,2
7,200,2,0,2,2,2,2,2
7,201,2,0,2,2,2,2,2
7,202,2,0,2,2,2,2,2
7,203,1,0,1,1,1,1,1
7,204,0,0,0,0,1,0,2
7,205,2,0,2,2,2,2,2
7,206,2,0,2,2,2,2,2
7,207,2,0,2,2,2,2,2
7,208,2,0,2,2,2,2,2
7,209,2,0,2,2,2,2,2
7,210,1,0,1,1,1,1,1
7,211,0,0,2,1,2,2,2
7,212,0,0,0,0,0,0,0
7,213,1,0,1,1,1,1,1
7,214,0,0,0,0,0,0,0
7,215,2,0,2,2,2,2,2
7,216,1,0,1,1,1,1,1
7,217,1,0,1,1,1,1,1
7,218,0,0,0,0,0,0,0
7,219,0,0,2,2,2,2,2
7,220,1,0,0,1,0,0,2
7,221,1,0,1,1,1,1,1
7,222,1,0,1,1,1,1,1
7,223,2,0,2,2,2,2,2
7,224,0,0,0,0,0,0,0
7,225,1,0,1,1,1,1,1
7,226,2,0,2,2,2,2,2
7,227,1,0,1,1,1,1,1
7,228,1,0,1,1,1,1,1
7,229,1,0,1,1,1,1,1
7,230,0,0,0,0,0,0,0
7,231,0,0,0,0,0,0,0
7,232,0,0,0,0,0,0,0
7,233,1,0,1,1,1,1,1
7,234,2,0,2,2,2,2,2
7,235,2,0,2,2,2,2,2
7,236,2,0,2,2,2,2,2
7,237,1,0,1,1,1,1,1
7,238,1,0,1,1,1,1,1
7,239,0,0,0,0,0,0,0
7,240,1,0,1,1,1,1,1
7,241,1,0,0,2,2,0,2
7,242,1,0,1,1,1,1,1
7,243,1,0,1,1,1,1,1
7,244,0,0,0,0,0,0,0
7,245,0,0,0,0,0,0,0
7,246,0,0,0,0,0,0,0
7,247,2,0,2,2,2,2,2
7,248,2,0,2,2,2,2,2
7,249,0,0,0,0,0,0,0
7,250,2,0,2,2,2,2,2
7,251,1,0,1,1,1,1,1
7,252,0,0,0,1,2,0,2
7,253,1,0,1,1,1,1,1
7,254,0,0,0,0,0,0,0
7,255,1,0,2,1,2,2,1
7,256,0,0,0,0,0,0,0
7,257,0,0,0,0,0,0,0
7,258,1,0,1,1,1,1,1
7,259,1,0,1,0,1,1,2
7,260,0,0,0,0,0,0,0
7,261,1,0,1,1,1,1,1
7,262,0,0,0,0,0,0,0
7,263,1,0,1,1,1,1,1
7,264,1,0,1,1,1,1,1
7,265,1,0,1,1,1,1,1
7,266,1,0,1,1,1,1,1
7,267,2,0,2,2,2,2,2
7,268,0,0,0,0,0,0,0
7,269,0,0,0,0,0,0,0
7,270,1,0,1,1,1,1,1
7,271,0,0,0,0,0,0,0
7,272,2,0,2,2,2,2,2
7,273,2,0,2,2,2,2,2
7,274,0,0,0,0,0,0,0
7,275,0,0,1,1,1,1,2
7,276,2,0,2,2,2,2,2
7,277,2,0,2,2,2,2,2
7,278,1,0,2,2,2,2,2
7,279,1,0,1,1,1,1,1
7,280,2,0,2,2,2,2,2
7,281,0,0,0,0,0,0,0
7,282,2,0,2,2,2,2,2
7,283,2,0,2,2,2,2,2
7,284,2,0,2,2,2,2,2
7,285,2,0,2,2,2,2,2
7,286,2,0,0,2,0,2,2
7,287,0,0,0,0,0,0,0
7,288,2,0,2,2,2,2,2
7,289,2,0,2,2,2,2,2
7,290,0,0,2,1,2,2,2
7,291,0,0,0,0,0,0,0
7,292,0,0,0,0,0,0,0
7,293,0,0,1,0,2,2,2
7,294,2,0,2,2,2,2,2
7,295,1,0,2,2,0,2,2
7,296,0,0,2,0,2,2,2
7,297,1,0,1,1,1,1,1
7,298,1,0,1,1,1,1,1
7,299,1,0,2,0,1,2,2
7,300,0,0,0,0,0,0,0
7,301,1,0,1,1,1,1,1
7,302,0,0,1,2,1,1,2
7,303,2,0,2,2,2,2,2
7,304,0,0,0,0,0,0,0
7,305,1,0,0,1,2,0,2
7,306,0,0,0,0,0,0,0
7,307,1,0,1,1,1,1,1
7,308,2,0,2,2,2,2,2
7,309,1,0,1,1,1,1,1
7,310,0,0,0,0,0,0,0
7,311,1,0,1,1,1,1,1
7,312,0,0,0,0,2,2,2
7,313,1,0,2,2,2,2,2
7,314,0,0,0,0,0,0,0
7,315,0,0,0,0,0,0,0
7,316,2,0,2,2,2,2,2
7,317,0,0,0,0,0,0,0
7,318,0,0,0,0,0,0,0
7,319,1,0,1,1,1,1,1
7,320,0,0,2,2,2,0,2
7,321,0,0,0,0,0,0,0
7,322,2,0,2,2,2,2,2
7,323,2,0,2,2,2,2,2
7,324,1,0,0,0,0,0,2
7,325,1,0,1,1,1,1,1
7,326,0,0,0,0,0,0,0
7,327,0,0,0,0,0,0,0
7,328,2,0,2,2,2,2,2
7,329,1,0,1,1,1,1,1
7,330,1,0,1,1,1,1,1
7,331,0,0,0,0,0,0,0
7,332,0,0,0,0,0,0,0
7,333,0,0,0,0,0,0,0
7,334,1,0,1,1,1,1,1
7,335,0,0,0,0,0,0,0
7,336,1,0,1,1,1,1,1
7,337,0,0,0,2,2,0,2
7,338,0,0,0,0,0,0,0
7,339,1,0,1,0,1,1,2
7,340,2,0,2,2,2,2,2
7,341,1,0,1,1,1,1,1
7,342,2,0,2,2,2,2,2
7,343,2,0,2,2,2,2,2
7,344,2,0,2,2,2,2,2
7,345,2,0,2,2,2,2,2
7,346,2,0,2,2,2,2,2
7,347,2,0,2,2,2,2,2
7,348,2,0,2,2,2,2,2
7,349,2,0,2,2,2,2,2
7,350,1,0,1,1,1,1,1
7,351,1,0,1,1,1,1,1
7,352,1,0,1,1,1,1,1
7,353,2,0,2,2,2,2,2
7,354,2,0,2,2,2,2,2
7,355,2,0,2,2,2,2,2
7,356,0,0,0,0,0,0,0
7,357,1,0,1,1,1,1,1
7,358,0,0,0,0,0,0,0
7,359,0,0,0,0,0,0,0
7,360,0,0,0,0,1,1,2
7,361,1,0,1,1,1,1,1
7,362,1,0,1,1,1,1,1
7,363,0,0,0,0,0,0,0
7,364,1,0,1,1,1,1,1
7,365,0,0,0,0,0,0,0
7,366,0,0,2,2,2,2,2
7,367,0,0,0,0,0,0,0
7,368,0,0,0,0,0,0,0
7,369,0,0,0,0,0,0,0
7,370,0,0,0,0,0,0,0
7,371,2,0,2,2,2,2,2
7,372,2,0,0,0,0,0,2
7,373,1,0,1,1,1,1,1
7,374,2,0,2,2,2,2,2
7,375,2,0,2,2,2,2,2
7,376,1,0,1,1,1,1,1
7,377,0,0,0,0,0,0,0
7,378,2,0,2,2,2,2,2
7,379,1,0,0,2,0,2,2
7,380,1,0,1,1,1,1,1
7,381,0,0,0,0,0,0,0
7,382,2,0,2,2,2,2,2
7,383,1,0,1,1,1,1,1
7,384,0,0,2,2,2,2,2
7,385,2,0,2,2,2,2,2
7,386,1,0,1,1,1,1,1
7,387,1,0,1,1,1,1,1
7,388,2,0,2,2,2,2,2
7,389,0,0,0,0,0,0,0
7,390,1,0,1,1,1,1,1
7,391,2,0,2,2,2,2,2
7,392,1,0,1,1,1,1,1
7,393,2,0,2,2,1,2,2
7,394,2,0,2,2,2,2,2
7,395,0,0,0,0,0,0,0
7,396,2,0,2,2,2,2,2
7,397,0,0,0,0,0,0,0
7,398,2,0,2,2,2,2,2
7,399,2,0,2,2,2,2,2
7,400,2,0,2,2,2,2,2
7,401,2,0,2,2,2,2,2
7,402,0,0,0,0,0,0,0
7,403,2,0,2,2,2,2,2
7,404,1,0,2,2,2,0,0
7,405,0,0,0,2,0,0,2
7,406,2,0,2,2,2,2,2
7,407,0,0,0,0,0,0,0
7,408,0,0,0,0,2,0,2
7,409,1,0,1,1,1,1,1
7,410,1,0,1,1,1,1,1
7,411,2,0,0,0,0,0,2
7,412,1,0,1,1,1,1,1
7,413,1,0,1,1,1,1,1
7,414,1,0,1,1,1,1,1
7,415,2,0,2,2,2,2,2
7,416,2,0,2,2,2,2,2
7,417,2,0,2,2,2,2,2
7,418,0,0,0,0,0,0,0
7,419,0,0,0,0,0,0,0
7,420,2,0,0,0,0,0,2
7,421,0,0,0,0,0,0,0
7,422,1,0,0,0,1,0,2
7,423,2,0,2,2,2,2,2
7,424,1,0,1,1,1,1,1
7,425,0,0,0,0,0,0,0
7,426,2,0,2,2,2,2,2
7,427,1,0,1,1,1,1,1
7,428,0,0,0,0,0,0,0
7,429,2,0,2,2,2,2,2
7,430,2,0,2,0,2,0,2
7,431,1,0,1,1,1,1,1
7,432,0,0,0,0,0,0,0
7,433,0,0,0,0,0,0,0
7,434,0,0,0,0,0,0,0
7,435,1,0,1,1,1,1,1
7,436,0,0,0,0,0,0,0
7,437,1,0,1,1,0,0,2
7,438,1,0,2,2,2,1,2
7,439,0,0,0,0,0,0,0
7,440,0,0,0,0,0,0,0
7,441,1,0,0,0,0,0,2
7,442,0,0,0,0,0,0,0
7,443,2,0,2,2,2,2,2
7,444,1,0,1,1,1,1,1
7,445,2,0,2,2,2,2,2
7,446,2,0,2,2,2,2,2
7,447,2,0,2,2,2,2,2
7,448,2,0,2,2,2,2,2
7,449,0,0,0,1,1,0,2
7,450,2,0,2,2,2,2,2
7,451,0,0,0,0,0,0,0
7,452,1,0,2,0,2,2,2
7,453,2,0,2,2,2,2,2
7,454,0,0,0,0,0,0,2
7,455,0,0,2,1,2,0,2
7,456,0,0,0,0,0,0,0
7,457,1,0,2,2,2,0,2
7,458,1,0,1,1,1,1,1
7,459,1,0,2,0,2,0,2
7,460,2,0,2,2,2,2,2
7,461,2,0,2,2,2,2,2
7,462,1,0,1,1,1,1,1
7,463,1,0,1,1,1,1,1
7,464,2,0,2,2,2,2,2
7,465,0,0,0,0,0,0,0
7,466,2,0,2,2,2,2,2
7,467,2,0,2,2,2,2,2
7,468,2,0,0,0,0,0,2
7,469,2,0,2,2,2,2,2
7,470,2,0,2,2,2,2,2
7,471,1,0,1,1,1,1,1
7,472,0,0,0,0,0,0,0
7,473,0,0,0,0,0,0,0
7,474,1,0,1,0,1,1,2
7,475,0,0,0,1,0,0,2
7,476,1,0,2,2,1,2,2
7,477,2,0,2,2,2,2,2
7,478,1,0,1,1,1,1,1
7,479,0,0,0,0,0,0,0
7,480,2,0,2,2,2,2,2
7,481,1,0,2,2,2,2,2
7,482,1,0,2,0,2,2,2
7,483,2,0,2,2,2,2,2
7,484,2,0,2,2,2,2,2
7,485,2,0,2,2,2,2,2
7,486,0,0,0,0,0,0,0
7,487,0,0,2,2,2,0,2
7,488,1,0,0,0,0,1,2
7,489,1,0,1,1,1,1,1
7,490,2,0,2,2,2,2,2
7,491,2,0,2,2,2,2,2
7,492,1,0,1,1,1,1,1
7,493,1,0,2,2,2,2,2
7,494,0,0,2,2,2,2,2
7,495,1,0,1,1,1,1,1
7,496,0,0,2,2,0,1,2
7,497,0,0,0,0,0,0,0
7,498,1,0,1,1,1,1,1
7,499,2,0,2,2,2,2,2
7,500,0,0,0,0,0,0,0
7,501,2,0,2,2,2,2,2
7,502,0,0,0,0,0,0,0
7,503,1,0,2,2,2,2,2
7,504,2,0,2,2,2,2,2
7,505,0,0,0,0,0,0,0
7,506,1,0,1,1,1,1,1
7,507,1,0,1,1,1,1,1
7,508,2,0,2,2,2,2,2
7,509,2,0,1,1,1,1,2
7,510,0,0,0,0,0,0,0
7,511,2,0,0,0,0,0,2
7,512,0,0,0,0,0,0,0
7,513,2,0,2,2,2,2,2
7,514,1,0,1,1,1,1,1
7,515,1,0,1,1,1,1,1
7,516,0,0,1,1,1,1,2
7,517,0,0,0,0,0,0,0
7,518,2,0,2,2,2,2,2
7,519,1,0,1,1,1,1,1
7,520,1,0,1,1,1,1,2
7,521,0,0,1,0,1,1,1
7,522,1,0,1,1,1,1,1
7,523,2,0,2,2,2,2,2
7,524,1,0,1,1,1,1,1
7,525,1,0,1,1,1,1,1
7,526,0,0,0,0,0,0,0
7,527,2,0,2,2,2,2,2
7,528,1,0,1,1,1,1,1
7,529,0,0,0,0,0,0,0
7,530,0,0,0,0,0,0,0
7,531,1,0,1,1,1,1,1
7,532,1,0,1,1,1,1,1
7,533,0,0,0,0,0,0,0
7,534,0,0,1,0,1,1,2
7,535,2,0,2,2,2,2,2
7,536,1,0,1,1,1,1,1
7,537,2,0,2,2,2,2,2
7,538,2,0,2,2,2,2,2
7,539,2,0,2,2,2,2,2
7,540,2,0,2,2,2,2,2
7,541,0,0,0,0,0,0,0
7,542,2,0,2,2,2,2,2
7,543,0,0,0,0,0,0,0
7,544,0,0,0,0,0,0,0
7,545,2,0,1,0,1,1,2
7,546,1,0,1,1,1,1,1
7,547,0,0,0,0,0,0,0
7,548,1,0,1,1,1,1,1
7,549,1,0,1,1,1,1,1
7,550,0,0,0,0,0,0,0
7,551,1,0,1,1,1,1,1
7,552,0,0,0,0,0,0,0
7,553,1,0,1,1,1,1,1
7,554,0,0,0,0,0,0,2
7,555,0,0,0,0,0,0,0
7,556,0,0,0,0,0,0,0
7,557,2,0,2,2,2,2,2
7,558,0,0,0,0,0,0,2
7,559,0,0,0,0,0,0,0
7,560,1,0,1,1,1,1,1
7,561,1,0,1,1,1,1,1
7,562,2,0,2,2,2,2,2
7,563,2,0,2,2,2,2,2
7,564,1,0,1,1,1,1,1
7,565,1,0,1,1,1,1,1
7,566,0,0,0,0,0,0,0
7,567,2,0,2,2,2,2,2
7,568,0,0,0,0,0,0,0
7,569,1,0,1,1,1,1,1
7,570,1,0,1,1,1,1,1
7,571,2,0,0,2,0,0,2
7,572,2,0,2,2,2,2,2
7,573,0,0,0,0,0,0,0
7,574,0,0,0,0,0,0,2
7,575,1,0,1,1,1,1,1
7,576,0,0,0,0,0,0,0
7,577,0,0,2,2,2,2,2
7,578,1,0,1,1,1,1,1
7,579,0,0,0,0,0,0,0
7,580,2,0,2,2,2,2,2
7,581,0,0,0,0,0,0,0
7,582,0,0,0,0,0,0,0
7,583,0,0,1,2,2,1,2
7,584,0,0,0,0,0,0,0
7,585,1,0,1,1,1,1,1
7,586,0,0,0,0,0,0,0
7,587,2,0,2,2,2,2,2
7,588,0,0,0,0,0,0,0
7,589,2,0,0,0,0,0,2
7,590,1,0,1,1,1,1,1
7,591,2,0,2,2,2,2,2
7,592,2,0,2,0,0,2,2
7,593,2,0,2,2,2,2,2
7,594,1,0,1,1,1,1,1
7,595,1,0,1,1,1,1,1
7,596,2,0,2,2,2,2,2
7,597,1,0,2,2,2,2,2
7,598,1,0,1,1,1,1,1
7,599,0,0,0,0,0,0,0
7,600,0,0,0,0,0,0,0
7,601,2,0,2,2,2,2,2
7,602,2,0,2,2,2,2,2
7,603,1,0,1,1,1,1,1
7,604,0,0,0,0,0,0,0
7,605,0,0,0,0,0,0,0
7,606,2,0,1,1,1,0,1
7,607,0,0,0,2,2,0,2
7,608,1,0,1,1,1,1,1
7,609,0,0,0,0,0,0,0
7,610,1,0,1,1,1,1,1
7,611,1,0,1,1,1,1,1
7,612,1,0,1,1,1,1,1
7,613,0,0,0,0,0,0,0
7,614,0,0,0,0,0,0,0
7,615,1,0,1,1,1,1,1
7,616,2,0,2,2,2,2,2
7,617,1,0,1,1,1,1,1
7,618,1,0,1,1,1,1,1
7,619,1,0,1,1,1,1,1
7,620,1,0,1,1,1,1,1
7,621,0,0,0,0,0,0,0
7,622,1,0,1,1,1,1,1
7,623,1,0,1,1,1,1,1
7,624,0,0,0,0,0,0,0
7,625,1,0,1,1,1,1,1
7,626,1,0,1,1,1,1,1
7,627,1,0,1,1,1,1,1
7,628,0,0,0,0,0,0,0
7,629,1,0,1,1,1,1,1
7,630,0,0,0,0,0,0,0
7,631,2,0,2,2,2,2,2
7,632,0,0,1,1,1,1,2
7,633,2,0,2,2,2,2,2
7,634,1,0,0,0,0,0,0
7,635,2,0,2,2,2,2,2
7,636,1,0,1,1,1,1,1
7,637,1,0,0,0,0,0,2
7,638,0,0,0,0,0,0,0
7,639,1,0,1,1,1,1,1
7,640,0,0,0,0,0,0,0
7,641,2,0,2,2,2,2,2
7,642,2,0,2,2,2,2,2
7,643,0,0,0,0,0,0,0
7,644,2,0,2,2,2,2,2
7,645,1,0,1,1,1,1,1
7,646,0,0,0,0,0,0,0
7,647,0,0,0,0,0,0,0
7,648,0,0,2,2,2,2,2
7,649,1,0,2,2,2,2,2
7,650,0,0,0,0,0,0,0
7,651,0,0,0,0,0,0,0
7,652,0,0,0,0,0,0,0
7,653,0,0,0,0,0,0,0
7,654,0,0,0,0,0,0,0
7,655,1,0,1,1,1,1,1
7,656,2,0,2,2,2,2,2
7,657,0,0,0,0,0,0,0
7,658,1,0,1,1,1,1,1
7,659,1,0,1,1,1,1,1
7,660,1,0,1,1,1,1,1
7,661,2,0,2,2,2,2,2
7,662,2,0,2,2,2,2,2
7,663,0,0,0,0,0,0,0
7,664,0,0,0,0,0,0,0
7,665,1,0,1,1,1,1,1
7,666,1,0,1,1,1,1,1
7,667,0,0,0,0,0,0,0
7,668,0,0,1,1,1,1,2
7,669,0,0,0,0,2,0,2
7,670,1,0,1,1,1,1,1
7,671,0,0,0,0,0,0,0
7,672,0,0,0,0,0,0,0
7,673,1,0,1,1,1,1,1
7,674,1,0,1,1,1,1,1
7,675,2,0,2,0,2,2,2
7,676,1,0,1,1,1,1,1
7,677,2,0,2,2,2,2,2
7,678,0,0,0,0,2,0,0
7,679,1,0,1,1,1,1,1
7,680,2,0,2,2,2,2,2
7,681,0,0,0,0,0,0,0
7,682,1,0,1,1,1,1,1
7,683,0,0,0,0,0,0,0
7,684,1,0,1,1,1,1,1
7,685,0,0,0,0,0,0,0
7,686,2,0,2,2,2,2,2
7,687,2,0,2,2,2,2,2
7,688,0,0,0,0,0,0,0
7,689,2,0,2,2,2,2,2
7,690,2,0,1,2,2,2,2
7,691,2,0,1,1,1,1,2
7,692,1,0,1,0,1,1,2
7,693,0,0,0,0,0,0,0
7,694,0,0,0,0,0,0,0
7,695,0,0,0,0,0,0,0
7,696,1,0,1,1,1,1,1
7,697,0,0,0,0,0,0,0
7,698,2,0,2,2,2,2,2
7,699,2,0,2,2,2,2,2
7,700,2,0,2,2,2,2,2
7,701,0,0,0,0,0,0,0
7,702,0,0,0,0,0,0,0
7,703,1,0,1,1,1,1,1
7,704,0,0,0,0,0,0,0
7,705,0,0,0,0,0,0,0
7,706,2,0,2,2,2,2,2
7,707,0,0,0,0,0,0,0
7,708,2,0,2,2,2,2,2
7,709,2,0,2,2,2,2,2
7,710,2,0,2,1,2,2,2
7,711,2,0,2,2,2,2,2
7,712,1,0,1,1,1,1,1
7,713,2,0,2,2,2,2,2
7,714,2,0,2,2,2,2,2
7,715,2,0,0,0,0,0,2
7,716,2,0,2,2,2,2,2
7,717,2,0,2,2,2,2,2
7,718,1,0,1,1,1,1,1
7,719,1,0,1,1,1,1,1
7,720,2,0,2,2,2,2,2
7,721,2,0,2,2,2,2,2
7,722,2,0,2,2,2,2,2
7,723,0,0,0,0,0,0,0
7,724,1,0,1,1,1,1,1
7,725,1,0,1,1,1,1,1
7,726,2,0,2,2,2,2,2
7,727,2,0,2,2,2,2,2
7,728,2,0,2,2,2,2,2
7,729,0,0,0,0,0,0,0
7,730,0,0,0,0,0,0,0
7,731,0,0,0,0,0,0,0
7,732,2,0,2,2,2,2,2
7,733,1,0,1,1,1,1,1
7,734,1,0,1,1,1,1,1
7,735,0,0,0,0,0,0,0
7,736,2,0,2,2,2,2,2
7,737,2,0,2,2,2,2,2
7,738,2,0,2,2,2,2,2
7,739,1,0,1,1,1,1,1
7,740,1,0,1,1,1,1,1
7,741,0,0,0,0,0,0,0
7,742,1,0,0,0,0,0,2
7,743,2,0,0,0,0,2,2
7,744,0,0,0,0,0,0,0
7,745,0,0,0,2,2,2,2
7,746,1,0,1,1,1,1,1
7,747,2,0,2,2,2,2,2
7,748,1,0,1,1,1,1,1
7,749,0,0,0,0,0,0,0
7,750,2,0,0,0,0,0,0
7,751,0,0,2,2,2,2,2
7,752,1,0,0,0,0,0,2
7,753,0,0,0,0,0,0,0
7,754,2,0,2,2,2,2,2
7,755,2,0,2,2,2,2,2
7,756,1,0,1,1,1,1,1
7,757,2,0,2,2,2,2,2
7,758,0,0,0,0,0,0,0
7,759,1,0,1,1,1,1,1
7,760,0,0,0,0,0,0,0
7,761,1,0,1,1,1,1,1
7,762,2,0,2,2,2,2,2
7,763,1,0,1,1,1,1,1
7,764,1,0,1,1,1,1,1
7,765,1,0,1,1,1,1,1
7,766,0,0,0,0,0,0,0
7,767,2,0,2,2,2,2,2
7,768,2,0,0,0,0,0,2
7,769,2,0,2,2,2,2,2
7,770,0,0,0,0,0,0,0
7,771,1,0,1,1,1,1,1
7,772,0,0,0,0,0,0,0
7,773,2,0,2,2,2,2,2
7,774,0,0,0,0,0,0,0
7,775,2,0,0,1,0,2,2
7,776,0,0,0,0,0,0,0
7,777,2,0,2,2,2,2,2
7,778,2,0,2,2,2,2,2
7,779,0,0,2,2,2,2,2
7,780,2,0,2,2,2,2,2
7,781,0,0,0,0,0,0,0
7,782,1,0,1,1,1,1,1
7,783,0,0,0,0,0,0,0
7,784,0,0,2,2,2,2,2
7,785,2,0,2,2,2,2,2
7,786,1,0,1,1,1,1,1
7,787,0,0,0,0,0,0,2
7,788,1,0,1,1,1,1,1
7,789,2,0,2,2,2,2,2
7,790,2,0,2,2,2,2,2
7,791,2,0,1,1,1,1,2
7,792,2,0,2,2,2,2,2
7,793,1,0,1,1,1,1,1
7,794,0,0,2,2,2,2,2
7,795,1,0,1,1,1,1,1
7,796,0,0,0,0,0,0,0
7,797,2,0,2,2,2,2,2
7,798,1,0,1,1,1,1,1
7,799,2,0,2,2,2,2,2
7,800,0,0,0,1,0,0,2
7,801,0,0,2,0,0,2,2
7,802,0,0,0,0,0,0,0
7,803,1,0,1,1,1,1,1
7,804,2,0,2,2,2,2,2
7,806,2,0,2,2,2,2,2
7,807,0,0,0,0,0,0,0
7,808,2,0,2,2,2,2,2
7,809,2,0,0,1,0,1,2
7,810,1,0,1,1,1,1,1
7,811,2,0,0,2,0,0,2
7,812,1,0,1,1,1,1,1
7,813,0,0,0,0,0,0,0
7,814,1,0,1,1,1,1,1
7,815,0,0,2,2,2,2,2
7,816,1,0,1,0,1,1,2
7,817,0,0,0,0,0,0,0
7,818,1,0,1,1,1,1,1
7,819,2,0,2,2,2,2,2
7,820,1,0,1,1,1,1,1
7,821,1,0,2,0,0,2,2
7,822,1,0,1,1,1,1,1
7,823,1,0,1,1,1,1,1
7,824,1,0,1,1,1,1,1
7,825,2,0,2,0,2,2,2
7,826,2,0,2,2,0,0,2
7,827,1,0,1,1,1,1,1
7,828,2,0,0,0,0,0,2
7,829,0,0,0,0,0,0,0
7,830,0,0,0,0,0,0,0
7,831,1,0,1,1,1,1,1
7,832,2,0,0,0,0,0,2
7,833,0,0,0,0,0,0,0
7,834,2,0,2,2,2,2,2
7,835,1,0,1,1,1,1,1
7,836,2,0,2,2,2,2,2
7,837,1,0,1,1,1,1,1
7,838,0,0,0,0,0,0,0
7,839,1,0,1,1,1,1,1
7,840,1,0,1,1,1,1,1
7,841,2,0,2,2,2,2,2
7,842,1,0,0,1,2,0,2
7,843,0,0,0,0,0,0,0
7,844,2,0,2,2,2,2,2
7,845,2,0,2,2,2,2,2
7,846,0,0,0,0,0,0,0
7,847,2,0,2,2,2,2,2
7,848,0,0,0,1,0,0,2
7,849,0,0,0,0,0,0,0
7,850,1,0,1,1,1,1,1
7,851,1,0,1,1,1,1,1
7,852,2,0,2,2,2,2,2
7,853,1,0,2,1,0,2,2
7,854,0,0,0,0,0,0,0
7,855,2,0,0,1,0,2,2
7,856,1,0,1,1,1,1,1
7,857,2,0,2,2,2,2,1
7,858,0,0,1,1,1,1,2
7,859,2,0,1,0,1,1,2
7,860,1,0,1,1,1,1,1
7,861,2,0,2,2,2,1,0
7,862,2,0,2,2,2,2,2
7,863,0,0,0,0,0,0,0
7,864,1,0,1,1,1,1,1
7,865,0,0,0,0,2,2,2
7,866,2,0,1,0,1,2,2
7,867,1,0,1,1,1,1,1
7,868,0,0,0,0,0,0,0
7,869,1,0,1,1,1,1,1
7,870,1,0,1,1,1,1,1
7,871,1,0,1,1,1,1,1
7,872,1,0,1,1,1,1,1
7,873,0,0,0,0,0,0,0
7,874,0,0,0,0,0,0,0
7,875,1,0,1,1,1,1,1
7,876,1,0,1,1,1,1,1
7,877,0,0,0,0,0,0,0
7,878,1,0,1,1,1,1,1
7,879,0,0,0,0,0,0,0
7,880,1,0,1,1,1,1,1
7,881,1,0,1,1,1,1,1
7,882,0,0,0,0,0,0,0
7,883,0,0,0,0,0,0,0
7,884,1,0,0,0,0,2,2
7,885,2,0,2,2,2,2,2
7,886,0,0,0,0,0,0,0
7,887,2,0,0,0,0,0,0
7,888,1,0,1,1,1,1,1
7,890,2,0,2,2,2,2,2
7,891,2,0,2,2,2,2,2
7,892,2,0,2,2,2,2,2
7,893,1,0,1,1,1,1,1
7,894,2,0,2,2,2,2,2
7,895,2,0,2,2,2,2,2
7,896,1,0,1,1,1,1,1
7,897,0,0,1,1,1,1,2
7,898,0,0,2,2,2,2,2
7,899,0,0,0,0,0,0,0
7,900,0,0,0,0,0,0,0
7,901,0,0,0,0,0,0,0
7,902,1,0,1,2,1,1,2
7,903,0,0,0,0,0,0,0
7,904,2,0,2,2,2,2,2
7,905,0,0,0,0,0,0,0
7,906,1,0,1,1,1,1,1
7,907,0,0,0,0,0,0,0
7,908,2,0,2,2,2,2,2
7,909,2,0,2,2,2,2,2
7,910,0,0,0,0,0,0,0
7,911,0,0,0,0,0,0,0
7,912,0,0,0,0,0,0,0
7,913,1,0,1,1,1,1,1
7,914,1,0,1,1,1,1,1
7,915,2,0,2,2,2,2,2
7,916,0,0,0,0,0,0,0
7,917,1,0,0,0,0,0,2
7,918,1,0,1,1,1,1,1
7,919,2,0,1,0,1,2,2
7,920,1,0,1,1,1,1,1
7,921,1,0,1,1,1,1,1
7,922,2,0,2,2,2,2,2
7,923,0,0,0,0,0,0,0
7,924,2,0,2,2,2,2,2
7,925,1,0,1,1,1,1,1
7,926,1,0,1,1,1,1,1
7,927,1,0,1,1,1,1,1
7,928,2,0,2,2,2,2,2
7,929,1,0,1,1,1,1,1
7,930,0,0,0,0,0,0,0
7,931,2,0,2,2,2,2,2
7,932,2,0,2,2,2,2,2
7,933,2,0,2,2,2,2,2
7,934,1,0,1,1,1,1,1
7,935,0,0,0,0,0,0,0
7,936,0,0,0,0,0,0,0
7,937,2,0,2,2,2,2,2
7,938,1,0,1,1,1,1,1
7,939,2,0,2,2,2,2,2
7,940,1,0,1,1,1,1,1
7,941,0,0,0,0,0,0,0
7,942,1,0,1,1,1,1,1
7,943,2,0,2,2,2,2,2
7,944,2,0,2,2,2,2,2
7,945,2,0,2,2,2,2,2
7,946,2,0,2,2,2,0,2
7,947,2,0,2,2,2,2,2
7,948,2,0,2,2,2,2,2
7,949,2,0,2,2,2,2,2
7,950,1,0,1,1,1,1,1
7,951,2,0,2,2,2,2,2
7,952,2,0,2,2,2,2,2
7,953,2,0,2,2,2,2,2
7,954,0,0,0,0,0,0,0
7,955,1,0,1,1,1,1,1
7,956,2,0,2,2,2,2,2
7,957,2,0,2,2,2,2,2
7,958,0,0,0,0,0,0,0
7,959,0,0,0,0,0,0,0
7,960,2,0,2,2,2,2,2
7,961,2,0,2,2,2,2,2
7,962,0,0,0,0,0,0,0
7,963,2,0,2,2,2,2,2
7,964,0,0,0,0,0,0,0
7,965,1,0,1,1,1,1,1
7,966,2,0,2,2,2,2,2
7,967,1,0,1,1,1,1,1
7,968,0,0,0,0,0,0,0
7,969,1,0,1,1,1,1,1
7,970,1,0,1,1,1,1,1
7,971,2,0,2,2,2,2,2
7,972,0,0,0,0,0,0,0
7,973,2,0,2,2,2,2,2
7,974,0,0,0,0,0,0,0
7,975,2,0,2,2,2,2,2
7,976,0,0,0,0,0,0,0
7,977,1,0,1,1,1,1,1
7,978,2,0,1,1,1,2,2
7,979,2,0,2,2,2,2,2
7,980,0,0,0,0,0,0,0
7,981,1,0,1,1,1,1,1
7,982,2,0,2,2,2,2,2
7,983,2,0,2,2,2,2,2
7,984,0,0,0,0,0,2,2
7,985,2,0,2,2,2,2,2
7,986,2,0,2,2,2,2,2
7,987,0,0,0,0,0,0,0
7,988,2,0,2,2,2,2,2
7,989,0,0,0,2,0,0,1
7,990,1,0,1,1,1,1,1
7,991,1,0,1,1,1,1,1
7,992,2,0,2,2,2,2,2
7,993,2,0,2,2,2,2,2
7,994,0,0,0,0,0,0,0
7,995,1,0,1,1,1,1,1
7,996,2,0,2,2,2,2,2
7,997,0,0,0,0,0,0,0
7,998,0,0,0,0,0,0,0
7,999,0,0,0,0,0,0,0
7,1000,1,0,1,1,1,1,1
7,1001,1,0,1,1,1,1,1
7,1002,1,0,2,2,2,2,2
7,1003,1,0,2,2,2,2,2
7,1004,0,0,0,0,0,0,0
7,1005,1,0,2,2,2,2,2
7,1006,1,0,1,1,1,1,1
7,1007,0,0,0,0,0,0,0
7,1008,1,0,1,1,1,1,1
7,1009,2,0,2,2,2,2,2
7,1010,1,0,1,1,1,1,1
7,1011,2,0,2,2,2,1,2
7,1012,0,0,0,0,0,0,0
7,1013,0,0,2,0,2,0,2
7,1014,0,0,0,0,2,2,2
7,1015,1,0,1,1,1,1,1
7,1016,0,0,0,0,0,0,0
7,1017,0,0,0,0,0,0,0
7,1018,0,0,0,0,0,0,0
7,1019,2,0,2,2,2,2,2
7,1020,0,0,0,0,0,0,0
7,1021,2,0,2,2,2,0,2
7,1022,2,0,2,2,2,2,2
7,1023,0,0,0,0,0,2,2
7,1024,0,0,0,0,0,0,0
7,1025,2,0,2,2,2,2,2
7,1026,1,0,2,0,2,2,2
7,1027,1,0,1,1,1,1,1
7,1028,2,0,2,2,2,2,2
7,1029,2,0,2,2,2,2,2
7,1030,0,0,0,0,0,0,0
7,1031,1,0,1,1,1,1,1
7,1032,2,0,2,2,2,2,2
7,1033,0,0,0,0,0,0,0
7,1034,2,0,2,2,2,2,2
7,1035,0,0,0,2,2,0,2
7,1036,0,0,0,0,0,0,0
7,1037,1,0,2,2,0,2,2
7,1038,1,0,1,1,1,1,1
7,1039,2,0,2,2,2,2,2
7,1040,2,0,0,0,0,2,2
7,1041,2,0,2,2,2,2,2
7,1042,0,0,0,1,0,0,1
7,1043,1,0,1,1,1,1,1
7,1044,2,0,2,2,2,2,2
7,1045,1,0,1,1,1,1,1
7,1046,1,0,1,1,1,1,1
7,1047,2,0,1,1,1,1,2
7,1048,0,0,2,2,0,2,2
7,1049,0,0,0,0,0,0,0
7,1050,0,0,0,0,0,0,0
7,1051,0,0,0,0,0,0,0
7,1052,2,0,0,1,0,0,2
7,1053,1,0,1,0,0,0,2
7,1054,2,0,2,2,2,2,2
7,1055,0,0,2,2,2,2,2
7,1056,0,0,0,0,0,0,0
7,1057,1,0,1,1,1,1,1
7,1058,1,0,1,1,1,1,1
7,1059,2,0,2,2,2,2,2
7,1060,2,0,2,2,2,2,2
7,1061,0,0,0,0,0,0,0
7,1062,0,0,0,0,0,0,0
7,1063,0,0,0,0,0,0,0
7,1064,2,0,2,2,2,2,2
7,1065,2,0,1,0,0,1,2
7,1066,2,0,2,2,2,2,2
7,1067,1,0,1,1,1,1,1
7,1068,0,0,0,0,0,0,0
7,1069,1,0,1,1,1,1,1
7,1070,2,0,2,2,2,2,2
7,1071,2,0,2,2,2,2,2
7,1072,2,0,2,2,2,2,2
7,1073,0,0,1,1,2,1,2
7,1074,1,0,1,1,1,1,1
7,1075,1,0,1,1,1,1,1
7,1076,2,0,2,2,2,2,2
7,1077,0,0,0,0,0,0,0
7,1078,0,0,0,0,0,0,0
7,1079,2,0,2,0,2,2,1
7,1080,2,0,0,0,0,0,2
7,1081,2,0,2,2,2,2,2
7,1082,1,0,1,1,1,1,1
7,1083,2,0,2,2,2,2,2
7,1084,2,0,1,2,2,1,2
7,1085,2,0,2,2,2,2,2
7,1086,0,0,2,2,2,2,2
7,1087,0,0,0,0,0,0,0
7,1088,2,0,2,2,2,2,2
7,1089,0,0,0,1,0,2,2
7,1090,0,0,2,2,2,0,2
7,1091,2,0,2,2,2,2,2
7,1092,1,0,1,1,1,1,1
7,1093,0,0,0,0,0,0,0
7,1094,2,0,1,2,1,1,2
7,1095,1,0,1,1,1,1,1
7,1096,2,0,0,0,2,0,2
7,1097,0,0,0,0,0,0,0
7,1098,2,0,2,2,2,2,2
7,1099,2,0,2,2,2,2,1
8,0,1,0,1,1,1,1,1
8,1,2,0,2,2,2,2,2
8,2,1,0,1,1,1,1,1
8,3,2,0,2,2,2,2,2
8,4,1,0,0,0,1,0,1
8,5,2,0,2,2,2,2,2
8,6,0,0,0,0,0,0,0
8,7,2,0,2,2,2,2,2
8,8,1,0,1,1,1,1,1
8,9,1,0,2,2,2,2,2
8,10,2,0,2,2,2,2,2
8,11,2,0,2,2,2,2,2
8,12,0,0,0,0,0,0,0
8,13,2,0,0,0,0,0,2
8,14,0,0,0,0,0,0,0
8,15,1,0,1,1,1,1,1
8,16,0,0,0,0,0,0,0
8,17,0,0,0,0,0,0,0
8,18,1,0,1,1,1,1,1
8,19,2,0,2,2,2,2,2
8,20,0,0,0,0,0,0,0
8,21,2,0,2,2,2,2,2
8,22,0,0,0,0,0,0,0
8,23,2,0,2,2,2,2,2
8,24,1,0,1,1,1,1,1
8,25,0,0,0,0,0,0,0
8,26,2,0,2,2,2,2,2
8,27,0,0,0,0,0,0,2
8,28,1,0,1,1,1,1,1
8,29,2,0,2,2,2,2,2
8,30,0,0,0,0,0,0,0
8,31,1,0,0,2,0,0,2
8,32,2,0,2,2,2,2,2
8,33,1,0,1,1,1,1,1
8,34,0,0,0,0,0,0,0
8,35,1,0,1,1,1,1,1
8,36,1,0,1,1,1,1,1
8,37,0,0,0,0,0,0,0
8,38,2,0,2,2,2,2,2
8,39,0,0,0,0,0,0,0
8,40,0,0,0,0,0,0,0
8,41,0,0,0,0,0,0,0
8,42,0,0,0,0,0,0,0
8,43,2,0,2,2,2,2,2
8,44,2,0,2,2,2,2,2
8,45,0,0,0,0,0,0,0
8,46,2,0,2,2,2,2,2
8,47,0,0,0,0,0,0,0
8,48,1,0,1,1,1,1,1
8,49,0,0,0,0,0,0,0
8,50,0,0,0,0,0,0,0
8,51,1,0,1,1,1,1,1
8,52,0,0,0,0,0,0,0
8,53,2,0,2,2,2,2,2
8,54,1,0,1,1,1,1,1
8,55,1,0,1,1,1,1,1
8,56,1,0,1,1,1,1,1
8,57,0,0,0,0,0,0,0
8,58,0,0,0,0,0,0,0
8,59,0,0,0,0,0,0,0
8,60,0,0,0,0,0,0,0
8,61,1,0,0,0,0,0,2
8,62,0,0,0,0,0,0,0
8,63,1,0,1,1,1,1,1
8,64,0,0,1,1,1,1,2
8,65,0,0,0,0,0,0,0
8,66,2,0,2,2,2,2,2
8,67,1,0,1,1,1,1,1
8,68,1,0,1,1,1,1,1
8,69,1,0,0,0,0,0,2
8,70,0,0,0,0,0,0,0
8,71,2,0,2,2,2,2,2
8,72,0,0,0,0,0,0,0
8,73,0,0,0,0,0,0,0
8,74,2,0,2,2,2,2,2
8,75,2,0,2,2,2,2,2
8,76,2,0,2,2,2,2,2
8,77,0,0,0,0,0,0,0
8,78,1,0,1,1,1,1,1
8,79,2,0,2,2,2,2,2
8,80,0,0,0,0,0,0,0
8,81,1,0,1,1,1,1,1
8,82,2,0,2,2,2,2,2
8,83,0,0,0,0,0,0,0
8,84,1,0,1,1,1,1,1
8,85,1,0,1,1,1,1,1
8,86,1,0,1,1,1,1,1
8,87,2,0,2,2,2,2,2
8,88,1,0,1,1,1,1,1
8,89,2,0,2,2,2,2,2
8,90,1,0,1,1,1,1,1
8,91,2,0,2,2,2,2,2
8,92,2,0,2,2,2,2,2
8,93,2,0,0,0,0,0,2
8,94,0,0,2,2,2,2,2
8,95,1,0,1,0,1,1,1
8,96,2,0,2,2,2,2,2
8,97,2,0,2,2,2,2,2
8,98,0,0,0,0,0,0,0
8,99,1,0,1,1,1,1,1
8,100,1,0,1,2,1,1,2
8,101,1,0,0,0,0,0,2
8,102,1,0,1,1,1,1,1
8,103,1,0,1,1,1,1,1
8,104,0,0,0,0,0,0,0
8,105,0,0,0,0,0,0,0
8,106,2,0,2,2,2,2,2
8,107,0,0,0,0,0,0,0
8,108,2,0,2,2,2,2,2
8,109,2,0,2,2,2,2,2
8,110,0,0,0,0,0,0,0
8,111,2,0,2,2,2,2,2
8,112,0,0,0,0,0,0,0
8,113,1,0,1,1,1,1,1
8,114,2,0,0,1,1,0,2
8,115,2,0,2,2,2,2,2
8,116,1,0,1,1,1,1,1
8,117,2,0,2,2,2,2,2
8,118,2,0,2,2,2,2,2
8,119,1,0,1,1,1,1,1
8,120,0,0,0,0,0,0,0
8,121,2,0,2,2,2,2,2
8,122,0,0,0,0,0,0,0
8,123,1,0,1,1,1,1,1
8,124,1,0,1,1,1,1,1
8,125,0,0,0,0,0,0,2
8,126,1,0,1,1,1,1,1
8,127,0,0,0,0,0,0,0
8,128,2,0,2,2,2,2,2
8,129,1,0,1,1,1,1,1
8,130,0,0,0,0,0,0,0
8,131,1,0,1,1,1,1,1
8,132,0,0,2,1,1,2,2
8,133,1,0,1,1,1,1,1
8,134,1,0,1,1,1,1,1
8,135,0,0,0,0,2,2,2
8,136,0,0,0,0,0,0,0
8,137,2,0,2,2,2,2,2
8,138,0,0,0,0,0,0,0
8,139,1,0,1,1,1,1,1
8,140,2,0,2,2,0,2,2
8,141,0,0,1,0,0,1,2
8,142,1,0,1,1,1,1,1
8,143,0,0,0,0,0,0,0
8,144,2,0,2,2,2,2,2
8,145,0,0,0,0,0,0,0
8,146,1,0,1,1,1,1,1
8,147,2,0,2,2,2,2,2
8,148,1,0,1,1,1,1,1
8,149,2,0,2,2,2,2,2
8,150,0,0,0,0,0,0,0
8,151,1,0,1,1,1,1,1
8,152,1,0,1,1,1,1,1
8,153,2,0,2,2,2,2,2
8,154,2,0,2,2,2,2,2
8,155,1,0,1,1,1,1,1
8,156,0,0,0,0,0,0,0
8,157,1,0,1,1,1,1,1
8,158,0,0,0,0,0,0,0
8,159,0,0,0,0,0,0,0
8,160,1,0,1,1,1,1,1
8,161,1,0,2,2,2,2,2
8,162,2,0,2,2,2,2,2
8,163,1,0,1,1,1,1,1
8,164,0,0,0,0,0,0,0
8,165,2,0,2,2,2,2,2
8,166,1,0,1,1,1,1,1
8,167,0,0,0,0,0,0,0
8,168,1,0,1,1,1,1,1
8,169,1,0,1,1,1,1,1
8,170,0,0,0,0,0,0,0
8,171,2,0,0,0,0,0,2
8,172,1,0,1,1,1,1,1
8,173,0,0,0,0,0,0,0
8,174,0,0,0,0,0,0,0
8,175,2,0,2,2,2,2,2
8,176,2,0,2,2,2,2,2
8,177,2,0,2,2,2,2,2
8,178,1,0,1,0,1,1,2
8,179,0,0,0,0,0,0,2
8,180,0,0,0,0,0,0,0
8,181,2,0,2,2,2,2,2
8,182,1,0,1,1,1,1,1
8,183,0,0,0,0,0,0,0
8,184,2,0,2,0,2,1,2
8,185,2,0,2,2,2,2,2
8,186,1,0,1,1,1,1,1
8,187,0,0,0,0,0,0,0
8,188,1,0,1,1,1,1,1
8,189,2,0,2,2,2,2,2
8,190,1,0,0,2,0,0,2
8,191,1,0,1,1,1,1,1
8,192,2,0,2,0,0,2,2
8,193,1,0,1,1,1,1,1
8,194,2,0,1,0,1,1,2
8,195,2,0,2,2,2,2,2
8,196,2,0,2,2,2,2,2
8,197,0,0,0,0,0,0,0
8,198,1,0,1,1,1,1,1
8,199,0,0,2,1,2,2,2
8,200,2,0,2,2,2,2,2
8,201,2,0,2,2,2,2,2
8,202,2,0,2,2,2,2,2
8,203,1,0,1,1,1,1,1
8,204,0,0,2,0,2,0,2
8,205,2,0,2,2,2,2,2
8,206,2,0,2,2,2,2,2
8,207,2,0,2,2,2,2,2
8,208,2,0,2,2,2,2,2
8,209,2,0,2,0,2,2,2
8,210,1,0,1,1,1,1,1
8,211,0,0,2,2,2,2,1
8,212,0,0,0,0,0,0,0
8,213,1,0,1,1,1,1,1
8,214,0,0,0,0,0,0,0
8,215,2,0,2,2,2,2,2
8,216,1,0,1,1,1,1,1
8,217,1,0,1,1,1,1,1
8,218,0,0,0,0,0,0,0
8,219,0,0,2,1,2,2,2
8,220,1,0,0,0,0,0,2
8,221,1,0,1,1,1,1,1
8,222,1,0,1,1,1,1,1
8,223,2,0,2,2,2,2,2
8,224,0,0,0,0,0,0,0
8,225,1,0,1,1,1,1,1
8,226,2,0,2,2,2,2,2
8,227,1,0,1,1,1,1,1
8,228,1,0,1,1,1,1,1
8,229,1,0,1,1,1,1,1
8,230,0,0,0,0,0,0,0
8,231,0,0,0,0,0,0,0
8,232,0,0,0,0,0,0,0
8,233,1,0,1,1,1,1,1
8,234,2,0,2,2,2,2,2
8,235,2,0,2,2,2,2,2
8,236,2,0,2,2,2,2,2
8,237,1,0,1,1,1,1,1
8,238,1,0,1,1,1,1,1
8,239,0,0,0,0,0,0,0
8,240,1,0,1,1,1,1,1
8,241,1,0,0,2,2,0,2
8,242,1,0,1,1,1,1,1
8,243,1,0,1,1,1,1,1
8,244,0,0,0,0,0,0,0
8,245,0,0,0,0,0,0,0
8,246,0,0,0,0,0,0,0
8,247,2,0,2,2,2,2,2
8,248,2,0,2,2,2,2,2
8,249,0,0,0,0,0,0,0
8,250,2,0,2,2,2,2,2
8,251,1,0,1,1,1,1,1
8,252,0,0,0,0,0,0,2
8,253,1,0,1,1,1,1,1
8,254,0,0,0,0,0,0,0
8,255,1,0,0,0,0,0,1
8,256,0,0,0,0,0,0,0
8,257,0,0,0,0,0,0,0
8,258,1,0,1,1,1,1,1
8,259,1,0,0,2,0,2,1
8,260,0,0,0,0,0,0,0
8,261,1,0,1,1,1,1,1
8,262,0,0,0,0,0,0,0
8,263,1,0,1,1,1,1,1
8,264,1,0,1,1,1,1,1
8,265,1,0,1,1,1,1,1
8,266,1,0,1,1,1,1,1
8,267,2,0,2,2,2,2,2
8,268,0,0,0,0,0,0,0
8,269,0,0,0,0,0,0,0
8,270,1,0,1,1,1,1,1
8,271,0,0,0,0,0,0,0
8,272,2,0,2,2,2,2,2
8,273,2,0,2,2,2,2,2
8,274,0,0,0,0,0,0,0
8,275,0,0,1,1,2,2,2
8,276,2,0,2,2,2,2,2
8,277,2,0,2,2,2,2,2
8,278,1,0,2,2,2,2,2
8,279,1,0,1,1,1,1,1
8,280,2,0,2,2,2,2,2
8,281,0,0,0,0,0,0,0
8,282,2,0,2,2,2,2,2
8,283,2,0,2,2,2,2,2
8,284,2,0,2,2,2,2,2
8,285,2,0,2,2,2,2,2
8,286,2,0,1,0,0,1,1
8,287,0,0,0,0,0,0,0
8,288,2,0,2,2,2,2,2
8,289,2,0,2,2,2,2,2
8,290,0,0,2,2,2,2,2
8,291,0,0,0,0,0,0,0
8,292,0,0,0,0,0,0,0
8,293,0,0,1,1,1,1,2
8,294,2,0,2,2,2,2,2
8,295,1,0,2,2,2,2,2
8,296,0,0,2,1,1,2,2
8,297,1,0,1,1,1,1,1
8,298,1,0,1,1,1,1,1
8,299,1,0,2,1,2,2,2
8,300,0,0,0,0,0,0,0
8,301,1,0,1,1,1,1,1
8,302,0,0,1,0,1,1,2
8,303,2,0,2,2,2,2,2
8,304,0,0,0,0,0,0,0
8,305,1,0,0,0,0,0,2
8,306,0,0,0,0,0,0,0
8,307,1,0,1,1,1,1,1
8,308,2,0,2,2,2,2,2
8,309,1,0,1,1,1,1,1
8,310,0,0,0,0,0,0,0
8,311,1,0,1,1,1,1,1
8,312,0,0,0,0,2,0,2
8,313,1,0,2,2,2,2,2
8,314,0,0,0,0,0,0,0
8,315,0,0,0,0,0,0,0
8,316,2,0,2,2,2,2,2
8,317,0,0,0,0,0,0,0
8,318,0,0,0,0,0,0,0
8,319,1,0,1,1,1,1,1
8,320,0,0,2,2,2,0,2
8,321,0,0,0,0,0,0,0
8,322,2,0,2,2,2,2,2
8,323,2,0,2,2,2,2,2
8,324,1,0,0,2,0,0,2
8,325,1,0,1,1,1,1,1
8,326,0,0,0,0,0,0,0
8,327,0,0,0,0,0,0,0
8,328,2,0,2,2,2,2,2
8,329,1,0,1,1,1,1,1
8,330,1,0,1,1,1,1,1
8,331,0,0,0,0,0,0,0
8,332,0,0,0,0,0,0,0
8,333,0,0,0,0,0,0,0
8,334,1,0,1,1,1,1,1
8,335,0,0,0,0,0,0,0
8,336,1,0,1,1,1,1,1
8,337,0,0,2,2,2,0,1
8,338,0,0,0,0,0,0,0
8,339,1,0,1,1,1,1,2
8,340,2,0,2,2,2,2,2
8,341,1,0,1,1,1,1,1
8,342,2,0,2,2,2,2,2
8,343,2,0,2,2,2,2,2
8,344,2,0,2,2,2,2,2
8,345,2,0,2,2,2,2,2
8,346,2,0,2,2,2,2,2
8,347,2,0,2,2,2,2,2
8,348,2,0,2,2,2,2,2
8,349,2,0,2,2,2,2,2
8,350,1,0,1,1,1,1,1
8,351,1,0,1,1,1,1,1
8,352,1,0,1,1,1,1,1
8,353,2,0,2,2,2,2,2
8,354,2,0,2,2,2,2,2
8,355,2,0,2,2,2,2,2
8,356,0,0,0,0,0,0,0
8,357,1,0,1,1,1,1,1
8,358,0,0,0,0,0,0,0
8,359,0,0,0,0,0,0,0
8,360,0,0,1,1,0,1,2
8,361,1,0,1,1,1,1,1
8,362,1,0,1,1,1,1,1
8,363,0,0,0,0,0,0,0
8,364,1,0,1,1,1,1,1
8,365,0,0,0,0,0,0,0
8,366,0,0,0,2,2,2,2
8,367,0,0,0,0,0,0,0
8,368,0,0,0,0,0,0,0
8,369,0,0,0,0,0,0,0
8,370,0,0,0,0,0,0,0
8,371,2,0,2,2,2,2,2
8,372,2,0,0,0,0,0,2
8,373,1,0,1,1,1,1,1
8,374,2,0,2,2,2,2,2
8,375,2,0,2,2,2,2,2
8,376,1,0,1,1,1,1,1
8,377,0,0,0,0,0,0,0
8,378,2,0,2,2,2,2,2
8,379,1,0,2,2,2,2,2
8,380,1,0,1,1,1,1,1
8,381,0,0,0,0,0,0,0
8,382,2,0,2,2,2,2,2
8,383,1,0,1,1,1,1,1
8,384,0,0,1,1,2,2,2
8,385,2,0,2,2,2,2,2
8,386,1,0,1,1,1,1,1
8,387,1,0,1,1,1,1,1
8,388,2,0,2,2,2,2,2
8,389,0,0,0,0,0,0,0
8,390,1,0,1,1,1,1,1
8,391,2,0,2,2,2,2,2
8,392,1,0,1,1,1,1,1
8,393,2,0,2,2,2,2,1
8,394,2,0,2,2,2,2,2
8,395,0,0,0,0,0,0,0
8,396,2,0,2,2,2,2,0
8,397,0,0,0,0,0,0,0
8,398,2,0,2,2,2,2,2
8,399,2,0,2,2,2,2,2
8,400,2,0,2,2,2,2,2
8,401,2,0,2,2,2,2,2
8,402,0,0,0,0,0,0,0
8,403,2,0,2,2,2,2,2
8,404,1,0,2,2,2,1,2
8,405,0,0,2,2,2,0,0
8,406,2,0,2,2,2,2,2
8,407,0,0,0,0,0,0,0
8,408,0,0,0,0,2,0,2
8,409,1,0,1,1,1,1,1
8,410,1,0,1,1,1,1,1
8,411,2,0,0,0,0,0,2
8,412,1,0,1,1,1,1,1
8,413,1,0,1,1,1,1,1
8,414,1,0,1,1,1,1,1
8,415,2,0,2,2,2,2,2
8,416,2,0,2,2,0,2,2
8,417,2,0,2,2,2,2,2
8,418,0,0,0,0,0,0,0
8,419,0,0,0,0,0,0,0
8,420,2,0,0,0,2,2,2
8,421,0,0,0,0,0,0,0
8,422,1,0,1,0,1,1,2
8,423,2,0,2,2,2,2,2
8,424,1,0,1,1,1,1,1
8,425,0,0,0,0,0,0,0
8,426,2,0,2,2,2,2,2
8,427,1,0,1,1,1,1,1
8,428,0,0,0,0,0,0,0
8,429,2,0,2,2,2,2,2
8,430,2,0,2,2,2,2,2
8,431,1,0,1,1,1,1,1
8,432,0,0,0,0,0,0,0
8,433,0,0,0,0,0,0,0
8,434,0,0,0,0,0,0,0
8,435,1,0,1,1,1,1,1
8,436,0,0,0,0,0,0,0
8,437,1,0,1,1,0,0,1
8,438,1,0,1,2,2,1,2
8,439,0,0,0,0,0,0,0
8,440,0,0,0,0,0,0,0
8,441,1,0,0,0,0,0,2
8,442,0,0,0,0,0,0,0
8,443,2,0,2,2,2,2,2
8,444,1,0,1,1,1,1,1
8,445,2,0,2,2,2,2,2
8,446,2,0,2,2,2,2,2
8,447,2,0,2,2,2,2,2
8,448,2,0,2,2,2,2,2
8,449,0,0,0,1,2,0,2
8,450,2,0,2,2,2,2,2
8,451,0,0,0,0,0,0,0
8,452,1,0,2,1,1,2,2
8,453,2,0,2,2,2,2,2
8,454,0,0,0,0,0,0,2
8,455,0,0,2,2,2,0,2
8,456,0,0,0,0,0,0,0
8,457,1,0,2,2,2,0,2
8,458,1,0,1,1,1,1,1
8,459,1,0,0,0,2,0,2
8,460,2,0,2,2,2,2,2
8,461,2,0,2,2,2,2,2
8,462,1,0,1,1,1,1,1
8,463,1,0,1,1,1,1,1
8,464,2,0,2,2,2,2,2
8,465,0,0,0,0,0,0,0
8,466,2,0,2,2,2,2,2
8,467,2,0,2,2,2,2,2
8,468,2,0,0,0,0,0,2
8,469,2,0,2,2,2,2,2
8,470,2,0,2,2,2,2,2
8,471,1,0,1,1,1,1,1
8,472,0,0,0,0,0,0,0
8,473,0,0,0,0,0,0,0
8,474,1,0,1,1,1,1,2
8,475,0,0,0,1,0,0,2
8,476,1,0,2,2,2,2,2
8,477,2,0,2,2,2,2,2
8,478,1,0,1,1,1,1,1
8,479,0,0,0,0,0,0,0
8,480,2,0,2,2,2,2,2
8,481,1,0,2,2,2,2,2
8,482,1,0,1,0,0,1,2
8,483,2,0,2,2,2,2,2
8,484,2,0,2,2,2,2,2
8,485,2,0,2,2,2,2,2
8,486,0,0,0,0,0,0,0
8,487,0,0,2,2,2,0,2
8,488,1,0,1,0,0,1,2
8,489,1,0,1,1,1,1,1
8,490,2,0,2,2,2,2,2
8,491,2,0,2,2,2,2,2
8,492,1,0,1,1,1,1,1
8,493,1,0,2,2,1,2,2
8,494,0,0,2,2,2,2,2
8,495,1,0,1,1,1,1,1
8,496,0,0,2,2,2,1,2
8,497,0,0,0,0,0,0,0
8,498,1,0,1,1,1,1,1
8,499,2,0,2,2,2,2,2
8,500,0,0,0,0,0,0,0
8,501,2,0,2,2,2,2,2
8,502,0,0,0,0,0,0,0
8,503,1,0,2,2,2,2,2
8,504,2,0,2,2,2,2,2
8,505,0,0,0,0,0,0,0
8,506,1,0,1,1,1,1,1
8,507,1,0,1,1,1,1,1
8,508,2,0,2,2,2,2,2
8,509,2,0,0,0,0,0,2
8,510,0,0,0,0,0,0,0
8,511,2,0,0,1,0,0,2
8,512,0,0,0,0,0,0,0
8,513,2,0,2,2,2,2,2
8,514,1,0,1,1,1,1,1
8,515,1,0,1,1,1,1,1
8,516,0,0,1,0,1,1,2
8,517,0,0,0,0,0,0,0
8,518,2,0,2,2,2,2,2
8,519,1,0,1,1,1,1,1
8,520,1,0,0,0,0,1,2
8,521,0,0,1,1,1,1,2
8,522,1,0,1,1,1,1,1
8,523,2,0,2,2,2,2,2
8,524,1,0,1,1,1,1,1
8,525,1,0,1,1,1,1,1
8,526,0,0,0,0,0,0,0
8,527,2,0,2,2,2,2,2
8,528,1,0,1,1,1,1,1
8,529,0,0,0,0,0,0,0
8,530,0,0,0,0,0,0,0
8,531,1,0,1,1,1,1,1
8,532,1,0,1,1,1,1,1
8,533,0,0,0,0,0,0,0
8,534,0,0,0,0,0,1,2
8,535,2,0,2,2,2,2,2
8,536,1,0,1,1,1,1,1
8,537,2,0,2,2,2,2,2
8,538,2,0,2,2,2,2,2
8,539,2,0,2,2,2,2,2
8,540,2,0,2,2,2,2,2
8,541,0,0,0,0,0,0,0
8,542,2,0,2,2,2,2,2
8,543,0,0,0,0,0,0,0
8,544,0,0,0,0,0,0,0
8,545,2,0,1,1,1,1,2
8,546,1,0,1,1,1,1,1
8,547,0,0,0,0,0,0,0
8,548,1,0,1,1,1,1,1
8,549,1,0,1,1,1,1,0
8,550,0,0,0,0,0,0,0
8,551,1,0,1,1,1,1,1
8,552,0,0,0,0,0,0,0
8,553,1,0,1,1,1,1,1
8,554,0,0,0,0,0,0,2
8,555,0,0,0,0,0,0,0
8,556,0,0,0,0,0,0,0
8,557,2,0,2,2,2,2,2
8,558,0,0,0,0,0,0,2
8,559,0,0,0,0,0,0,0
8,560,1,0,1,1,1,1,1
8,561,1,0,1,1,1,1,1
8,562,2,0,2,2,2,2,2
8,563,2,0,2,2,2,2,2
8,564,1,0,1,1,1,1,1
8,565,1,0,1,1,1,1,1
8,566,0,0,0,0,0,0,0
8,567,2,0,2,2,2,2,2
8,568,0,0,0,0,0,0,0
8,569,1,0,1,1,1,1,1
8,570,1,0,1,1,1,1,1
8,571,2,0,0,0,0,0,2
8,572,2,0,2,2,2,2,2
8,573,0,0,0,0,0,0,0
8,574,0,0,0,0,0,1,2
8,575,1,0,1,1,1,1,1
8,576,0,0,0,0,0,0,0
8,577,0,0,2,1,2,2,2
8,578,1,0,1,1,1,1,1
8,579,0,0,0,0,0,0,0
8,580,2,0,2,2,2,2,2
8,581,0,0,0,0,0,0,0
8,582,0,0,0,0,0,0,0
8,583,0,0,0,0,0,0,2
8,584,0,0,0,0,0,0,0
8,585,1,0,1,1,1,1,1
8,586,0,0,0,0,0,0,0
8,587,2,0,2,2,2,2,2
8,588,0,0,0,0,0,0,0
8,589,2,0,2,0,0,0,2
8,590,1,0,1,1,1,1,1
8,591,2,0,2,2,2,2,2
8,592,2,0,2,2,2,2,2
8,593,2,0,2,2,2,2,2
8,594,1,0,1,1,1,1,1
8,595,1,0,1,1,1,1,1
8,596,2,0,2,2,2,2,2
8,597,1,0,2,0,2,2,1
8,598,1,0,1,1,1,1,1
8,599,0,0,0,0,0,0,0
8,600,0,0,0,0,0,0,0
8,601,2,0,2,2,2,2,2
8,602,2,0,2,2,2,2,2
8,603,1,0,1,1,1,1,1
8,604,0,0,0,0,0,0,0
8,605,0,0,0,0,0,0,0
8,606,2,0,1,1,1,1,2
8,607,0,0,0,1,0,0,2
8,608,1,0,1,1,1,1,1
8,609,0,0,0,0,0,0,0
8,610,1,0,1,1,1,1,1
8,611,1,0,1,1,1,1,1
8,612,1,0,1,1,1,1,1
8,613,0,0,0,0,0,0,0
8,614,0,0,0,0,0,0,0
8,615,1,0,1,1,1,1,1
8,616,2,0,2,2,2,2,2
8,617,1,0,1,1,1,1,1
8,618,1,0,1,1,1,1,1
8,619,1,0,1,1,1,1,1
8,620,1,0,1,1,1,1,1
8,621,0,0,0,0,0,0,0
8,622,1,0,1,1,1,1,1
8,623,1,0,1,1,1,1,1
8,624,0,0,0,0,0,0,0
8,625,1,0,1,1,1,1,1
8,626,1,0,1,1,1,1,1
8,627,1,0,1,1,1,1,1
8,628,0,0,0,0,0,0,0
8,629,1,0,1,1,1,1,1
8,630,0,0,0,0,0,0,0
8,631,2,0,2,2,2,2,2
8,632,0,0,1,2,1,1,2
8,633,2,0,2,2,2,2,2
8,634,1,0,2,2,2,2,2
8,635,2,0,2,2,2,2,2
8,636,1,0,1,1,1,1,1
8,637,1,0,0,0,0,0,2
8,638,0,0,0,0,0,0,0
8,639,1,0,1,1,1,1,1
8,640,0,0,0,0,0,0,0
8,641,2,0,2,2,2,2,2
8,642,2,0,2,2,2,2,2
8,643,0,0,0,0,0,0,0
8,644,2,0,2,2,2,2,2
8,645,1,0,1,1,1,1,1
8,646,0,0,0,0,0,0,0
8,647,0,0,0,0,0,0,0
8,648,0,0,0,2,2,0,2
8,649,1,0,2,2,0,2,2
8,650,0,0,0,0,0,0,0
8,651,0,0,0,0,0,0,0
8,652,0,0,0,0,0,0,0
8,653,0,0,0,0,0,0,0
8,654,0,0,0,0,0,0,0
8,655,1,0,1,1,1,1,1
8,656,2,0,2,2,2,2,2
8,657,0,0,0,0,0,0,0
8,658,1,0,1,1,1,1,1
8,659,1,0,1,1,1,1,1
8,660,1,0,1,1,1,1,1
8,661,2,0,2,2,2,2,2
8,662,2,0,2,2,2,2,2
8,663,0,0,0,0,0,0,0
8,664,0,0,0,0,0,0,0
8,665,1,0,1,1,1,1,1
8,666,1,0,1,1,1,1,1
8,667,0,0,0,0,0,0,0
8,668,0,0,2,1,2,2,2
8,669,0,0,0,0,0,0,2
8,670,1,0,1,1,1,1,1
8,671,0,0,0,0,0,0,0
8,672,0,0,0,0,0,0,0
8,673,1,0,1,1,1,1,1
8,674,1,0,1,1,1,1,1
8,675,2,0,2,2,2,2,2
8,676,1,0,1,1,1,1,1
8,677,2,0,2,2,2,2,2
8,678,0,0,2,2,0,2,2
8,679,1,0,1,1,1,1,1
8,680,2,0,2,2,2,2,2
8,681,0,0,0,0,0,0,0
8,682,1,0,1,1,1,1,1
8,683,0,0,0,0,0,0,0
8,684,1,0,1,1,1,1,1
8,685,0,0,0,0,0,0,0
8,686,2,0,2,2,2,2,2
8,687,2,0,2,2,2,2,2
8,688,0,0,0,0,0,0,0
8,689,2,0,2,2,2,2,2
8,690,2,0,1,0,2,2,2
8,691,2,0,1,1,1,1,2
8,692,1,0,1,1,1,1,2
8,693,0,0,0,0,0,0,0
8,694,0,0,0,0,0,0,0
8,695,0,0,0,0,0,0,0
8,696,1,0,1,1,1,1,1
8,697,0,0,0,0,0,0,0
8,698,2,0,2,2,2,2,2
8,699,2,0,2,2,2,2,2
8,700,2,0,2,2,2,2,2
8,701,0,0,0,0,0,0,0
8,702,0,0,0,0,0,0,0
8,703,1,0,1,1,1,1,1
8,704,0,0,0,0,0,0,0
8,705,0,0,0,0,0,0,0
8,706,2,0,2,2,2,2,2
8,707,0,0,0,0,0,0,0
8,708,2,0,2,2,2,2,2
8,709,2,0,2,2,2,2,2
8,710,2,0,0,0,2,0,1
8,711,2,0,2,2,2,2,2
8,712,1,0,1,1,1,1,1
8,713,2,0,2,2,2,2,2
8,714,2,0,2,2,2,2,2
8,715,2,0,0,0,0,0,2
8,716,2,0,2,2,2,2,2
8,717,2,0,2,2,2,2,2
8,718,1,0,1,1,1,1,1
8,719,1,0,1,1,1,1,1
8,720,2,0,2,2,2,2,2
8,721,2,0,2,2,2,2,2
8,722,2,0,2,2,2,2,2
8,723,0,0,0,0,0,0,0
8,724,1,0,1,1,1,1,1
8,725,1,0,1,1,1,1,1
8,726,2,0,2,2,2,2,2
8,727,2,0,2,2,2,2,2
8,728,2,0,2,2,2,2,2
8,729,0,0,0,0,0,0,0
8,730,0,0,0,0,0,0,0
8,731,0,0,0,0,0,0,0
8,732,2,0,2,2,2,2,2
8,733,1,0,1,1,1,1,1
8,734,1,0,1,1,1,1,1
8,735,0,0,0,0,0,0,0
8,736,2,0,2,2,2,2,2
8,737,2,0,2,2,2,2,2
8,738,2,0,2,2,2,2,2
8,739,1,0,1,1,1,1,1
8,740,1,0,1,1,1,1,1
8,741,0,0,0,0,0,0,0
8,742,1,0,0,0,0,0,2
8,743,2,0,2,0,2,2,0
8,744,0,0,0,0,0,0,0
8,745,0,0,0,0,2,2,2
8,746,1,0,1,1,1,1,1
8,747,2,0,2,2,2,2,2
8,748,1,0,1,1,1,1,1
8,749,0,0,0,0,0,0,0
8,750,2,0,0,0,0,0,2
8,751,0,0,2,1,2,2,2
8,752,1,0,0,1,0,0,2
8,753,0,0,0,0,0,0,0
8,754,2,0,2,2,2,2,2
8,755,2,0,2,2,2,2,2
8,756,1,0,1,1,1,1,1
8,757,2,0,2,2,2,2,2
8,758,0,0,0,0,0,0,0
8,759,1,0,1,1,1,1,1
8,760,0,0,0,0,0,0,0
8,761,1,0,1,1,1,1,1
8,762,2,0,2,2,2,2,2
8,763,1,0,1,1,1,1,1
8,764,1,0,1,1,1,1,1
8,765,1,0,1,1,1,1,1
8,766,0,0,0,0,0,0,0
8,767,2,0,2,2,2,2,2
8,768,2,0,0,2,0,0,2
8,769,2,0,2,2,2,2,2
8,770,0,0,0,0,0,0,0
8,771,1,0,1,1,1,1,1
8,772,0,0,0,0,0,0,0
8,773,2,0,2,2,2,2,2
8,774,0,0,0,0,0,0,0
8,775,2,0,0,1,2,2,2
8,776,0,0,0,0,0,0,0
8,777,2,0,2,2,2,2,2
8,778,2,0,2,2,2,2,2
8,779,0,0,2,2,2,2,2
8,780,2,0,2,2,2,2,2
8,781,0,0,0,0,0,0,0
8,782,1,0,1,1,1,1,1
8,783,0,0,0,0,0,0,0
8,784,0,0,2,2,2,2,2
8,785,2,0,2,2,2,2,2
8,786,1,0,1,1,1,1,1
8,787,0,0,0,0,0,0,2
8,788,1,0,1,1,1,1,1
8,789,2,0,2,2,2,2,2
8,790,2,0,2,2,2,2,2
8,791,2,0,2,2,2,2,2
8,792,2,0,2,2,2,2,2
8,793,1,0,1,1,1,1,1
8,794,0,0,2,2,2,2,2
8,795,1,0,1,1,1,1,1
8,796,0,0,0,0,0,0,0
8,797,2,0,2,2,2,2,2
8,798,1,0,1,1,1,1,1
8,799,2,0,2,2,2,2,2
8,800,0,0,0,0,1,0,2
8,801,0,0,2,0,0,2,2
8,802,0,0,0,0,0,0,0
8,803,1,0,1,1,1,1,1
8,804,2,0,2,2,2,2,2
8,806,2,0,2,2,2,2,2
8,807,0,0,0,0,0,0,0
8,808,2,0,2,2,2,2,2
8,809,2,0,0,1,0,0,2
8,810,1,0,1,1,1,1,1
8,811,2,0,0,0,0,0,2
8,812,1,0,1,1,1,1,1
8,813,0,0,0,0,0,0,0
8,814,1,0,1,1,1,1,1
8,815,0,0,2,2,2,2,2
8,816,1,0,0,0,1,1,2
8,817,0,0,0,0,0,0,0
8,818,1,0,1,1,1,1,1
8,819,2,0,2,2,2,2,2
8,820,1,0,1,1,1,1,1
8,821,1,0,2,1,2,2,2
8,822,1,0,1,1,1,1,1
8,823,1,0,1,1,1,1,1
8,824,1,0,1,1,1,1,1
8,825,2,0,2,1,2,2,2
8,826,2,0,2,1,0,0,2
8,827,1,0,1,1,1,1,1
8,828,2,0,0,0,0,0,2
8,829,0,0,0,0,0,0,0
8,830,0,0,0,0,0,0,0
8,831,1,0,1,1,1,1,1
8,832,2,0,0,0,0,0,2
8,833,0,0,0,0,0,0,0
8,834,2,0,2,2,2,2,2
8,835,1,0,1,1,1,1,1
8,836,2,0,2,2,2,2,2
8,837,1,0,1,1,1,1,1
8,838,0,0,0,0,0,0,0
8,839,1,0,1,1,1,1,1
8,840,1,0,1,1,1,1,1
8,841,2,0,2,2,2,2,2
8,842,1,0,0,1,0,0,2
8,843,0,0,0,0,0,0,0
8,844,2,0,2,2,2,2,2
8,845,2,0,2,2,2,2,2
8,846,0,0,0,0,0,0,0
8,847,2,0,2,2,2,2,2
8,848,0,0,1,0,1,1,2
8,849,0,0,0,0,0,0,0
8,850,1,0,1,1,1,1,1
8,851,1,0,1,1,1,1,1
8,852,2,0,2,2,2,2,2
8,853,1,0,2,2,2,1,2
8,854,0,0,0,0,0,0,0
8,855,2,0,0,1,0,2,2
8,856,1,0,1,1,1,1,1
8,857,2,0,2,2,2,1,2
8,858,0,0,1,0,1,1,2
8,859,2,0,0,0,0,1,2
8,860,1,0,1,1,1,1,1
8,861,2,0,1,1,0,1,0
8,862,2,0,2,2,2,2,2
8,863,0,0,0,0,0,0,0
8,864,1,0,1,1,1,1,1
8,865,0,0,0,0,0,2,2
8,866,2,0,2,2,2,2,2
8,867,1,0,1,1,1,1,1
8,868,0,0,0,0,0,0,0
8,869,1,0,1,1,1,1,1
8,870,1,0,1,1,1,1,1
8,871,1,0,1,1,1,1,1
8,872,1,0,1,1,1,1,1
8,873,0,0,0,0,0,0,0
8,874,0,0,0,0,0,0,0
8,875,1,0,1,1,1,1,1
8,876,1,0,1,1,1,1,1
8,877,0,0,0,0,0,0,0
8,878,1,0,1,1,1,1,1
8,879,0,0,0,0,0,0,0
8,880,1,0,1,1,1,1,1
8,881,1,0,1,1,1,1,1
8,882,0,0,0,0,0,0,0
8,883,0,0,0,0,0,0,0
8,884,1,0,0,0,0,1,2
8,885,2,0,2,2,2,2,2
8,886,0,0,0,0,0,0,0
8,887,2,0,0,0,2,0,0
8,888,1,0,1,1,1,1,1
8,890,2,0,2,2,2,2,2
8,891,2,0,2,2,2,2,2
8,892,2,0,2,2,2,2,2
8,893,1,0,1,1,1,1,1
8,894,2,0,2,2,2,2,2
8,895,2,0,2,2,2,2,2
8,896,1,0,1,1,1,1,1
8,897,0,0,1,1,1,1,2
8,898,0,0,2,2,0,2,2
8,899,0,0,0,0,0,0,0
8,900,0,0,0,0,0,0,0
8,901,0,0,0,0,0,0,0
8,902,1,0,1,1,1,1,2
8,903,0,0,0,0,0,0,0
8,904,2,0,2,2,2,2,2
8,905,0,0,0,0,0,0,0
8,906,1,0,1,1,1,1,1
8,907,0,0,0,0,0,0,0
8,908,2,0,2,2,2,2,2
8,909,2,0,2,2,2,2,2
8,910,0,0,0,0,0,0,0
8,911,0,0,0,0,0,0,0
8,912,0,0,0,0,0,0,0
8,913,1,0,1,1,1,1,1
8,914,1,0,1,1,1,1,1
8,915,2,0,2,2,2,2,2
8,916,0,0,0,0,0,0,0
8,917,1,0,0,0,0,0,2
8,918,1,0,1,1,1,1,1
8,919,2,0,1,1,1,2,2
8,920,1,0,1,1,1,1,1
8,921,1,0,1,1,1,1,1
8,922,2,0,2,2,2,2,2
8,923,0,0,0,0,0,0,0
8,924,2,0,2,2,2,2,2
8,925,1,0,1,1,1,1,1
8,926,1,0,1,1,1,1,1
8,927,1,0,1,1,1,1,1
8,928,2,0,2,2,2,2,2
8,929,1,0,1,1,1,1,1
8,930,0,0,0,0,0,0,0
8,931,2,0,2,2,2,2,2
8,932,2,0,2,2,2,2,2
8,933,2,0,2,2,2,2,2
8,934,1,0,1,1,1,1,1
8,935,0,0,0,0,0,0,0
8,936,0,0,0,0,0,0,0
8,937,2,0,2,2,2,2,2
8,938,1,0,1,1,1,1,1
8,939,2,0,2,2,2,2,2
8,940,1,0,1,1,1,1,1
8,941,0,0,0,0,0,0,0
8,942,1,0,1,1,1,1,1
8,943,2,0,2,2,2,2,2
8,944,2,0,2,2,2,2,2
8,945,2,0,2,2,2,2,2
8,946,2,0,2,2,2,2,2
8,947,2,0,2,2,2,2,2
8,948,2,0,2,2,2,2,2
8,949,2,0,2,2,2,2,2
8,950,1,0,1,1,1,1,1
8,951,2,0,2,2,2,2,2
8,952,2,0,2,2,2,2,2
8,953,2,0,2,2,2,2,2
8,954,0,0,0,0,0,0,0
8,955,1,0,1,1,1,1,1
8,956,2,0,2,2,2,2,2
8,957,2,0,2,2,2,2,2
8,958,0,0,0,0,0,0,0
8,959,0,0,0,0,0,0,0
8,960,2,0,2,2,2,2,2
8,961,2,0,2,2,2,2,2
8,962,0,0,0,0,0,0,0
8,963,2,0,2,2,2,2,2
8,964,0,0,0,0,0,0,0
8,965,1,0,1,1,1,1,1
8,966,2,0,2,2,2,2,2
8,967,1,0,1,1,1,1,1
8,968,0,0,0,0,0,0,0
8,969,1,0,1,1,1,1,1
8,970,1,0,1,1,1,1,1
8,971,2,0,2,2,2,2,2
8,972,0,0,0,0,0,0,0
8,973,2,0,2,2,2,2,2
8,974,0,0,0,0,0,0,0
8,975,2,0,2,2,2,2,2
8,976,0,0,0,0,0,0,0
8,977,1,0,1,1,1,1,1
8,978,2,0,1,1,1,1,2
8,979,2,0,2,2,2,2,2
8,980,0,0,0,0,0,0,0
8,981,1,0,1,1,1,1,1
8,982,2,0,2,2,2,2,2
8,983,2,0,2,2,2,2,2
8,984,0,0,0,1,1,2,2
8,985,2,0,2,2,2,2,2
8,986,2,0,2,2,2,2,2
8,987,0,0,0,0,0,0,0
8,988,2,0,2,2,2,2,2
8,989,0,0,0,2,0,0,1
8,990,1,0,1,1,1,1,1
8,991,1,0,1,1,1,1,1
8,992,2,0,2,2,2,2,2
8,993,2,0,2,2,2,2,2
8,994,0,0,0,0,0,0,0
8,995,1,0,1,1,1,1,1
8,996,2,0,2,2,2,2,2
8,997,0,0,0,0,0,0,0
8,998,0,0,0,0,0,0,0
8,999,0,0,0,0,0,0,0
8,1000,1,0,1,1,1,1,1
8,1001,1,0,1,1,1,1,1
8,1002,1,0,2,2,2,2,2
8,1003,1,0,2,0,0,2,2
8,1004,0,0,0,0,0,0,0
8,1005,1,0,2,2,2,2,2
8,1006,1,0,1,1,1,1,1
8,1007,0,0,0,0,0,0,0
8,1008,1,0,1,1,1,1,1
8,1009,2,0,2,2,2,2,2
8,1010,1,0,1,1,1,1,1
8,1011,2,0,2,2,2,2,2
8,1012,0,0,0,0,0,0,0
8,1013,0,0,2,0,2,2,2
8,1014,0,0,0,2,2,2,2
8,1015,1,0,1,1,1,1,1
8,1016,0,0,0,0,0,0,0
8,1017,0,0,0,0,0,0,0
8,1018,0,0,0,0,0,0,0
8,1019,2,0,2,2,2,2,2
8,1020,0,0,0,0,0,0,0
8,1021,2,0,2,2,2,2,0
8,1022,2,0,2,2,2,2,2
8,1023,0,0,0,0,0,2,1
8,1024,0,0,0,0,0,0,0
8,1025,2,0,2,2,2,2,2
8,1026,1,0,2,0,2,2,2
8,1027,1,0,1,1,1,1,1
8,1028,2,0,2,2,2,2,2
8,1029,2,0,2,2,2,2,2
8,1030,0,0,0,0,0,0,0
8,1031,1,0,1,1,1,1,1
8,1032,2,0,2,2,2,2,2
8,1033,0,0,0,0,0,0,0
8,1034,2,0,2,2,2,2,2
8,1035,0,0,0,2,2,0,2
8,1036,0,0,0,0,0,0,0
8,1037,1,0,2,2,2,2,2
8,1038,1,0,1,1,1,1,1
8,1039,2,0,2,2,2,2,2
8,1040,2,0,0,1,0,2,1
8,1041,2,0,2,2,2,2,2
8,1042,0,0,0,0,0,0,1
8,1043,1,0,1,1,1,1,1
8,1044,2,0,2,2,2,2,2
8,1045,1,0,1,1,1,1,1
8,1046,1,0,1,1,1,1,1
8,1047,2,0,1,2,1,1,1
8,1048,0,0,2,2,0,2,2
8,1049,0,0,0,0,0,0,0
8,1050,0,0,0,0,0,0,0
8,1051,0,0,0,0,0,0,0
8,1052,2,0,1,1,1,0,2
8,1053,1,0,1,1,0,0,1
8,1054,2,0,2,2,2,2,2
8,1055,0,0,2,2,2,2,2
8,1056,0,0,0,0,0,0,0
8,1057,1,0,1,1,1,1,1
8,1058,1,0,1,1,1,1,1
8,1059,2,0,2,2,2,2,2
8,1060,2,0,2,2,2,2,2
8,1061,0,0,0,0,0,0,0
8,1062,0,0,0,0,0,0,0
8,1063,0,0,0,0,0,0,0
8,1064,2,0,2,2,2,2,2
8,1065,2,0,1,0,1,1,2
8,1066,2,0,2,2,2,2,2
8,1067,1,0,1,1,1,1,1
8,1068,0,0,0,0,0,0,0
8,1069,1,0,1,1,1,1,1
8,1070,2,0,2,2,2,2,2
8,1071,2,0,2,2,2,2,2
8,1072,2,0,2,2,2,2,2
8,1073,0,0,2,0,2,2,2
8,1074,1,0,1,1,1,1,1
8,1075,1,0,1,1,1,1,1
8,1076,2,0,2,2,2,2,2
8,1077,0,0,0,0,0,0,0
8,1078,0,0,0,0,0,0,0
8,1079,2,0,2,0,2,2,2
8,1080,2,0,0,0,0,0,2
8,1081,2,0,2,2,2,2,2
8,1082,1,0,1,1,1,1,1
8,1083,2,0,2,2,2,2,2
8,1084,2,0,2,2,2,2,2
8,1085,2,0,2,2,2,2,2
8,1086,0,0,2,2,2,2,2
8,1087,0,0,0,0,0,0,0
8,1088,2,0,2,2,2,2,2
8,1089,0,0,0,0,0,0,2
8,1090,0,0,2,2,2,0,2
8,1091,2,0,2,2,2,2,2
8,1092,1,0,1,1,1,1,1
8,1093,0,0,0,0,0,0,0
8,1094,2,0,1,1,2,1,2
8,1095,1,0,1,1,1,1,1
8,1096,2,0,0,0,0,0,2
8,1097,0,0,0,0,0,0,0
8,1098,2,0,2,2,2,2,2
8,1099,2,0,2,2,2,2,2
9,0,1,0,1,1,1,1,1
9,1,2,0,2,2,2,2,2
9,2,1,0,1,1,1,1,1
9,3,2,0,2,2,2,2,2
9,4,1,0,0,0,0,0,2
9,5,2,0,2,2,2,2,2
9,6,0,0,0,0,0,0,0
9,7,2,0,2,2,2,2,2
9,8,1,0,1,1,1,1,1
9,9,1,0,2,0,0,2,2
9,10,2,0,2,2,2,2,2
9,11,2,0,2,2,2,2,2
9,12,0,0,0,0,0,0,0
9,13,2,0,0,2,0,0,2
9,14,0,0,0,0,0,0,0
9,15,1,0,1,1,1,1,1
9,16,0,0,0,0,0,0,0
9,17,0,0,0,0,0,0,0
9,18,1,0,1,1,1,1,1
9,19,2,0,2,2,2,2,2
9,20,0,0,0,0,0,0,0
9,21,2,0,2,2,2,2,2
9,22,0,0,0,0,0,0,0
9,23,2,0,2,2,2,2,2
9,24,1,0,1,1,1,1,1
9,25,0,0,0,0,0,0,0
9,26,2,0,2,2,2,2,2
9,27,0,0,0,0,0,0,2
9,28,1,0,1,1,1,1,1
9,29,2,0,2,2,2,2,2
9,30,0,0,0,0,0,0,0
9,31,1,0,2,2,2,2,2
9,32,2,0,2,2,2,2,2
9,33,1,0,1,1,1,1,1
9,34,0,0,0,0,0,0,0
9,35,1,0,1,1,1,1,1
9,36,1,0,1,1,1,1,1
9,37,0,0,0,0,0,0,0
9,38,2,0,2,2,2,2,2
9,39,0,0,0,0,0,0,0
9,40,0,0,0,0,0,0,0
9,41,0,0,0,0,0,0,0
9,42,0,0,0,0,0,0,0
9,43,2,0,2,2,2,2,2
9,44,2,0,2,2,2,2,2
9,45,0,0,0,0,0,0,0
9,46,2,0,2,2,2,2,2
9,47,0,0,0,0,0,0,0
9,48,1,0,1,1,1,1,1
9,49,0,0,0,0,0,0,0
9,50,0,0,0,0,0,0,0
9,51,1,0,1,1,1,1,1
9,52,0,0,0,0,0,0,0
9,53,2,0,2,2,2,2,2
9,54,1,0,1,1,1,1,1
9,55,1,0,1,1,1,1,1
9,56,1,0,1,1,1,1,1
9,57,0,0,0,0,0,0,0
9,58,0,0,0,0,0,0,0
9,59,0,0,0,0,0,0,0
9,60,0,0,0,0,0,0,0
9,61,1,0,0,0,0,0,2
9,62,0,0,0,0,0,0,0
9,63,1,0,1,1,1,1,1
9,64,0,0,1,1,1,1,2
9,65,0,0,0,0,0,0,0
9,66,2,0,2,2,2,2,2
9,67,1,0,1,1,1,1,1
9,68,1,0,1,1,1,1,1
9,69,1,0,0,0,0,0,2
9,70,0,0,0,0,0,0,0
9,71,2,0,2,2,2,2,2
9,72,0,0,0,0,0,0,0
9,73,0,0,0,0,0,0,0
9,74,2,0,2,2,2,2,2
9,75,2,0,2,2,2,2,2
9,76,2,0,2,2,2,2,2
9,77,0,0,0,0,0,0,0
9,78,1,0,1,1,1,1,1
9,79,2,0,2,2,2,2,2
9,80,0,0,0,0,0,0,0
9,81,1,0,1,1,1,1,1
9,82,2,0,2,2,2,2,2
9,83,0,0,0,0,0,0,0
9,84,1,0,1,1,1,1,1
9,85,1,0,1,1,1,1,1
9,86,1,0,1,1,1,1,1
9,87,2,0,2,2,2,2,2
9,88,1,0,1,1,1,1,1
9,89,2,0,2,2,2,2,2
9,90,1,0,1,1,1,1,1
9,91,2,0,2,2,2,2,2
9,92,2,0,2,2,2,2,2
9,93,2,0,0,0,0,0,2
9,94,0,0,2,2,2,2,2
9,95,1,0,1,1,1,1,2
9,96,2,0,2,2,2,2,2
9,97,2,0,2,2,2,2,2
9,98,0,0,0,0,0,0,0
9,99,1,0,1,1,1,1,1
9,100,1,0,1,2,0,1,2
9,101,1,0,1,1,0,0,2
9,102,1,0,1,1,1,1,1
9,103,1,0,1,1,1,1,1
9,104,0,0,0,0,0,0,0
9,105,0,0,0,0,0,0,0
9,106,2,0,2,2,2,2,2
9,107,0,0,0,0,0,0,0
9,108,2,0,2,2,2,2,2
9,109,2,0,2,2,2,2,2
9,110,0,0,0,0,0,0,0
9,111,2,0,2,2,2,2,2
9,112,0,0,0,0,0,0,0
9,113,1,0,1,1,1,1,1
9,114,2,0,0,2,0,0,2
9,115,2,0,2,2,2,2,2
9,116,1,0,1,1,1,1,1
9,117,2,0,2,2,2,2,2
9,118,2,0,2,2,2,2,2
9,119,1,0,1,1,1,1,1
9,120,0,0,0,0,0,0,0
9,121,2,0,2,2,2,2,2
9,122,0,0,0,0,0,0,0
9,123,1,0,1,1,1,1,1
9,124,1,0,1,1,1,1,1
9,125,0,0,0,2,1,0,2
9,126,1,0,1,1,1,1,1
9,127,0,0,0,0,0,0,0
9,128,2,0,2,2,2,2,2
9,129,1,0,1,1,1,1,1
9,130,0,0,0,0,0,0,0
9,131,1,0,1,1,1,1,1
9,132,0,0,2,2,2,2,2
9,133,1,0,1,1,1,1,1
9,134,1,0,1,1,1,1,1
9,135,0,0,2,0,2,2,2
9,136,0,0,0,0,0,0,0
9,137,2,0,2,2,2,2,2
9,138,0,0,0,0,0,0,0
9,139,1,0,1,1,1,1,1
9,140,2,0,1,2,2,2,2
9,141,0,0,1,2,0,1,2
9,142,1,0,1,1,1,1,1
9,143,0,0,0,0,0,0,0
9,144,2,0,2,2,2,2,2
9,145,0,0,0,0,0,0,0
9,146,1,0,1,1,1,1,1
9,147,2,0,2,2,2,2,2
9,148,1,0,1,1,1,1,1
9,149,2,0,2,2,2,2,2
9,150,0,0,0,0,0,0,0
9,151,1,0,1,1,1,1,1
9,152,1,0,1,1,1,1,1
9,153,2,0,2,2,2,2,2
9,154,2,0,2,2,2,2,2
9,155,1,0,1,1,1,1,1
9,156,0,0,0,0,0,0,0
9,157,1,0,1,1,1,1,1
9,158,0,0,0,0,0,0,0
9,159,0,0,0,0,0,0,0
9,160,1,0,1,1,1,1,1
9,161,1,0,2,2,2,2,2
9,162,2,0,2,2,2,2,2
9,163,1,0,1,1,1,1,1
9,164,0,0,0,0,0,0,0
9,165,2,0,2,2,2,2,2
9,166,1,0,1,1,1,1,1
9,167,0,0,0,0,0,0,0
9,168,1,0,1,1,1,1,1
9,169,1,0,1,1,1,1,1
9,170,0,0,0,0,0,0,0
9,171,2,0,0,0,2,0,2
9,172,1,0,1,1,1,1,1
9,173,0,0,0,0,0,0,0
9,174,0,0,0,0,0,0,0
9,175,2,0,2,2,2,2,2
9,176,2,0,2,2,2,2,2
9,177,2,0,2,2,2,2,2
9,178,1,0,1,0,1,1,2
9,179,0,0,0,0,0,0,2
9,180,0,0,0,0,0,0,0
9,181,2,0,2,2,2,2,2
9,182,1,0,1,1,1,1,1
9,183,0,0,0,0,0,0,0
9,184,2,0,2,0,2,1,2
9,185,2,0,2,2,2,2,2
9,186,1,0,1,1,1,1,1
9,187,0,0,0,0,0,0,0
9,188,1,0,1,1,1,1,1
9,189,2,0,2,2,2,2,2
9,190,1,0,0,0,2,0,2
9,191,1,0,1,1,1,1,1
9,192,2,0,2,0,2,2,2
9,193,1,0,1,1,1,1,1
9,194,2,0,0,0,0,1,2
9,195,2,0,2,2,2,2,2
9,196,2,0,2,2,2,2,2
9,197,0,0,0,0,0,0,0
9,198,1,0,1,1,1,1,1
9,199,0,0,2,1,2,2,2
9,200,2,0,2,2,2,2,2
9,201,2,0,2,2,2,2,2
9,202,2,0,2,2,2,2,2
9,203,1,0,1,1,1,1,1
9,204,0,0,2,2,2,2,2
9,205,2,0,2,2,2,2,2
9,206,2,0,2,2,2,2,2
9,207,2,0,2,2,2,2,2
9,208,2,0,2,2,2,2,2
9,209,2,0,2,0,0,2,2
9,210,1,0,1,1,1,1,1
9,211,0,0,2,2,2,2,2
9,212,0,0,0,0,0,0,0
9,213,1,0,1,1,1,1,1
9,214,0,0,0,0,0,0,0
9,215,2,0,2,2,2,2,2
9,216,1,0,1,1,1,1,1
9,217,1,0,1,1,1,1,1
9,218,0,0,0,0,0,0,0
9,219,0,0,2,2,2,2,2
9,220,1,0,0,1,0,0,1
9,221,1,0,1,1,1,1,1
9,222,1,0,1,1,1,1,1
9,223,2,0,2,2,2,2,2
9,224,0,0,0,0,0,0,0
9,225,1,0,1,1,1,1,1
9,226,2,0,2,2,2,2,2
9,227,1,0,1,1,1,1,1
9,228,1,0,1,1,1,1,1
9,229,1,0,1,1,1,1,1
9,230,0,0,0,0,0,0,0
9,231,0,0,0,0,0,0,0
9,232,0,0,0,0,0,0,0
9,233,1,0,1,1,1,1,1
9,234,2,0,2,2,2,2,2
9,235,2,0,2,2,2,2,2
9,236,2,0,2,2,2,2,2
9,237,1,0,1,1,1,1,1
9,238,1,0,1,1,1,1,1
9,239,0,0,0,0,0,0,0
9,240,1,0,1,1,1,1,1
9,241,1,0,2,2,2,0,2
9,242,1,0,1,1,1,1,1
9,243,1,0,1,1,1,1,1
9,244,0,0,0,0,0,0,0
9,245,0,0,0,0,0,0,0
9,246,0,0,0,0,0,0,0
9,247,2,0,2,2,2,2,2
9,248,2,0,2,2,2,2,2
9,249,0,0,0,0,0,0,0
9,250,2,0,2,2,2,2,2
9,251,1,0,1,1,1,1,1
9,252,0,0,0,0,0,0,2
9,253,1,0,1,1,1,1,1
9,254,0,0,0,0,0,0,0
9,255,1,0,2,0,2,1,2
9,256,0,0,0,0,0,0,0
9,257,0,0,0,0,0,0,0
9,258,1,0,1,1,1,1,1
9,259,1,0,1,0,1,1,1
9,260,0,0,0,0,0,0,0
9,261,1,0,1,1,1,1,1
9,262,0,0,0,0,0,0,0
9,263,1,0,1,1,1,1,1
9,264,1,0,1,1,1,1,1
9,265,1,0,1,1,1,1,1
9,266,1,0,1,1,1,1,1
9,267,2,0,2,2,2,2,2
9,268,0,0,0,0,0,0,0
9,269,0,0,0,0,0,0,0
9,270,1,0,1,1,1,1,1
9,271,0,0,0,0,0,0,0
9,272,2,0,2,2,2,2,2
9,273,2,0,2,2,2,2,2
9,274,0,0,0,0,0,0,0
9,275,0,0,1,1,2,2,1
9,276,2,0,2,2,2,2,2
9,277,2,0,2,2,2,2,2
9,278,1,0,2,2,2,2,2
9,279,1,0,1,1,1,1,1
9,280,2,0,2,2,2,2,2
9,281,0,0,0,0,0,0,0
9,282,2,0,2,2,2,2,2
9,283,2,0,2,2,2,2,2
9,284,2,0,2,2,2,2,2
9,285,2,0,2,2,2,2,1
9,286,2,0,1,0,1,1,2
9,287,0,0,0,0,0,0,0
9,288,2,0,2,2,2,2,2
9,289,2,0,2,2,2,2,2
9,290,0,0,2,2,2,2,2
9,291,0,0,0,0,0,0,0
9,292,0,0,0,0,0,0,0
9,293,0,0,1,0,2,1,2
9,294,2,0,2,2,2,2,2
9,295,1,0,2,0,0,2,2
9,296,0,0,1,1,1,1,2
9,297,1,0,1,1,1,1,1
9,298,1,0,1,1,1,1,1
9,299,1,0,2,2,2,2,2
9,300,0,0,0,0,0,0,0
9,301,1,0,1,1,1,1,1
9,302,0,0,1,2,0,1,2
9,303,2,0,2,2,2,2,2
9,304,0,0,0,0,0,0,0
9,305,1,0,0,2,0,0,2
9,306,0,0,0,0,0,0,0
9,307,1,0,1,1,1,1,1
9,308,2,0,2,2,2,2,2
9,309,1,0,1,1,1,1,1
9,310,0,0,0,0,0,0,0
9,311,1,0,1,1,1,1,1
9,312,0,0,0,0,0,0,2
9,313,1,0,2,2,2,2,2
9,314,0,0,0,0,0,0,0
9,315,0,0,0,0,0,0,0
9,316,2,0,2,2,2,2,2
9,317,0,0,0,0,0,0,0
9,318,0,0,0,0,0,0,0
9,319,1,0,1,1,1,1,1
9,320,0,0,2,2,2,0,1
9,321,0,0,0,0,0,0,0
9,322,2,0,2,2,2,2,2
9,323,2,0,2,2,2,2,2
9,324,1,0,0,0,0,0,2
9,325,1,0,1,1,1,1,1
9,326,0,0,0,0,0,0,0
9,327,0,0,0,0,0,0,0
9,328,2,0,2,2,2,2,2
9,329,1,0,1,1,1,1,1
9,330,1,0,1,1,1,1,1
9,331,0,0,0,0,0,0,0
9,332,0,0,0,0,0,0,0
9,333,0,0,0,0,0,0,0
9,334,1,0,1,1,1,1,1
9,335,0,0,0,0,0,0,0
9,336,1,0,1,1,1,1,1
9,337,0,0,0,0,2,0,2
9,338,0,0,0,0,0,0,0
9,339,1,0,1,1,1,1,2
9,340,2,0,2,2,2,2,2
9,341,1,0,1,1,1,1,1
9,342,2,0,2,2,2,2,2
9,343,2,0,2,2,2,2,2
9,344,2,0,2,2,2,2,2
9,345,2,0,2,2,2,2,2
9,346,2,0,2,2,2,2,2
9,347,2,0,2,2,2,2,2
9,348,2,0,2,2,2,2,2
9,349,2,0,2,2,2,2,2
9,350,1,0,1,1,1,1,1
9,351,1,0,1,1,1,1,1
9,352,1,0,1,1,1,1,1
9,353,2,0,2,2,2,2,2
9,354,2,0,2,2,2,2,2
9,355,2,0,2,2,2,2,2
9,356,0,0,0,0,0,0,0
9,357,1,0,1,1,1,1,1
9,358,0,0,0,0,0,0,0
9,359,0,0,0,0,0,0,0
9,360,0,0,1,0,1,1,2
9,361,1,0,1,1,1,1,1
9,362,1,0,1,1,1,1,1
9,363,0,0,0,0,0,0,0
9,364,1,0,1,1,1,1,1
9,365,0,0,0,0,0,0,0
9,366,0,0,2,2,2,2,2
9,367,0,0,0,0,0,0,0
9,368,0,0,0,0,0,0,0
9,369,0,0,0,0,0,0,0
9,370,0,0,0,0,0,0,0
9,371,2,0,2,2,2,2,2
9,372,2,0,0,0,0,0,2
9,373,1,0,1,1,1,1,1
9,374,2,0,2,2,2,2,2
9,375,2,0,2,2,2,2,2
9,376,1,0,1,1,1,1,1
9,377,0,0,0,0,0,0,0
9,378,2,0,2,2,2,2,2
9,379,1,0,2,2,2,2,2
9,380,1,0,1,1,1,1,1
9,381,0,0,0,0,0,0,0
9,382,2,0,2,2,2,2,2
9,383,1,0,1,1,1,1,1
9,384,0,0,2,0,2,2,2
9,385,2,0,2,2,2,2,2
9,386,1,0,1,1,1,1,1
9,387,1,0,1,1,1,1,1
9,388,2,0,2,2,2,2,2
9,389,0,0,0,0,0,0,0
9,390,1,0,1,1,1,1,1
9,391,2,0,2,2,2,2,2
9,392,1,0,1,1,1,1,1
9,393,2,0,2,1,1,2,2
9,394,2,0,2,2,2,2,2
9,395,0,0,0,0,0,0,0
9,396,2,0,2,2,2,2,0
9,397,0,0,0,0,0,0,0
9,398,2,0,2,2,2,2,2
9,399,2,0,2,2,2,2,2
9,400,2,0,2,2,2,2,2
9,401,2,0,2,2,2,2,2
9,402,0,0,0,0,0,0,0
9,403,2,0,2,2,2,2,2
9,404,1,0,2,2,2,0,2
9,405,0,0,2,2,2,2,2
9,406,2,0,2,2,2,2,2
9,407,0,0,0,0,0,0,0
9,408,0,0,0,2,0,0,2
9,409,1,0,1,1,1,1,1
9,410,1,0,1,1,1,1,1
9,411,2,0,0,0,0,0,2
9,412,1,0,1,1,1,1,1
9,413,1,0,1,1,1,1,1
9,414,1,0,1,1,1,1,1
9,415,2,0,2,2,2,2,2
9,416,2,0,2,2,2,2,0
9,417,2,0,2,2,2,2,2
9,418,0,0,0,0,0,0,0
9,419,0,0,0,0,0,0,0
9,420,2,0,0,0,0,0,2
9,421,0,0,0,0,0,0,0
9,422,1,0,1,0,1,1,2
9,423,2,0,2,2,2,2,2
9,424,1,0,1,1,1,1,1
9,425,0,0,0,0,0,0,0
9,426,2,0,2,2,2,2,2
9,427,1,0,1,1,1,1,1
9,428,0,0,0,0,0,0,0
9,429,2,0,2,2,2,2,2
9,430,2,0,2,2,2,0,2
9,431,1,0,1,1,1,1,1
9,432,0,0,0,0,0,0,0
9,433,0,0,0,0,0,0,0
9,434,0,0,0,0,0,0,0
9,435,1,0,1,1,1,1,1
9,436,0,0,0,0,0,0,0
9,437,1,0,1,1,0,0,2
9,438,1,0,2,2,2,2,2
9,439,0,0,0,0,0,0,0
9,440,0,0,0,0,0,0,0
9,441,1,0,0,0,0,0,2
9,442,0,0,0,0,0,0,0
9,443,2,0,2,2,2,2,2
9,444,1,0,1,1,1,1,1
9,445,2,0,2,2,2,2,2
9,446,2,0,2,2,2,2,2
9,447,2,0,2,2,2,2,2
9,448,2,0,2,2,2,2,2
9,449,0,0,0,1,0,0,2
9,450,2,0,2,2,2,2,2
9,451,0,0,0,0,0,0,0
9,452,1,0,2,1,2,2,2
9,453,2,0,2,2,2,2,2
9,454,0,0,0,0,0,0,2
9,455,0,0,2,2,2,2,2
9,456,0,0,0,0,0,0,0
9,457,1,0,0,1,0,0,2
9,458,1,0,1,1,1,1,1
9,459,1,0,2,2,2,2,2
9,460,2,0,2,2,2,2,2
9,461,2,0,2,2,2,2,2
9,462,1,0,1,1,1,1,1
9,463,1,0,1,1,1,1,1
9,464,2,0,2,2,2,2,2
9,465,0,0,0,0,0,0,0
9,466,2,0,2,2,2,2,2
9,467,2,0,2,2,2,2,2
9,468,2,0,0,0,0,1,2
9,469,2,0,2,2,2,2,2
9,470,2,0,2,2,2,2,2
9,471,1,0,1,1,1,1,1
9,472,0,0,0,0,0,0,0
9,473,0,0,0,0,0,0,0
9,474,1,0,1,0,1,1,2
9,475,0,0,0,1,0,0,2
9,476,1,0,2,0,0,2,2
9,477,2,0,2,2,2,2,2
9,478,1,0,1,1,1,1,1
9,479,0,0,0,0,0,0,0
9,480,2,0,2,2,2,2,2
9,481,1,0,2,0,2,2,2
9,482,1,0,2,0,2,2,2
9,483,2,0,2,2,2,2,2
9,484,2,0,2,2,2,2,2
9,485,2,0,2,2,2,2,2
9,486,0,0,0,0,0,0,0
9,487,0,0,0,2,0,0,2
9,488,1,0,0,0,0,1,2
9,489,1,0,1,1,1,1,1
9,490,2,0,2,2,2,2,2
9,491,2,0,2,2,2,2,2
9,492,1,0,1,1,1,1,1
9,493,1,0,2,2,2,2,1
9,494,0,0,2,2,2,2,2
9,495,1,0,1,1,1,1,1
9,496,0,0,1,2,2,1,2
9,497,0,0,0,0,0,0,0
9,498,1,0,1,1,1,1,1
9,499,2,0,2,2,2,2,2
9,500,0,0,0,0,0,0,0
9,501,2,0,2,2,2,2,2
9,502,0,0,0,0,0,0,0
9,503,1,0,2,2,2,2,2
9,504,2,0,2,2,2,2,2
9,505,0,0,0,0,0,0,0
9,506,1,0,1,1,1,1,1
9,507,1,0,1,1,1,1,1
9,508,2,0,2,2,2,2,2
9,509,2,0,1,1,0,1,2
9,510,0,0,0,0,0,0,0
9,511,2,0,0,1,0,0,0
9,512,0,0,0,0,0,0,0
9,513,2,0,2,2,2,2,2
9,514,1,0,1,1,1,1,1
9,515,1,0,1,1,1,1,1
9,516,0,0,1,0,1,1,2
9,517,0,0,0,0,0,0,0
9,518,2,0,2,2,2,2,2
9,519,1,0,1,1,1,1,1
9,520,1,0,1,2,1,1,2
9,521,0,0,1,0,0,1,1
9,522,1,0,1,1,1,1,1
9,523,2,0,2,2,2,2,2
9,524,1,0,1,1,1,1,1
9,525,1,0,1,1,1,1,1
9,526,0,0,0,0,0,0,0
9,527,2,0,2,2,2,2,2
9,528,1,0,1,1,1,1,1
9,529,0,0,0,0,0,0,0
9,530,0,0,0,0,0,0,0
9,531,1,0,1,1,1,1,1
9,532,1,0,1,1,1,1,1
9,533,0,0,0,0,0,0,0
9,534,0,0,0,0,0,1,2
9,535,2,0,2,2,2,2,2
9,536,1,0,1,1,1,1,1
9,537,2,0,2,2,2,2,2
9,538,2,0,2,2,2,2,2
9,539,2,0,2,2,2,2,2
9,540,2,0,2,2,2,2,2
9,541,0,0,0,0,0,0,0
9,542,2,0,2,2,2,2,2
9,543,0,0,0,0,0,0,0
9,544,0,0,0,0,0,0,0
9,545,2,0,1,2,1,1,2
9,546,1,0,1,1,1,1,1
9,547,0,0,0,0,0,0,0
9,548,1,0,1,1,1,1,1
9,549,1,0,1,1,1,1,1
9,550,0,0,0,0,0,0,0
9,551,1,0,1,1,1,1,1
9,552,0,0,0,0,0,0,0
9,553,1,0,1,1,1,1,1
9,554,0,0,0,0,0,0,2
9,555,0,0,0,0,0,0,0
9,556,0,0,0,0,0,0,0
9,557,2,0,2,2,2,2,2
9,558,0,0,0,0,0,0,2
9,559,0,0,0,0,0,0,0
9,560,1,0,1,1,1,1,1
9,561,1,0,1,1,1,1,1
9,562,2,0,2,2,2,2,2
9,563,2,0,2,2,2,2,2
9,564,1,0,1,1,1,1,1
9,565,1,0,1,1,1,1,1
9,566,0,0,0,0,0,0,0
9,567,2,0,2,2,2,2,2
9,568,0,0,0,0,0,0,0
9,569,1,0,1,1,1,1,1
9,570,1,0,1,1,1,1,1
9,571,2,0,0,2,2,0,2
9,572,2,0,2,2,2,2,2
9,573,0,0,0,0,0,0,0
9,574,0,0,0,1,0,1,2
9,575,1,0,1,1,1,1,1
9,576,0,0,0,0,0,0,0
9,577,0,0,2,2,2,2,2
9,578,1,0,1,1,1,1,1
9,579,0,0,0,0,0,0,0
9,580,2,0,2,2,2,2,2
9,581,0,0,0,0,0,0,0
9,582,0,0,0,0,0,0,0
9,583,0,0,0,2,2,0,1
9,584,0,0,0,0,0,0,0
9,585,1,0,1,1,1,1,1
9,586,0,0,0,0,0,0,0
9,587,2,0,2,2,2,2,2
9,588,0,0,0,0,0,0,0
9,589,2,0,0,0,0,0,1
9,590,1,0,1,1,1,1,1
9,591,2,0,2,2,2,2,2
9,592,2,0,2,1,2,2,2
9,593,2,0,2,2,2,2,2
9,594,1,0,1,1,1,1,1
9,595,1,0,1,1,1,1,1
9,596,2,0,2,2,2,2,2
9,597,1,0,2,2,2,2,2
9,598,1,0,1,1,1,1,1
9,599,0,0,0,0,0,0,0
9,600,0,0,0,0,0,0,0
9,601,2,0,2,2,2,2,2
9,602,2,0,2,2,2,2,2
9,603,1,0,1,1,1,1,1
9,604,0,0,0,0,0,0,0
9,605,0,0,0,0,0,0,0
9,606,2,0,0,0,1,0,2
9,607,0,0,0,0,0,0,2
9,608,1,0,1,1,1,1,1
9,609,0,0,0,0,0,0,0
9,610,1,0,1,1,1,1,1
9,611,1,0,1,1,1,1,1
9,612,1,0,1,1,1,1,1
9,613,0,0,0,0,0,0,0
9,614,0,0,0,0,0,0,0
9,615,1,0,1,1,1,1,1
9,616,2,0,2,2,2,2,2
9,617,1,0,1,1,1,1,1
9,618,1,0,1,1,1,1,1
9,619,1,0,1,1,1,1,1
9,620,1,0,1,1,1,1,1
9,621,0,0,0,0,0,0,0
9,622,1,0,1,1,1,1,1
9,623,1,0,1,1,1,1,1
9,624,0,0,0,0,0,0,0
9,625,1,0,1,1,1,1,1
9,626,1,0,1,1,1,1,1
9,627,1,0,1,1,1,1,1
9,628,0,0,0,0,0,0,0
9,629,1,0,1,1,1,1,1
9,630,0,0,0,0,0,0,0
9,631,2,0,2,2,2,2,2
9,632,0,0,1,1,2,1,2
9,633,2,0,2,2,2,2,2
9,634,1,0,2,2,2,2,2
9,635,2,0,2,2,2,2,2
9,636,1,0,1,1,1,1,1
9,637,1,0,0,0,0,0,2
9,638,0,0,0,0,0,0,0
9,639,1,0,1,1,1,1,1
9,640,0,0,0,0,0,0,0
9,641,2,0,2,2,2,2,2
9,642,2,0,2,2,2,2,2
9,643,0,0,0,0,0,0,0
9,644,2,0,2,2,2,2,2
9,645,1,0,1,1,1,1,1
9,646,0,0,0,0,0,0,0
9,647,0,0,0,0,0,0,0
9,648,0,0,0,0,2,0,2
9,649,1,0,2,0,0,2,2
9,650,0,0,0,0,0,0,0
9,651,0,0,0,0,0,0,0
9,652,0,0,0,0,0,0,0
9,653,0,0,0,0,0,0,0
9,654,0,0,0,0,0,0,0
9,655,1,0,1,1,1,1,1
9,656,2,0,2,2,2,2,2
9,657,0,0,0,0,0,0,0
9,658,1,0,1,1,1,1,1
9,659,1,0,1,1,1,1,1
9,660,1,0,1,1,1,1,1
9,661,2,0,2,2,2,2,2
9,662,2,0,2,2,2,2,2
9,663,0,0,0,0,0,0,0
9,664,0,0,0,0,0,0,0
9,665,1,0,1,1,1,1,1
9,666,1,0,1,1,1,1,1
9,667,0,0,0,0,0,0,0
9,668,0,0,2,1,1,2,2
9,669,0,0,0,0,0,0,2
9,670,1,0,1,1,1,1,1
9,671,0,0,0,0,0,0,0
9,672,0,0,0,0,0,0,0
9,673,1,0,1,1,1,1,1
9,674,1,0,1,1,1,1,1
9,675,2,0,2,0,0,2,2
9,676,1,0,1,1,1,1,1
9,677,2,0,2,2,2,2,2
9,678,0,0,0,2,0,0,2
9,679,1,0,1,1,1,1,1
9,680,2,0,2,2,2,2,2
9,681,0,0,0,0,0,0,0
9,682,1,0,1,1,1,1,1
9,683,0,0,0,0,0,0,0
9,684,1,0,1,1,1,1,1
9,685,0,0,0,0,0,0,0
9,686,2,0,2,2,2,2,2
9,687,2,0,2,2,2,2,2
9,688,0,0,0,0,0,0,0
9,689,2,0,2,2,2,2,2
9,690,2,0,2,2,2,2,2
9,691,2,0,1,1,1,1,2
9,692,1,0,0,0,1,2,2
9,693,0,0,0,0,0,0,0
9,694,0,0,0,0,0,0,0
9,695,0,0,0,0,0,0,0
9,696,1,0,1,1,1,1,1
9,697,0,0,0,0,0,0,0
9,698,2,0,2,2,2,2,2
9,699,2,0,2,2,2,2,2
9,700,2,0,2,2,2,2,2
9,701,0,0,0,0,0,0,0
9,702,0,0,0,0,0,0,0
9,703,1,0,1,1,1,1,1
9,704,0,0,0,0,0,0,0
9,705,0,0,0,0,0,0,0
9,706,2,0,2,2,2,2,2
9,707,0,0,0,0,0,0,0
9,708,2,0,2,2,2,2,2
9,709,2,0,2,2,2,2,2
9,710,2,0,2,2,2,0,2
9,711,2,0,2,2,2,2,2
9,712,1,0,1,1,1,1,1
9,713,2,0,2,2,2,2,2
9,714,2,0,2,2,2,2,2
9,715,2,0,1,0,1,0,2
9,716,2,0,2,2,2,2,2
9,717,2,0,2,2,2,2,2
9,718,1,0,1,1,1,1,1
9,719,1,0,1,1,1,1,1
9,720,2,0,2,2,2,2,2
9,721,2,0,2,2,2,2,2
9,722,2,0,2,2,2,2,2
9,723,0,0,0,0,0,0,0
9,724,1,0,1,1,1,1,1
9,725,1,0,1,1,1,1,1
9,726,2,0,2,2,2,2,2
9,727,2,0,2,2,2,2,2
9,728,2,0,2,2,2,2,2
9,729,0,0,0,0,0,0,0
9,730,0,0,0,0,0,0,0
9,731,0,0,0,0,0,0,0
9,732,2,0,2,2,2,2,2
9,733,1,0,1,1,1,1,1
9,734,1,0,1,1,1,1,1
9,735,0,0,0,0,0,0,0
9,736,2,0,2,2,2,2,2
9,737,2,0,2,2,2,2,2
9,738,2,0,2,2,2,2,2
9,739,1,0,1,1,1,1,1
9,740,1,0,1,1,1,1,1
9,741,0,0,0,0,0,0,0
9,742,1,0,0,0,0,0,2
9,743,2,0,2,2,0,0,0
9,744,0,0,0,0,0,0,0
9,745,0,0,0,2,0,2,2
9,746,1,0,1,1,1,1,1
9,747,2,0,2,2,2,2,2
9,748,1,0,1,1,1,1,1
9,749,0,0,0,0,0,0,0
9,750,2,0,0,0,0,0,2
9,751,0,0,1,0,1,2,2
9,752,1,0,0,2,2,2,2
9,753,0,0,0,0,0,0,0
9,754,2,0,2,2,2,2,2
9,755,2,0,2,2,2,2,2
9,756,1,0,1,1,1,1,1
9,757,2,0,2,2,2,2,2
9,758,0,0,0,0,0,0,0
9,759,1,0,1,1,1,1,1
9,760,0,0,0,0,0,0,0
9,761,1,0,1,1,1,1,1
9,762,2,0,2,2,2,2,2
9,763,1,0,1,1,1,1,1
9,764,1,0,1,1,1,1,1
9,765,1,0,1,1,1,1,1
9,766,0,0,0,0,0,0,0
9,767,2,0,2,2,2,2,2
9,768,2,0,0,0,0,0,2
9,769,2,0,2,2,2,2,2
9,770,0,0,0,0,0,0,0
9,771,1,0,1,1,1,1,1
9,772,0,0,0,0,0,0,0
9,773,2,0,2,2,2,2,2
9,774,0,0,0,0,0,0,0
9,775,2,0,0,0,0,0,2
9,776,0,0,0,0,0,0,0
9,777,2,0,2,2,2,2,2
9,778,2,0,2,2,2,2,2
9,779,0,0,2,2,2,2,2
9,780,2,0,2,2,2,2,2
9,781,0,0,0,0,0,0,0
9,782,1,0,1,1,1,1,1
9,783,0,0,0,0,0,0,0
9,784,0,0,2,0,2,2,2
9,785,2,0,2,2,2,2,2
9,786,1,0,1,1,1,1,1
9,787,0,0,0,0,0,0,2
9,788,1,0,1,1,1,1,1
9,789,2,0,2,2,2,2,2
9,790,2,0,2,2,2,2,2
9,791,2,0,1,1,1,1,2
9,792,2,0,2,2,2,2,2
9,793,1,0,1,1,1,1,1
9,794,0,0,2,2,2,2,2
9,795,1,0,1,1,1,1,1
9,796,0,0,0,0,0,0,0
9,797,2,0,2,2,2,2,2
9,798,1,0,1,1,1,1,1
9,799,2,0,2,2,2,2,2
9,800,0,0,0,0,0,0,2
9,801,0,0,2,2,2,2,2
9,802,0,0,0,0,0,0,0
9,803,1,0,1,1,1,1,1
9,804,2,0,2,2,2,2,2
9,806,2,0,2,2,2,2,2
9,807,0,0,0,0,0,0,0
9,808,2,0,2,2,2,2,2
9,809,2,0,1,1,0,1,2
9,810,1,0,1,1,1,1,1
9,811,2,0,0,2,2,2,2
9,812,1,0,1,1,1,1,1
9,813,0,0,0,0,0,0,0
9,814,1,0,1,1,1,1,1
9,815,0,0,2,1,2,2,2
9,816,1,0,1,1,1,1,2
9,817,0,0,0,0,0,0,0
9,818,1,0,1,1,1,1,1
9,819,2,0,2,2,2,2,2
9,820,1,0,1,1,1,1,1
9,821,1,0,2,0,2,0,2
9,822,1,0,1,1,1,1,1
9,823,1,0,1,1,1,1,1
9,824,1,0,1,1,1,1,1
9,825,2,0,2,0,2,2,2
9,826,2,0,2,2,2,0,2
9,827,1,0,1,1,1,1,1
9,828,2,0,0,0,0,0,0
9,829,0,0,0,0,0,0,0
9,830,0,0,0,0,0,0,0
9,831,1,0,1,1,1,1,1
9,832,2,0,0,2,0,0,2
9,833,0,0,0,0,0,0,0
9,834,2,0,2,2,2,2,2
9,835,1,0,1,1,1,1,1
9,836,2,0,2,2,2,2,2
9,837,1,0,1,1,1,1,1
9,838,0,0,0,0,0,0,0
9,839,1,0,1,1,1,1,1
9,840,1,0,1,1,1,1,1
9,841,2,0,2,2,2,2,2
9,842,1,0,0,1,2,0,2
9,843,0,0,0,0,0,0,0
9,844,2,0,2,2,2,2,2
9,845,2,0,2,2,2,2,2
9,846,0,0,0,0,0,0,0
9,847,2,0,2,2,2,2,2
9,848,0,0,0,2,0,1,2
9,849,0,0,0,0,0,0,2
9,850,1,0,1,1,1,1,1
9,851,1,0,1,1,1,1,1
9,852,2,0,2,2,2,2,2
9,853,1,0,1,1,1,1,2
9,854,0,0,0,0,0,0,0
9,855,2,0,0,1,0,2,2
9,856,1,0,1,1,1,1,1
9,857,2,0,2,0,2,2,2
9,858,0,0,1,0,1,1,2
9,859,2,0,0,0,1,1,2
9,860,1,0,1,1,1,1,1
9,861,2,0,2,2,2,2,2
9,862,2,0,2,2,2,2,2
9,863,0,0,0,0,0,0,0
9,864,1,0,1,1,1,1,1
9,865,0,0,0,0,0,2,2
9,866,2,0,2,2,2,2,2
9,867,1,0,1,1,1,1,1
9,868,0,0,0,0,0,0,0
9,869,1,0,1,1,1,1,1
9,870,1,0,1,1,1,1,1
9,871,1,0,1,1,1,1,1
9,872,1,0,1,1,1,1,1
9,873,0,0,0,0,0,0,0
9,874,0,0,0,0,0,0,0
9,875,1,0,1,1,1,1,1
9,876,1,0,1,1,1,1,1
9,877,0,0,0,0,0,0,0
9,878,1,0,1,1,1,1,1
9,879,0,0,0,0,0,0,0
9,880,1,0,1,1,1,1,1
9,881,1,0,1,1,1,1,1
9,882,0,0,0,0,0,0,0
9,883,0,0,0,0,0,0,0
9,884,1,0,0,0,1,0,2
9,885,2,0,2,2,2,2,2
9,886,0,0,0,0,0,0,0
9,887,2,0,0,2,0,0,2
9,888,1,0,1,1,1,1,1
9,890,2,0,2,2,2,2,2
9,891,2,0,2,2,2,2,2
9,892,2,0,2,2,2,2,2
9,893,1,0,1,1,1,1,1
9,894,2,0,2,2,2,2,2
9,895,2,0,2,2,2,2,2
9,896,1,0,1,1,1,1,1
9,897,0,0,1,1,1,1,2
9,898,0,0,0,2,1,0,2
9,899,0,0,0,0,0,0,0
9,900,0,0,0,0,0,0,0
9,901,0,0,0,0,0,0,0
9,902,1,0,1,1,1,1,2
9,903,0,0,0,0,0,0,0
9,904,2,0,2,2,2,2,2
9,905,0,0,0,0,0,0,0
9,906,1,0,1,1,1,1,1
9,907,0,0,0,0,0,0,0
9,908,2,0,2,2,2,2,2
9,909,2,0,2,2,2,2,2
9,910,0,0,0,0,0,0,0
9,911,0,0,0,0,0,0,0
9,912,0,0,0,0,0,0,0
9,913,1,0,1,1,1,1,1
9,914,1,0,1,1,1,1,1
9,915,2,0,2,2,2,2,2
9,916,0,0,0,0,0,0,0
9,917,1,0,0,0,2,0,2
9,918,1,0,1,1,1,1,1
9,919,2,0,2,2,2,2,2
9,920,1,0,1,1,1,1,1
9,921,1,0,1,1,1,1,1
9,922,2,0,2,2,2,2,2
9,923,0,0,0,0,0,0,0
9,924,2,0,2,2,2,2,2
9,925,1,0,1,1,1,1,1
9,926,1,0,1,1,1,1,1
9,927,1,0,1,1,1,1,1
9,928,2,0,2,2,2,2,2
9,929,1,0,1,1,1,1,1
9,930,0,0,0,0,0,0,0
9,931,2,0,2,2,2,2,2
9,932,2,0,2,2,2,2,2
9,933,2,0,2,2,2,2,2
9,934,1,0,1,1,1,1,1
9,935,0,0,0,0,0,0,0
9,936,0,0,0,0,0,0,0
9,937,2,0,2,2,2,2,2
9,938,1,0,1,1,1,1,1
9,939,2,0,2,2,2,2,2
9,940,1,0,1,1,1,1,1
9,941,0,0,0,0,0,0,0
9,942,1,0,1,1,1,1,1
9,943,2,0,2,2,2,2,2
9,944,2,0,2,2,2,2,2
9,945,2,0,2,2,2,2,2
9,946,2,0,2,2,2,2,2
9,947,2,0,2,2,2,2,2
9,948,2,0,2,2,2,2,2
9,949,2,0,2,2,2,2,2
9,950,1,0,1,1,1,1,1
9,951,2,0,2,2,2,2,2
9,952,2,0,2,2,2,2,2
9,953,2,0,2,2,2,2,2
9,954,0,0,0,0,0,0,0
9,955,1,0,1,1,1,1,1
9,956,2,0,2,2,2,2,2
9,957,2,0,2,2,2,2,2
9,958,0,0,0,0,0,0,0
9,959,0,0,0,0,0,0,0
9,960,2,0,2,2,2,2,2
9,961,2,0,2,2,2,2,2
9,962,0,0,0,0,0,0,0
9,963,2,0,2,2,2,2,2
9,964,0,0,0,0,0,0,0
9,965,1,0,1,1,1,1,1
9,966,2,0,2,2,2,2,2
9,967,1,0,1,1,1,1,1
9,968,0,0,0,0,0,0,0
9,969,1,0,1,1,1,1,1
9,970,1,0,1,1,1,1,1
9,971,2,0,2,2,2,2,2
9,972,0,0,0,0,0,0,0
9,973,2,0,2,2,2,2,2
9,974,0,0,0,0,0,0,0
9,975,2,0,2,2,2,2,2
9,976,0,0,0,0,0,0,0
9,977,1,0,1,1,1,1,1
9,978,2,0,1,2,0,1,2
9,979,2,0,2,2,2,2,2
9,980,0,0,0,0,0,0,0
9,981,1,0,1,1,1,1,1
9,982,2,0,2,2,2,2,2
9,983,2,0,2,2,2,2,2
9,984,0,0,0,0,0,2,2
9,985,2,0,2,2,2,2,2
9,986,2,0,2,2,2,2,2
9,987,0,0,0,0,0,0,0
9,988,2,0,2,2,2,2,2
9,989,0,0,0,2,0,0,2
9,990,1,0,1,1,1,1,1
9,991,1,0,1,1,1,1,1
9,992,2,0,2,2,2,2,2
9,993,2,0,2,2,2,2,2
9,994,0,0,0,0,0,0,0
9,995,1,0,1,1,1,1,1
9,996,2,0,2,2,2,2,2
9,997,0,0,0,0,0,0,0
9,998,0,0,0,0,0,0,0
9,999,0,0,0,0,0,0,0
9,1000,1,0,1,1,1,1,1
9,1001,1,0,1,1,1,1,1
9,1002,1,0,2,2,2,2,2
9,1003,1,0,2,0,2,2,2
9,1004,0,0,0,0,0,0,0
9,1005,1,0,2,2,2,2,2
9,1006,1,0,1,1,1,1,1
9,1007,0,0,0,0,0,0,0
9,1008,1,0,1,1,1,1,1
9,1009,2,0,2,2,2,2,2
9,1010,1,0,1,1,1,1,1
9,1011,2,0,2,2,2,2,2
9,1012,0,0,0,0,0,0,0
9,1013,0,0,2,0,1,2,2
9,1014,0,0,2,0,2,2,2
9,1015,1,0,1,1,1,1,1
9,1016,0,0,0,0,0,0,0
9,1017,0,0,0,0,0,0,0
9,1018,0,0,0,0,0,0,0
9,1019,2,0,2,2,2,2,2
9,1020,0,0,0,0,0,0,0
9,1021,2,0,2,2,2,2,0
9,1022,2,0,2,2,2,2,2
9,1023,0,0,0,0,0,2,2
9,1024,0,0,0,0,0,0,0
9,1025,2,0,2,2,2,2,2
9,1026,1,0,0,0,2,2,2
9,1027,1,0,1,1,1,1,1
9,1028,2,0,2,2,2,2,2
9,1029,2,0,2,2,2,2,2
9,1030,0,0,0,0,0,0,0
9,1031,1,0,1,1,1,1,1
9,1032,2,0,2,2,2,2,2
9,1033,0,0,0,0,0,0,0
9,1034,2,0,2,2,2,2,2
9,1035,0,0,0,2,2,0,2
9,1036,0,0,0,0,0,0,0
9,1037,1,0,2,2,2,2,2
9,1038,1,0,1,1,1,1,1
9,1039,2,0,2,2,2,2,2
9,1040,2,0,0,1,1,2,2
9,1041,2,0,2,2,2,2,2
9,1042,0,0,0,0,0,0,1
9,1043,1,0,1,1,1,1,1
9,1044,2,0,2,2,2,2,2
9,1045,1,0,1,1,1,1,1
9,1046,1,0,1,1,1,1,1
9,1047,2,0,1,2,1,1,1
9,1048,0,0,2,2,2,2,2
9,1049,0,0,0,0,0,0,0
9,1050,0,0,0,0,0,0,0
9,1051,0,0,0,0,0,0,0
9,1052,2,0,0,0,1,0,2
9,1053,1,0,1,2,1,1,1
9,1054,2,0,2,2,2,2,2
9,1055,0,0,2,2,2,2,1
9,1056,0,0,0,0,0,0,0
9,1057,1,0,1,1,1,1,1
9,1058,1,0,1,1,1,1,1
9,1059,2,0,2,2,2,2,2
9,1060,2,0,2,2,2,2,2
9,1061,0,0,0,0,0,0,0
9,1062,0,0,0,0,0,0,0
9,1063,0,0,0,0,0,0,0
9,1064,2,0,2,2,2,2,2
9,1065,2,0,1,0,1,1,2
9,1066,2,0,2,2,2,2,2
9,1067,1,0,1,1,1,1,1
9,1068,0,0,0,0,0,0,0
9,1069,1,0,1,1,1,1,1
9,1070,2,0,2,2,2,2,2
9,1071,2,0,2,2,2,2,2
9,1072,2,0,2,2,2,2,2
9,1073,0,0,1,1,1,2,2
9,1074,1,0,1,1,1,1,1
9,1075,1,0,1,1,1,1,1
9,1076,2,0,2,2,2,2,2
9,1077,0,0,0,0,0,0,0
9,1078,0,0,0,0,0,0,0
9,1079,2,0,2,0,2,2,2
9,1080,2,0,0,0,0,0,2
9,1081,2,0,2,2,2,2,2
9,1082,1,0,1,1,1,1,1
9,1083,2,0,2,2,2,2,2
9,1084,2,0,2,2,2,2,2
9,1085,2,0,2,2,2,2,2
9,1086,0,0,2,2,0,2,2
9,1087,0,0,0,0,0,0,0
9,1088,2,0,2,2,2,2,2
9,1089,0,0,0,0,0,0,2
9,1090,0,0,2,2,2,0,0
9,1091,2,0,2,2,2,2,2
9,1092,1,0,1,1,1,1,1
9,1093,0,0,0,0,0,0,0
9,1094,2,0,1,1,1,1,2
9,1095,1,0,1,1,1,1,1
9,1096,2,0,0,0,0,0,2
9,1097,0,0,0,0,0,0,0
9,1098,2,0,2,2,2,2,2
9,1099,2,0,2,2,2,2,1
